Time (ms),Accelerometer x (m/s2),Accelerometer y (m/s2),Accelerometer z (m/s2),Gyroscope x (rad/s),Gyroscope y (rad/s),Gyroscope z (rad/s),Magnetic field x (uT),Magnetic field y (uT),Magnetic field z (uT),Orientation Yaw (deg),Orientation Pitch (deg),Orientation Roll (deg),GPS Latitude (deg),GPS Longitude (deg),GPS Altitude (km),GPS Velocity (km/hr),GPS Heading (deg),GPS Accuracy (m),Satellites
0,0.63572060452282,0.9098493332181812,-10.00284046899894,0.002105528782587587,0.0030362155830365644,-0.0010800569479824306,23.772505436230695,24.47049654545148,30.05620381514911,44.98770881318413,1.0658429053629401,4.128114915929871,28.55626037912148,77.24001421376225,0.0,0.0,46.17964488066712,5.7928477626398704,8.0
100,0.5131088006306967,0.2728403752950303,-10.640341688746803,0.0008217728833732714,0.017205319863466725,0.13486590905318765,26.30847617950722,27.327057173623338,29.315621616176898,44.99753649512863,1.0658429053629401,4.128114915929871,28.5562712768352,77.24002662768588,0.0,0.0,47.506352000098154,1.316766769614969,12.0
200,0.23350920811239195,0.8120294187699071,-9.610819238808565,0.012396075935181855,0.0050553578637309166,0.2559725500509894,22.5998338980503,22.372785919560798,27.256594056214812,46.331150268184565,1.0658429053629401,4.128114915929871,28.556294433991756,77.24003759742406,0.0,0.0,47.31571102568471,2.667777841660736,12.0
300,0.5305297023067307,0.34144026621588386,-9.868208693479644,0.010297220543609063,0.0056918152590776615,0.22935598996798706,24.21006118844732,26.30812947050428,31.22936820598207,47.680839157750654,1.0658429053629401,4.128114915929871,28.556324646941455,77.23998405798014,0.0,0.31446487069680107,48.135066086854835,2.8570799768275243,11.0
400,-0.11759310188795019,1.1221454387625627,-9.970971197450663,0.008947082502819639,0.008360797158108842,0.2436816228748164,23.818277062368704,25.032665313647797,28.201747777588977,49.03877800272837,1.0658429053629401,4.128114915929871,28.55628256307725,77.2400494731414,0.0,0.5257746605503905,49.39784326780369,3.53755233360832,6.0
500,0.20511604164855837,0.7463884385712107,-9.784663345315147,-0.0034299885259664042,0.02243880359996776,0.2465384595018768,19.74240405344947,26.02413599625052,30.381717857073404,50.392824108424634,1.0658429053629401,4.128114915929871,28.556291426912246,77.24000223060595,0.0,0.45872264288345366,54.84913366422339,2.9791541346278216,9.0
600,-0.2967455093574701,0.9810691315829828,-9.430387200338487,-0.01064862631918842,-0.0016814024977306087,0.22999043840971045,26.06329902065632,29.238695521316956,29.642082718923454,51.74724903738757,1.0658429053629401,4.128114915929871,28.556305440452803,77.24002168433407,0.0,0.0,50.07532721213916,4.221732033241311,8.0
700,-0.016000894504561602,0.23678490023912718,-9.68126514793962,0.001473775113960421,0.0034550202399638574,0.2458230135947205,24.350547286892905,29.52967606725364,28.254863809915626,53.10646323816738,1.0658429053629401,4.128114915929871,28.556249170034647,77.24002602570329,0.0,1.3416300449993381,53.71477123965638,1.0331651974442453,9.0
800,-0.2006378638064029,0.49848891119730565,-9.577700611345966,0.0043851921787038135,0.017423312368695248,0.24369538198394758,20.482167278346957,35.189810826737116,30.44345164034761,54.46323395694571,1.0658429053629401,4.128114915929871,28.556264286207224,77.23998107318003,0.0,0.0,52.74312815941656,2.8975192718791596,9.0
900,0.42374015135694676,0.5108791419407596,-9.702280430522153,0.0033986531948778757,0.012975752142264995,0.24991281347308128,22.127220936173657,29.84828432691304,27.512026336921156,55.823871846114024,1.0658429053629401,4.128114915929871,28.556316063886,77.24004897176526,0.0,0.0,55.13967622575454,0.4239245675232697,9.0
1000,0.33631647849463414,0.4372475771537936,-10.130150434578729,-0.005566061463511693,-0.02253242497630829,0.23349100278405505,18.07409190439957,29.09350638099007,31.606802772209388,57.17929915697935,1.0658429053629401,4.128114915929871,28.556266461739156,77.24002799265728,0.0,0.0,54.62694469462027,4.623552623839867,11.0
1100,0.16077451972432855,0.8663186359628734,-9.649713943868472,-0.002557677503079279,0.012798344095032017,0.2250225126687888,18.83154460578808,31.191525253435458,33.143252349653466,58.54061679210237,1.0658429053629401,4.128114915929871,28.556333171961693,77.24001501178243,0.0,0.0,59.541292696155416,2.2374829040753506,9.0
1200,0.13337529850906737,0.2129892096694478,-9.592333631075537,-0.006940537172381983,-0.0033322468783769524,0.25112810048210443,13.702100895789354,27.197551201514603,24.366200949705917,59.88901678673752,1.0658429053629401,4.128114915929871,28.556293186892397,77.23996405045946,0.0,0.16165950677686472,62.55689136377039,1.4702773613708304,12.0
1300,0.29428526820349543,0.8884324621717763,-9.83770434355809,-0.0008439412004935397,0.015421416814933989,0.2221630165436786,15.420891393462941,29.821959260728384,30.558714516257044,61.24513155893746,1.0658429053629401,4.128114915929871,28.55631841758936,77.23996540849755,0.0,0.4350590696890221,59.25338758323217,3.9506240427871555,7.0
1400,-0.120880557645173,0.15851483756643325,-9.558307956759913,-0.00041884654103726215,0.0022249699752096303,0.2438179521347543,17.194101513139877,31.086665965995508,30.002821053868413,62.604330244734236,1.0658429053629401,4.128114915929871,28.556280968093798,77.24003299006827,0.0,0.0,62.60583640472852,1.9123242014008217,6.0
1500,0.5060963444042338,0.9684202030428417,-9.410660372558915,-0.005146855069550945,0.001796435602537509,0.2425201704488784,13.138771203899916,33.0067156284324,27.995304923191487,63.963364187357705,1.0658429053629401,4.128114915929871,28.556307402736483,77.23998945594661,0.0,0.3493412173893138,62.64341413600905,2.4287635141114956,6.0
1600,0.4853747557981091,0.7944626391640452,-9.671642570092313,-0.010996334966990842,0.006961166684250942,0.23837266935516818,14.167320511565086,31.148008999584917,30.20809898089349,65.32991370160114,1.0658429053629401,4.128114915929871,28.556314866880818,77.23998931148728,0.0,0.32800002643375537,66.66855999843041,0.6210055253894726,9.0
1700,0.15241166589219615,0.4921153631516699,-9.165847476351027,-0.004683150773467769,0.004706341312399552,0.24871716419527845,14.856444908046404,34.62472125408689,25.348149121460217,66.68251933972923,1.0658429053629401,4.128114915929871,28.556305931887774,77.24002657969498,0.0,0.0,66.38834563645445,3.99292724386396,11.0
1800,0.3331687707843262,0.2852502025980331,-9.3626145502388,0.01008054316225021,0.002109064819886893,0.24665927791182535,15.228621845830439,31.142187340866116,29.025374881767398,68.01211313097458,1.0658429053629401,4.128114915929871,28.556288995281484,77.23996529974103,0.0,0.0,66.57229104117424,4.0162717581200145,13.0
1900,-0.38853389400416305,0.5654110732916577,-9.565742060525869,-0.006488951652646231,-0.012911168370688765,0.2489330101511716,10.512040746438132,32.23872566325257,28.14960080226019,69.36155697198144,1.0658429053629401,4.128114915929871,28.556328306844986,77.23993421062855,0.0,0.0,67.21599868163031,2.576575587497192,10.0
2000,0.37926535642166004,0.2439091132597218,-9.590611299308485,0.019619049605831138,0.009996906910554049,0.21368786678327606,12.997193154043677,33.34656769200852,29.346172854493492,70.696042078565,1.0658429053629401,4.128114915929871,28.556308169823335,77.24001100385065,0.0,0.041493891747635264,73.26461332802441,4.616483535648937,12.0
2100,0.08089361440235884,0.686861889251813,-9.8948330747434,0.0003211196969776195,-0.0013782659120993076,0.2277081842644204,13.777199528903969,34.578488473319474,27.47454438315368,72.05395948968466,1.0658429053629401,4.128114915929871,28.55630014693938,77.23995871015752,0.0,0.0,73.39722553129728,3.177199761660849,8.0
2200,0.1784568384042913,0.41697013478506434,-9.414124725829865,0.015871377918604997,0.009327991978285002,0.23262019262762923,9.662148221495743,32.98381501924526,24.449941753504415,73.4163941186653,1.0658429053629401,4.128114915929871,28.556323308342787,77.23998791633574,0.0,0.0,73.51027128799947,0.10604841081335703,6.0
2300,0.22844944803130696,0.3431049780569028,-9.560394104588104,-0.004394636405466714,-0.01060546935773524,0.23191482302509686,10.343457492350458,32.88719846237291,27.74112568304616,74.76410134260965,1.0658429053629401,4.128114915929871,28.556277210111872,77.23997825789752,0.0,0.0,74.14277895162566,1.598953508084612,12.0
2400,-0.2216401752524557,0.8151484714925197,-9.69180386662614,0.01774106591677904,0.00043516990124222495,0.23829151404784768,8.191425262241555,36.82847449180741,26.386785611474426,76.12328342256548,1.0658429053629401,4.128114915929871,28.556331787966112,77.24006902835116,0.0,0.2177614313901472,76.57879424517579,2.0286680432507747,13.0
2500,0.14652508908265202,0.5652938158436104,-10.154990485008092,0.012256659763735443,-0.017450834384901814,0.2497189583876901,6.098334803815565,36.01042613652829,25.481993730975546,77.47741503568228,1.0658429053629401,4.128114915929871,28.556291306804358,77.24004044437324,0.0,0.517142022518765,80.93252574377233,4.807612497851209,9.0
2600,-0.08376053038475403,0.6371384597226732,-9.693814996617444,-0.017140357757683567,0.008485586444834641,0.25600206265271847,3.805214965942275,31.357708533172342,27.836331163256197,78.83476862939413,1.0658429053629401,4.128114915929871,28.55630010856067,77.24005701902533,0.0,1.1404398492382466,79.13852467973254,5.443572745765939,12.0
2700,0.08597920262389533,0.8213925588967347,-9.507267037848331,0.003568198297318257,-0.013972987203964442,0.24270913815273398,8.190082578676266,34.019733060595755,25.456680436805776,80.17888222285112,1.0658429053629401,4.128114915929871,28.556250889368776,77.2399854447722,0.0,0.3284169094100322,82.27887408951018,3.8602471446119777,6.0
2800,-0.03886699218859174,0.3735124425925198,-9.946971196531216,0.008827477921193453,0.0024966478319412197,0.250626183248284,2.7497642582767496,34.143864708091854,27.26250475527808,81.5480740389746,1.0658429053629401,4.128114915929871,28.556320206844127,77.23999647825917,0.0,0.021359419901202378,84.69881020618143,4.518370056602741,11.0
2900,0.6841085676243982,0.30132501282685303,-9.821662586890668,0.0018267989755709605,-0.018564453861168725,0.13553918751543886,4.020734889675149,39.3450600333945,29.081485380603144,82.91568287542778,1.0658429053629401,4.128114915929871,28.55629246329247,77.24002228555705,0.0,0.0,86.77299219126516,3.827296738813577,9.0
3000,-0.02829945776524484,0.330856857813379,-9.549998309977372,0.012669666192888465,0.008613959878694394,0.010957842624843575,3.0102844413365526,33.97792001999085,30.393548412667283,82.92155197554628,1.0658429053629401,4.128114915929871,28.556255886052142,77.23998319485933,0.0,0.39088365848291656,84.32789847439265,6.607453829311781,11.0
3100,0.275715118093687,0.7379518097243776,-10.44850447866921,0.005357861664129027,-0.005439384556751446,0.000629535627870417,3.3935507091900483,33.46864991370153,26.583412800112292,82.9244335709762,1.0658429053629401,4.128114915929871,28.55632157910137,77.24001759056127,0.0,0.0,82.56110573112858,1.9089393068066107,6.0
3200,0.3810768045482552,0.5533945402587426,-9.659712842671722,0.011694857709990576,0.0062784804454475655,0.001411482360651067,2.692818720223376,36.09866281800918,27.070496284792306,82.91268092424113,1.0658429053629401,4.128114915929871,28.556302702506596,77.23999338110347,0.0,0.0,81.59690810824058,0.7206194836655211,12.0
3300,-0.29942459605319127,0.48617614656819186,-9.580476101500615,-0.005006196941125979,0.013905861996439759,-0.006027840902846935,1.8946507026412949,32.631829028803644,30.786968755205233,82.91640599027,1.0658429053629401,4.128114915929871,28.55628925606407,77.24000808543163,0.0,1.0638575217994863,81.84962436279832,3.4730253435832656,8.0
3400,-0.24625094476794954,0.1895537907092203,-9.513743681534118,-0.0039161623115494,0.00824371623936771,0.004445406172337057,4.299357107953134,34.186704740963854,30.37570664070616,82.91066945942465,1.0658429053629401,4.128114915929871,28.556288391087524,77.23995739737911,0.0,0.23763711338886692,86.2482399766828,2.940515811835535,12.0
3500,-0.21553687891759185,0.5127150046752479,-9.501863154885454,0.008557753435812977,0.0011016881531615715,-0.006666088412342939,3.836128472310607,36.64052200260731,27.059305318593474,82.90361708373442,1.0658429053629401,4.128114915929871,28.556344082461578,77.24000542207693,0.0,0.0,83.14714769974299,2.0876159189533094,11.0
3600,-0.8984537438671382,0.7367139772793254,-9.454769042603317,0.011085378334407491,0.00437749624680399,-0.0028452567778780033,3.0186270244739055,33.98075067587652,33.019334647253146,82.89757665081402,1.0658429053629401,4.128114915929871,28.556330808091484,77.23999436543194,0.0,0.23974812750634567,79.3632836332589,3.4631933675062028,11.0
3700,0.3260930211276867,1.2284625487741867,-9.881680769903388,0.0033350204273800256,0.0036527376496699165,-0.006532062830518655,3.0406119354403964,37.70941184729085,29.497446816443098,82.90627892171132,1.0658429053629401,4.128114915929871,28.55627511700272,77.23996069991134,0.0,0.1603823146052857,85.59502073696373,1.3245260458389345,9.0
3800,0.29822561605626724,0.5987032026592732,-9.26769070525726,0.005319005122186263,0.008732785315927073,-0.0025670226174288467,2.8847299895862046,32.2229153439133,27.72011944654873,82.89446127424058,1.0658429053629401,4.128114915929871,28.556326305162646,77.23998136363474,0.0,0.8579874973793999,83.11704601991194,2.080303448541141,11.0
3900,-0.15603312520529986,0.6825393376704108,-9.6851359855112,0.013360184909601301,-0.00017677761940774073,-0.008930062771736243,1.1159578969420174,30.447044748416285,26.703179471534533,82.88610693180036,1.0658429053629401,4.128114915929871,28.556307578944427,77.24000437065678,0.0,0.0,81.72059516687196,4.21571695338038,10.0
4000,-0.21834038491624871,1.1193945245237553,-9.662881018619693,-0.009058761714789264,0.007824320774622442,0.01791024875328397,0.9805605416051404,33.02280260767439,27.317465109025513,82.886880721697,1.0658429053629401,4.128114915929871,28.55627626319481,77.23999890524964,0.0,0.0,84.14201016225522,2.0763451248049267,7.0
4100,0.46616669880194095,0.15825819654128837,-10.082701113266845,-0.005354122990881157,0.0005862078270627378,0.0067733881496420565,6.9540696013889125,37.74052941949816,27.32826496289876,82.89621096354935,1.0658429053629401,4.128114915929871,28.556311154406618,77.23994935389582,0.0,0.08290979293372343,82.64989567882395,0.9804265612832799,13.0
4200,0.9029628149023087,0.8365834474159739,-9.843925063089005,-0.009867894923974194,0.0065518072999835985,0.01207430795515168,0.02102475390639924,34.271062525233184,29.32572013656959,82.87824731552104,1.0658429053629401,4.128114915929871,28.556307101290496,77.23998471285934,0.0,0.9689570007440174,81.05130544527482,5.758419637494645,8.0
4300,0.4774416240107522,0.46250336843432516,-9.87020890710166,-0.019025636974723363,0.012018972204564448,0.012314005819593105,3.2602643378586835,29.588901991635804,29.76406326803,82.88126759471977,1.0658429053629401,4.128114915929871,28.556298540404388,77.23999097708118,0.0,0.1752555761107912,82.6804073521358,4.143651120845847,7.0
4400,-0.09140609058359683,0.8561138722597745,-10.135089381582915,0.00012514353887759563,0.010398552757725995,0.004087565380765193,3.622235202215001,37.75552221571663,28.406229824233737,82.88978554266961,1.0658429053629401,4.128114915929871,28.55629547494609,77.24003022741677,0.0,0.6442695168342085,82.58173039349728,3.957176256149348,7.0
4500,0.21471788903182096,1.2501004322061298,-10.22998843323122,0.00681150308496471,0.00910468550828145,-0.00018833850742845703,6.145990493221738,32.38998941588699,28.069569224299038,82.8795719149003,1.0658429053629401,4.128114915929871,28.55630039498135,77.24000899501115,0.0,0.28124836241629425,83.01359697689996,1.8901122528026306,7.0
4600,-0.2143093317968194,1.006943597177023,-9.330111112172247,-0.006805786253382943,-0.00255503489329738,0.006630194348162267,2.2673574424036493,35.243280583017814,25.808145036064296,82.88339243910409,1.0658429053629401,4.128114915929871,28.556312008063088,77.2399795552675,0.0,0.0,83.6327051258308,3.2179614318994614,13.0
4700,-0.45594644857481714,0.013230564582260018,-9.783062736361785,0.00694273589043293,0.013405396868469852,0.008615820642667225,5.273585172377902,34.017046291087986,29.07078717472391,82.88582349737084,1.0658429053629401,4.128114915929871,28.55629926065706,77.23997650951085,0.0,0.0,83.03091703442861,1.2854106726529029,6.0
4800,0.2139414731397793,1.0087061734318583,-9.518509836572774,-0.012382833199224366,0.0009131810002486738,-0.018493064007896264,1.6559499879567388,33.386401732167876,26.7332013321777,82.88210891120617,1.0658429053629401,4.128114915929871,28.55630440992692,77.23996373638799,0.0,0.258932150898259,80.88426622162808,0.9617517783936456,11.0
4900,0.10196363834935476,1.1516387688824752,-9.8140972717604,0.009388584740623932,0.0048963401265924,0.015258935977527976,3.5527099203624855,33.48009731523762,26.65630683394167,82.87632257857283,1.0658429053629401,4.128114915929871,28.55629996916084,77.24003429195565,0.0,0.09858039268120257,79.78255243692003,5.349556738276756,12.0
5000,0.6536627051751522,0.2886663444720891,-9.59878647393772,0.014472431333315564,0.008376936301766124,0.046941512605571015,4.357398278557498,34.46399088936142,27.720671899271316,82.87116292608125,1.0658429053629401,4.128114915929871,28.556336723340618,77.2399968957591,0.0,0.0,80.90165313736098,3.3603983627021314,12.0
5100,0.45778517315524925,0.14573846600862994,-9.888960880130748,0.010015869739285699,0.004032679361005261,0.10502851233978365,5.468128905117504,34.65511207665108,26.94448780288011,83.45309868762097,1.0658429053629401,4.128114915929871,28.556287506220098,77.24000489581485,0.0,0.0,86.70594201324187,0.9276157816028987,11.0
5200,0.48903595520655907,0.4035680883265492,-9.416919026492902,0.016213546508890404,0.009069260222314298,0.10122588652316716,5.679273081082532,37.19452365928945,29.13017790637287,84.06167849962556,1.0658429053629401,4.128114915929871,28.55628259524454,77.23999287109132,0.0,0.4836484974544709,86.0890652362781,0.7320648543371098,10.0
5300,-0.12066110507265002,0.563802473267986,-9.785516667688034,0.004751719244901986,-0.0036486468229950534,0.10494902632569968,5.527232886826745,35.37920780793697,30.7340446262616,84.64710577895335,1.0658429053629401,4.128114915929871,28.556309931610937,77.23998276525992,0.0,0.0,84.09332236641359,5.414617230587593,13.0
5400,0.3232464356607689,0.8100677907497604,-9.594931008799692,0.001999947241482613,0.0018678656958982381,0.09609441629315915,3.7442388738564487,35.17756873944717,30.8236481420303,85.24946723193125,1.0658429053629401,4.128114915929871,28.55627642833429,77.23999151777335,0.0,0.0,85.46771389533939,6.077610149462302,10.0
5500,-0.0838241352572385,0.5980705647895687,-9.861095625583388,-0.007897403414205383,-0.0002032904169779635,0.09960801378552304,4.23149488609483,35.863844994550135,28.601135666205025,85.84396410358373,1.0658429053629401,4.128114915929871,28.55627868089036,77.23999969220706,0.0,0.1778574038755956,85.8917195222612,1.6917039269782477,9.0
5600,-0.20526002819318692,0.16653043464888995,-9.96790037396721,-0.004234646387160083,-0.0009515954926130011,0.11615622330502812,-0.6450879521123443,33.5887108027414,25.739369637848867,86.44776064835615,1.0658429053629401,4.128114915929871,28.556303137369326,77.24001667099763,0.0,0.0,90.82778481850636,2.2012404001715957,10.0
5700,-0.10948358400239519,0.8462211698441816,-9.524010489705885,-0.008176770929522268,-0.006513814855437074,0.10109669824296011,-1.1702689727722182,39.5017511816125,27.825827133230554,87.06514349905113,1.0658429053629401,4.128114915929871,28.556271576971213,77.24002281640087,0.0,0.0,89.2155374077494,4.611582322960797,12.0
5800,0.5349772580099087,0.7635095977958014,-9.976101126566098,-0.003146376509102663,-0.002360793589435633,0.10962992133095184,2.6295366743840005,35.6930184451742,28.589374586205903,87.65947679127603,1.0658429053629401,4.128114915929871,28.556336947312186,77.23999369857698,0.0,0.0,85.6152325658543,3.2182621158384688,9.0
5900,-0.1450989292468907,0.4513013730066522,-10.00796940134925,0.0093770539597712,-0.01443873942399173,0.11223228121169554,0.6672308813686223,34.20399797218933,29.816556883949175,88.25999768145627,1.0658429053629401,4.128114915929871,28.556308351978146,77.24002428201267,0.0,0.0,84.77723030719639,3.5451017643813794,10.0
6000,-0.4549596033470107,1.0744606085587285,-9.156000190311195,0.0027977180475018707,0.005865610294441975,0.11162147883219177,0.7401067861407397,34.586101400917144,28.293227883763837,88.869574198511,1.0658429053629401,4.128114915929871,28.55630772843988,77.24002430788124,0.0,0.0,89.23145679709341,1.5844028447253147,6.0
6100,0.4017002446246313,0.7631558015721854,-9.441959737848924,0.0033396120481509325,-0.01092148270870032,0.09710505350996369,0.16388742274934695,33.80595416490601,25.55232850283213,89.45785510287651,1.0658429053629401,4.128114915929871,28.556259296587495,77.240015179931,0.0,0.696013950641941,90.688135558143,1.7744932572248187,6.0
6200,0.15101864486362548,1.1886170939150777,-9.913833278000423,0.007716341487642317,-0.004564406365961479,0.10407133058084284,1.9187180644277748,37.26736646093235,27.383556568698285,90.07244318602919,1.0658429053629401,4.128114915929871,28.556287507015856,77.23997109398637,0.0,0.10577518569130646,93.9114226750793,2.99774737176159,8.0
6300,0.184695940674012,1.0744344321337729,-10.061721938469256,0.005190612641892652,0.030504846257868607,0.043994249753521446,-2.4495050867405066,37.542374169715465,27.654292821661606,90.69266252708664,1.0658429053629401,4.128114915929871,28.55628674125064,77.2399530651156,0.0,0.0,86.84935075794942,1.207793656681075,6.0
6400,-0.4858787532766822,0.6465080368655758,-9.72624173492746,-0.018722585586249518,0.007257482697346608,0.006548909288510686,-0.4504509294758765,34.693041783635216,29.71470737218161,90.68608594969734,1.0658429053629401,4.128114915929871,28.556291187581007,77.23994988624499,0.0,0.20795046065675285,92.840946558679,3.824844572385614,12.0
6500,-0.27537699272771354,0.45082427483044407,-9.735037745199644,0.007943958490944836,0.0021550588479941376,-0.009109749393943593,-1.4972379735912167,36.71632488020568,25.421815588541513,90.67990436503813,1.0658429053629401,4.128114915929871,28.556316787650825,77.24001893378212,0.0,0.7601486440206824,90.96043900079366,2.0537885711227615,8.0
6600,-0.15925397983281844,0.8648723262091128,-10.111525561343488,0.014826980317424757,0.009503362261782262,0.0023084002925848573,-3.3615833504283925,38.164146566641435,31.313703372949824,90.70055710110903,1.0658429053629401,4.128114915929871,28.556309393497997,77.2399816927924,0.0,0.4387414096595018,89.18944816061318,2.2764509724747652,6.0
6700,0.14315237741132525,0.5355037258988213,-9.686786865445725,-0.004172765253723692,0.013716829027738124,0.02655490809263187,-2.757119402617397,37.193421444985596,28.344399572510007,90.70223261263989,1.0658429053629401,4.128114915929871,28.556329548564715,77.23998502498269,0.0,0.0,92.44294653543149,3.235841171946937,8.0
6800,0.4991470313702927,0.7245644169664213,-9.803987516787014,0.0037175228697965425,0.005863367797519968,0.08389643501582758,0.5069867807605393,37.91318564577293,26.487702529339103,91.0693951221901,1.0658429053629401,4.128114915929871,28.55630556009369,77.24003092246188,0.0,0.0,89.63522277922345,4.116361459452809,8.0
6900,0.012709097143780435,0.4512154303292897,-9.204220553275443,-0.0017587983136967637,0.021543008555178475,0.06755183159740397,5.5989784576726525,36.60429296072241,26.532857437276203,91.42814753108516,1.0658429053629401,4.128114915929871,28.556263691732397,77.23999478721014,0.0,0.0,91.18283785989115,4.161978329931007,6.0
7000,0.1973315414025742,0.7951766315510579,-9.86063739356247,-0.009877963480354919,0.00021941655477782616,0.06649760075030638,-2.384261321543838,36.03646357950326,27.788052869707677,91.80575286776232,1.0658429053629401,4.128114915929871,28.556260985218156,77.23995934355618,0.0,0.0213397935750443,91.7745986846112,1.0379677079693597,13.0
7100,-0.0717831542493777,0.32068320641751036,-9.852477036891417,-0.007048158048128943,-0.008485684634181995,0.06788455737434858,-0.4724297677397793,36.49685963650028,28.37072140666095,92.17439555313355,1.0658429053629401,4.128114915929871,28.556323422270946,77.24002477864576,0.0,0.0,93.44177665141434,2.946699406203688,9.0
7200,-0.01851425358681441,0.6116681721301828,-9.556076757814692,-0.020398276420517603,0.008112920853695905,0.06610327871079656,-1.3137981163900878,37.34604173075784,27.24309526754637,92.53250016848119,1.0658429053629401,4.128114915929871,28.556314932883865,77.23994777101524,0.0,0.7413989657282452,91.75526569432226,2.4968926600234065,9.0
7300,0.6789544549273778,0.9984266491490155,-9.723792199632625,0.004692758074912647,0.0059462242896274435,0.07991767683100869,-2.289021918398768,37.85538133183975,28.732758075799847,92.88791956629964,1.0658429053629401,4.128114915929871,28.556285883847714,77.2399843418968,0.0,0.9163361635176779,94.10532521069254,3.688648230891706,12.0
7400,-0.1388938454452777,0.6357571520155839,-10.145486844405763,-0.0077281823996111195,-0.001186187975177516,0.059263362298116136,0.8581752481039666,35.777116353299895,30.14518439496912,93.27444089120708,1.0658429053629401,4.128114915929871,28.556320702660074,77.23999074041619,0.0,0.1960151135537841,95.92525988916087,1.3257920350613972,6.0
7500,0.43250049349874564,1.288299641927407,-9.699660472881712,-0.0022864901693732233,0.0042260741524177935,0.05341376101393328,-4.528802946040356,36.645796044774784,27.774582606495926,93.64972327463387,1.0658429053629401,4.128114915929871,28.556300289182783,77.24000798669196,0.0,0.17761002862736336,93.83873838579996,1.6069240242756009,6.0
7600,-0.18744480411771167,0.6346472349492545,-9.32950938201547,0.01500274241584185,0.006705371776136197,0.06838734778475167,-2.3738124120852775,33.93569749528487,33.16727752346403,94.01464203525082,1.0658429053629401,4.128114915929871,28.556300436390472,77.24005262820707,0.0,0.0,94.1765536735913,4.428011878152418,7.0
7700,0.27362673819611905,0.6761018330666041,-9.356409598127138,-0.002953057935979348,0.006224604474221979,0.07363287534705756,0.6793183027268288,36.64834087880194,26.47531626821702,94.36736254625558,1.0658429053629401,4.128114915929871,28.5563344781136,77.24000175196652,0.0,0.0,94.03195799204204,3.9656189105440625,7.0
7800,-0.24709160461355048,0.6072001192334849,-10.134042870985487,-0.003978676028237599,0.020260896846205446,0.06003574132903232,-4.278993769737117,33.49966561600951,30.42239595761176,94.7306976093321,1.0658429053629401,4.128114915929871,28.5563092488193,77.24002064862678,0.0,0.0,94.22050839874049,4.849649486476815,11.0
7900,-0.2525553020125406,0.49356926957684844,-9.52596876383108,0.011559927456321683,0.005672015910399827,0.06912251034205331,-0.7259694642370853,35.265571169046716,28.364058465132977,95.09032832400001,1.0658429053629401,4.128114915929871,28.556301362307682,77.24002004081133,0.0,0.5354667486515112,95.87072639970127,1.439152059255798,12.0
8000,0.7490512918252082,0.7649507240695604,-9.300125069571974,-0.00013280480817779708,-0.011024821115878106,0.07746791455207015,-2.1862526026181692,36.35293582211348,27.76200843939061,95.4640721426893,1.0658429053629401,4.128114915929871,28.556295713266675,77.24002389312753,0.0,0.15393084955266884,95.28791007703498,2.181751243922684,12.0
8100,0.8488989063616692,0.5568396195557852,-9.686921041616062,0.003163264741408621,-0.00369164117896961,0.08203673012930632,-6.485207393700254,35.757242191142105,32.98397771248872,95.84458221390663,1.0658429053629401,4.128114915929871,28.556291679825065,77.24003317084413,0.0,0.0,94.2566696253726,3.673833511677254,10.0
8200,0.034909443450630906,0.8237947456899918,-9.968687751735827,0.010621905059858591,-0.0012997011059876695,0.05148814189729946,-1.9179308394126235,36.278373159289636,25.764776892328417,96.19847226235541,1.0658429053629401,4.128114915929871,28.556296046587956,77.24003505357766,0.0,0.0,94.70910846397086,1.0020856072240782,7.0
8300,0.10729596052947354,0.7245642324583639,-10.233572120507626,0.0010472871761629235,0.0008516788363229001,0.03590072856443162,-2.2429445414988747,34.74391483544336,31.151729130053816,96.57667690507348,1.0658429053629401,4.128114915929871,28.556293755786214,77.2399811115652,0.0,0.21507649420351185,100.09418557434658,4.4776829950402135,11.0
8400,0.651723484037634,0.46902848258142454,-9.959492272847122,-0.011310344258957439,-0.011924230461068625,0.01783995610545911,-5.314932007935438,35.47038773861432,25.727190700775132,96.57562108679058,1.0658429053629401,4.128114915929871,28.556308020046266,77.23996117093641,0.0,0.0,96.7890136059352,6.830550517596965,11.0
8500,-0.4258996519815509,0.5827699391614358,-9.793390554929976,0.01720830253238287,0.006131935547308901,0.008618541253666782,-6.970975711342956,37.744810151751764,28.942326841051738,96.5876929858113,1.0658429053629401,4.128114915929871,28.55635047504391,77.23999557691295,0.0,0.9036286925090913,98.21587867661579,4.854619615734103,6.0
8600,0.5500525136954363,0.7119721277940656,-9.813581116264873,-0.0025210377412787197,-0.006022119962964981,0.00031434306697164776,-5.342269616096947,36.089879994897366,26.32107785651796,96.58889078459252,1.0658429053629401,4.128114915929871,28.556330282144597,77.23997984683804,0.0,1.577053046694836,93.13608094855931,3.645149581320016,11.0
8700,0.4257988588530691,0.8914365963531116,-9.99151379596278,0.01020631623836073,0.009931871667632625,0.0023270262518159225,-4.65110663058834,30.660475275442558,26.367050193581147,96.59064708765392,1.0658429053629401,4.128114915929871,28.556319583273286,77.24002519463546,0.0,0.6285079786308807,98.62162644553798,3.733608449884085,13.0
8800,0.17328950374862773,0.7264443872789549,-10.030581140623045,-0.0028132294052663903,0.009865678998006104,0.004125830307653057,-5.919608100327372,35.06122459927157,24.511891674270693,96.60755634891157,1.0658429053629401,4.128114915929871,28.556305364186088,77.24003774806562,0.0,0.0,93.59533452515088,4.03570615471577,12.0
8900,0.08407698904088276,1.3658227290707554,-9.339754041760472,0.008926267135055638,0.017670150850910837,-0.0012467030947003622,-5.036490742392704,39.46057772041084,27.060523643014047,96.6178333813427,1.0658429053629401,4.128114915929871,28.55633439880467,77.2399955033223,0.0,0.8696533398613389,96.1288119281454,0.7675614347554922,13.0
9000,0.03181466462550077,0.9366804732929934,-9.656073496168094,-0.008864845106564573,0.022198053758950467,0.007672254839788916,-9.252332114246386,32.92065416970429,26.848734646987502,96.61631666097168,1.0658429053629401,4.128114915929871,28.55625960103365,77.24004261338686,0.0,0.5864783401166735,96.78830882651788,3.7822381794452284,9.0
9100,0.43115325211404654,0.48319958381095435,-9.726282411451823,-0.006257820722475148,-0.01604120479431366,0.0005823821782818643,-2.8608411748161915,34.42278572125054,25.561735872098147,96.61514126137706,1.0658429053629401,4.128114915929871,28.556343477277935,77.24000231285873,0.0,1.3200865740861676,98.51561656470967,2.699271433973672,8.0
9200,0.4719800835774999,0.78102525007535,-10.169729899834978,-0.004104707880386607,0.0020044552148462498,0.008385368495841275,-2.7134052950644114,35.80194563932784,27.812026676816014,96.61708808364389,1.0658429053629401,4.128114915929871,28.55627280592843,77.24002402669451,0.0,0.2859096446216374,99.65375255897288,3.2546980204171447,7.0
9300,0.7926039685403545,0.8962918395838323,-9.892151443264696,0.00637550410628118,0.009945260175014792,0.02187058291246602,-1.6520003502057792,35.208786049488666,27.87528878297267,96.60826399805227,1.0658429053629401,4.128114915929871,28.55628355257878,77.24002543755044,0.0,0.8458081452615426,98.69621681999844,3.339047955786853,12.0
9400,0.1109533802922312,0.3175777011925945,-9.567829362438099,0.02059343168868975,0.010847318544001821,0.0008146591876159802,-4.8920604676621835,36.39619980888084,26.70167648428549,96.606081336402,1.0658429053629401,4.128114915929871,28.556258643969045,77.24009121882655,0.0,1.2947483455776847,97.71145438218937,4.5152178639030875,12.0
9500,-0.021536341797830427,0.3498539911754559,-9.484190502128246,0.0139963570789902,-0.0001729029991015497,0.0030621512721805324,-0.6401457681262874,34.932192716277335,25.328063043662787,96.60215465257066,1.0658429053629401,4.128114915929871,28.556307125951182,77.2400067083134,0.0,1.3732034255569385,96.3457246229757,0.08052840069476108,13.0
9600,-0.3754635715939858,0.09678919730155555,-9.385004719697186,-0.006668270123470194,0.023434607736024075,0.003465201888117454,-8.251572534964843,33.55402714859705,27.846188994918933,96.59533707759932,1.0658429053629401,4.128114915929871,28.556278632967768,77.23996705299352,0.0,0.8544346976793395,95.91507065992417,5.217593195032948,11.0
9700,0.4260026129134798,1.070041054880233,-9.473283317636595,-0.0036578837905493116,0.004281016221906809,0.008419922018037854,-2.527286039562795,34.202932422111076,26.52115562279706,96.5989991103929,1.0658429053629401,4.128114915929871,28.556340446281705,77.2400466088096,0.0,0.6696511726232401,97.9952722117334,4.841804923641009,13.0
9800,0.19005715119917022,0.5684164326157171,-10.08803573609,0.00027554834285558726,-0.0045047448496549946,-0.008680968255018021,-5.05372978810516,32.47086610921333,30.516141824596197,96.60329459736394,1.0658429053629401,4.128114915929871,28.556337112927228,77.2400340606164,0.0,1.3571869674372903,94.0631137531183,4.272731044847765,6.0
9900,0.359319270467142,0.5789822192275262,-9.319351326385894,0.016857455381282586,-0.0009406015927461066,-0.0007293918559161368,-2.6869717259676085,33.53025496663845,29.290026798042764,96.60125002869832,1.0658429053629401,4.128114915929871,28.556292061326367,77.24002043147678,0.0,1.3583655448556464,91.4878440832076,2.088533744360456,13.0
10000,0.13092820437094754,0.6124405088939611,-9.738726337242205,-0.002146735648826163,-0.0031686417234401557,0.004321494741277815,-5.200351099844329,38.83266784262628,26.000971240111728,96.5950004382771,1.0658429053629401,4.128114915929871,28.556282139957364,77.24001699434595,0.0,1.4934934241060203,95.26807332617784,5.081079162048571,7.0
10100,-0.4451608428983823,0.34231285194092087,-9.897811485170767,-0.0020810790444266633,0.011225758007461416,0.025674036063510916,-2.983360369668804,33.51582468255579,31.898101213456446,96.60495752865792,1.0658429053629401,4.128114915929871,28.55627854169984,77.23997695847876,0.0,0.8215564155108432,93.75183917531872,4.575287723951104,12.0
10200,-0.23116884855833295,0.5857914906472481,-9.782548652333421,0.010113016989911145,0.005539287334338982,-0.013223981666467141,-4.664922833633455,32.93791389671276,27.63790119375967,96.61341720223571,1.0658429053629401,4.128114915929871,28.55634482975143,77.24002191452345,0.0,0.9895051310454095,94.89734065775775,2.0624567254563027,13.0
10300,0.20467571875706297,0.4560593406386655,-9.800511302836348,-0.0030713937167736946,0.013368427624602428,-0.011991775507092465,-3.333070560741571,35.928076663828335,30.491426421507285,96.5983918299776,1.0658429053629401,4.128114915929871,28.556299481605674,77.23997488911272,0.0,0.6989292494870651,95.64932739461355,3.6410059472591634,12.0
10400,-0.04020971241015325,0.4709167801529809,-9.593334854338194,0.0074446717826542,0.0026580423894040192,-0.010149532707313051,-5.483739535088256,34.20049107935849,30.431577191536796,96.58957178261636,1.0658429053629401,4.128114915929871,28.55631832176403,77.23996015058255,0.0,0.611447842056169,94.86508659267284,5.079444898609603,8.0
10500,0.40839822402335535,0.5830571459463469,-9.551054046730922,0.006000520464801683,0.00899068977591459,0.005641854711711678,-5.847318834573994,34.7923720952542,27.63838953966291,96.60458303339136,1.0658429053629401,4.128114915929871,28.55633364243275,77.2400440821873,0.0,0.42337412857738344,95.12980800238107,1.1527791441193695,8.0
10600,0.048315989384460745,1.0666251670451514,-10.113189369744589,-3.864403467882904e-05,0.0026780636561059227,0.015640067451687535,-4.0852208199307585,33.02377967410031,28.004995058699496,96.61511407097723,1.0658429053629401,4.128114915929871,28.55631111821315,77.24002092632045,0.0,0.02879173315218969,102.22575053182648,0.7802857362231519,11.0
10700,0.6725955781460016,0.37965037624313996,-9.200974409780986,0.010214778088655011,0.0003896195408549935,0.006429514477541505,-5.056601362345273,36.54278471146767,29.269067548149962,96.6117925986426,1.0658429053629401,4.128114915929871,28.556298188802486,77.24003031490841,0.0,0.794484159202483,97.75225670187375,2.074020835064962,11.0
10800,0.10472351446317105,0.37633011913759656,-10.304841804838878,-0.003904788250703833,-0.007081188081502747,0.0051645351846308744,-2.4263154554824258,31.96154879259923,29.0796588136165,96.63010188764234,1.0658429053629401,4.128114915929871,28.55629198792213,77.24002823259622,0.0,1.3680384775684802,94.90294761106652,2.9068688057480805,9.0
10900,0.44505846865629867,0.879063255743928,-10.000916621949877,-0.013309165890050156,0.010129818536669189,0.01134178973686803,-4.27511198925421,34.457686027308384,28.188803982463202,96.62297417635943,1.0658429053629401,4.128114915929871,28.556276563679766,77.24001838366019,0.0,1.0893533077555166,95.58228952135437,2.5108466088300476,11.0
11000,0.16554744604969626,0.22513174450591628,-10.047642892532476,0.010728357555950169,-0.025587009070312364,0.009942615615850475,-2.027403600173129,32.57835761210876,31.206862191382793,96.63416541500098,1.0658429053629401,4.128114915929871,28.556332452505792,77.24002983623411,0.0,1.0962740823526458,96.83132917963768,2.277123095279504,13.0
11100,0.4667994190278624,0.590605504340384,-9.485339772743675,0.0010439336820948966,0.01162068678928841,-0.01246142668541144,-1.5910921543935457,33.9010104302953,25.62930817657242,96.63829586215324,1.0658429053629401,4.128114915929871,28.556307539475018,77.24001355801641,0.0,0.0,99.15904220287099,2.181828650497195,6.0
11200,0.06820228658904001,0.9056318266788118,-9.86681652296717,-0.0025878707172524375,0.0208754796812921,0.014173582445338437,-0.7658415317196345,33.66719980212833,26.965292576297436,96.63219835110056,1.0658429053629401,4.128114915929871,28.556259842562234,77.23998126088259,0.0,0.293320556768309,96.9140649624102,1.2852343117376988,9.0
11300,-0.2769683022745435,0.4653970060244752,-9.744357539573095,-0.009012894220486716,0.0031230044916564,-0.010268955526459483,-1.8948245887588673,33.55998499078747,25.268216724593422,96.60539821426866,1.0658429053629401,4.128114915929871,28.556246283537966,77.2400224119272,0.0,0.5482937093659044,96.50913340626862,3.3794372132828427,12.0
11400,0.032047989793069165,0.5890224125826723,-9.344288337079913,0.016781234521609917,0.009042876574104202,-0.010020283679255271,-3.821426175675823,33.6288060566231,26.04401410049348,96.61054514589527,1.0658429053629401,4.128114915929871,28.556317022122396,77.24001591041342,0.0,0.0,96.685043517988,1.903627146462859,12.0
11500,-0.19129628620413802,1.082159113242541,-9.47558498589177,-0.008742165599646152,-0.01607707254662367,-0.006342794873826009,-3.5975388730441287,33.901259596185945,22.44832465834215,96.59738172016547,1.0658429053629401,4.128114915929871,28.55631734252371,77.2399723787943,0.0,0.0,99.30189566434714,1.807548416601591,6.0
11600,-0.1827382620594774,1.3386659885587182,-9.691568539965054,-0.012848645497576059,0.003782526405688454,0.01220263609564622,-5.269287933732099,34.04115669538556,28.436021988286676,96.58872409445348,1.0658429053629401,4.128114915929871,28.55624384599619,77.24001950090333,0.0,1.0150974278186475,95.20176170381747,2.097761907346819,9.0
11700,0.6247842453437142,1.073070531862368,-9.394050878554816,0.0110941926453922,-0.002315863674462246,0.2473422554732306,-3.6396754839697563,31.518939657789762,31.51218255061148,96.5921255683082,1.0658429053629401,4.128114915929871,28.556304727273307,77.24001440163808,0.0,0.3270531107399967,91.40038598074217,2.496721359879218,6.0
11800,0.27845551093829085,0.8595313556726017,-9.94057572053335,-0.0044994763602209855,0.004330086794344361,0.5199747282518622,-3.9320392909629494,35.0659188758707,28.251963628074407,99.5040007640824,1.0658429053629401,4.128114915929871,28.556283908577672,77.24002374818917,0.0,0.0,96.45898298407228,2.486818779563147,11.0
11900,0.46258396647226285,0.3593927363621502,-10.249428797677556,0.005549325085688418,-0.010468343960971769,0.49612705741688135,-10.455981090962661,34.59189337629217,27.499556004422875,102.43589530560098,1.0658429053629401,4.128114915929871,28.556345321676094,77.23998921780365,0.0,1.5789675588351237,103.03389690408089,4.022898218219535,10.0
12000,0.2891988021425583,1.264106819399559,-9.568024207624564,-0.0071862393839182215,0.001867052252317088,0.49861943580155804,-6.829889942658502,34.6827974425475,29.219239913138797,105.34784906811706,1.0658429053629401,4.128114915929871,28.55632943203865,77.23996735230968,0.0,0.6784012900823443,104.94666214562476,4.110334986995685,7.0
12100,0.6955171092663164,0.5601119660183342,-9.572864301098305,0.006515308504165696,-0.0016988744144483614,0.5267293482518559,-6.435781763246449,32.3647616118516,29.881720326643386,108.28106518783457,1.0658429053629401,4.128114915929871,28.556279253222062,77.2399733240078,0.0,0.5864103242265772,112.9189543414847,6.047888048039878,9.0
12200,-0.34363473089277097,0.9631783677860735,-10.07466002603283,-0.006835456784729156,0.007618819049989255,0.5305456549723333,-12.962764639014233,31.326676595779194,25.38350165225007,111.22300910155543,1.0658429053629401,4.128114915929871,28.55632580577826,77.23999782449415,0.0,0.9239498507014064,112.16803141255886,3.507989502383838,10.0
12300,-0.1218917234043906,0.7107009156907,-9.962340577129364,-0.0022095543594793264,0.004029075720457045,0.5185019414774248,-14.716937638541502,34.39803492222473,28.15712479878797,114.14078584124806,1.0658429053629401,4.128114915929871,28.556259589008985,77.24004941488371,0.0,0.5775709087343369,113.48227433015025,1.729088343046391,12.0
12400,0.4726069941219525,0.8612642503911683,-9.709549712142003,0.008945118552708353,-0.0004813610285495096,0.5213725826737208,-15.171581577041644,27.386009538538275,27.974337990877643,117.05397093282946,1.0658429053629401,4.128114915929871,28.556323382480716,77.23998037183016,0.0,1.4110307882215003,116.80326414241142,8.871986480759254,10.0
12500,0.5040280205809183,0.9992398150855304,-9.73229886117349,0.0075619806422627675,0.017664289325984094,0.5074394466704297,-19.623938503544593,26.719238742385553,26.758313453650988,119.96716199547303,1.0658429053629401,4.128114915929871,28.55626862543486,77.23998141640593,0.0,0.5986418784823067,121.1885521481677,1.506441136841331,7.0
12600,-0.10332094108133416,0.5462907948817597,-9.811480922257516,-0.01286839852723988,0.0011049758400248797,0.5196319092528369,-16.111249385730694,26.480641714212265,30.511585115942488,122.89727307511434,1.0658429053629401,4.128114915929871,28.55628837652406,77.2400027372475,0.0,0.5373297775503736,122.00133923840924,2.9438125779371163,7.0
12700,0.09513087623201293,0.956373577347554,-9.803165670792518,0.009197940313949892,-0.009813595354101593,0.5106865750589924,-22.775116206996636,28.53873102157877,30.149507441763088,125.8108285956596,1.0658429053629401,4.128114915929871,28.556281083979158,77.24001684098714,0.0,1.0945529513968466,125.68631107158545,5.575010548045428,8.0
12800,-0.43592513368246544,0.6853194580915055,-10.079583970378225,0.005507410291937212,0.007480521427822247,0.25613154413899647,-22.91471845791401,26.487744575656485,25.72019980363392,128.712243846306,1.0658429053629401,4.128114915929871,28.55633306766591,77.23998505379195,0.0,0.566544295971148,128.1196442530861,1.5456000835642874,10.0
12900,-0.2261532553510661,-0.0006715559700321005,-9.481534653602907,0.005449497322908942,0.006966715393204855,0.015310858991517153,-21.470149059458777,28.403877852050417,26.96931460420406,128.7168240688861,1.0658429053629401,4.128114915929871,28.556291792474504,77.24005338340982,0.0,1.207120102490571,126.73435229045316,1.8080660836620637,8.0
13000,0.17726526583732674,0.4279389474724069,-9.808680763881458,-0.0028984838432138905,0.0038434050232443433,0.0027554863991621097,-24.115364288189355,24.954867395110117,30.393622712984467,128.71213636024808,1.0658429053629401,4.128114915929871,28.556237447176546,77.24001710946837,0.0,0.5183647641359826,127.80767719444039,1.939995708469736,7.0
13100,0.36501233228925334,0.8728511900323003,-9.27989880864631,0.003800560312437222,0.00741820154341843,0.002331363866924992,-21.43433559997555,24.78452128439072,27.903689564358935,128.71145570584306,1.0658429053629401,4.128114915929871,28.556276216319155,77.2400228597089,0.0,0.8538679075981488,127.72432528052431,3.4154674663866436,8.0
13200,-0.2624003441598962,0.9577564792902484,-10.165812800568672,-0.014531524701461313,0.001607686060915999,-0.005715338281909158,-19.010548323494667,26.54598243931001,30.064071618020616,128.7070598209569,1.0658429053629401,4.128114915929871,28.55632082129308,77.23995228911592,0.0,0.10548318897969938,126.94859880955592,1.2371102518530555,8.0
13300,0.4034318129258793,0.9890859336787623,-10.206400627761361,-0.007056465386417699,0.02526236486839428,0.011866748854980923,-19.625978684099216,24.965331897814156,30.982363083621507,128.69515250257302,1.0658429053629401,4.128114915929871,28.556290966348485,77.23997124277943,0.0,0.7149051465520943,125.81070203561514,5.995831543733047,12.0
13400,-0.6259779540791203,0.8632538220275462,-9.765004239272931,-0.008491090961054246,0.01191334448975987,0.0008562675615463328,-21.856094618280007,26.131163091761913,26.81779582277564,128.68745196310127,1.0658429053629401,4.128114915929871,28.55622589806897,77.239994252313,0.0,0.0,128.9466592932055,3.1552080400715745,13.0
13500,0.09673835542623979,0.6738607056564693,-9.809284876551358,0.003996757771566986,0.017674310189351516,0.0029493313509145074,-25.6830000231383,28.561089796268774,25.469958380120108,128.6879451484566,1.0658429053629401,4.128114915929871,28.556226948878415,77.23996441625535,0.0,0.4817920321579782,127.53820259098164,2.6190684428582394,9.0
13600,-0.3156694065416749,0.5852214993672026,-9.121634837885296,-0.009787530378813587,-0.00911943828073911,-0.22433841494879722,-20.251178975964,25.242293210951306,28.373896731151504,128.69575231234842,1.0658429053629401,4.128114915929871,28.556291316033185,77.24000462290483,0.0,0.24654133535404021,126.67503345667762,0.7811054414469725,7.0
13700,-0.045142545706425355,0.8034206936397734,-9.98101000095885,-0.017597101495431994,0.00239555436816688,-0.5087400758696046,-20.883441716677453,30.09796297553237,28.477484256855945,125.84383031133396,1.0658429053629401,4.128114915929871,28.556333486274887,77.23997936268007,0.0,0.7394289959585968,127.01126652210777,0.510472163777937,12.0
13800,-0.11996540024425079,0.659570906586716,-9.811555818411739,-0.009556365351850546,0.0077766991779739955,-0.48331851884468024,-19.64654400619162,28.046823837787784,32.05135813743041,122.98236600997168,1.0658429053629401,4.128114915929871,28.556258010632856,77.23998433966428,0.0,0.394721053824073,122.53717848297,2.0364196279316356,13.0
13900,0.2411903008795128,0.4139178200684439,-9.654942222127328,0.006680999437491708,0.009435295941762619,-0.4855385901719882,-17.181136949566156,29.404763646181095,26.51887618562044,120.10642474897318,1.0658429053629401,4.128114915929871,28.556274378290617,77.24003554375157,0.0,0.453001379065143,118.99825998847516,0.4989380213020076,11.0
14000,0.6179089547852292,0.9798261689005376,-9.677063768698913,0.012390010756580284,0.025049880208135658,-0.5115991621242584,-16.73415729018503,35.421051608099305,26.88696711433454,117.21832272417878,1.0658429053629401,4.128114915929871,28.556259031123744,77.2399984945886,0.0,1.525784599761248,115.46696967107624,4.364175818683144,6.0
14100,0.5227857921802811,-0.12178971678005823,-9.828089032848526,-0.003717086628105724,0.001692983026282512,-0.5162130587912366,-11.910718676496405,32.7231564120269,28.304850412238835,114.32663518274957,1.0658429053629401,4.128114915929871,28.556297094662312,77.23996220519464,0.0,1.0355935369835856,115.73238819482889,2.2822027873269835,12.0
14200,0.27072771290557374,0.7487585496375129,-9.672118545212914,-0.0003597837926822844,0.0054886819394643046,-0.4928061371380654,-12.177075401545986,34.74140826130979,29.726689199776217,111.44829361567085,1.0658429053629401,4.128114915929871,28.55630437302416,77.23999901281444,0.0,1.4462934759343238,110.46394806186362,1.7252352044064434,13.0
14300,-0.24057971101847397,0.34137579822627817,-9.811678035616008,-0.007170092866631824,0.008853948300693708,-0.4960886865359648,-14.176797858393552,29.91670651168646,27.89657964024097,108.56995120000775,1.0658429053629401,4.128114915929871,28.55631881275148,77.23997548879322,0.0,0.5676849696845325,108.14318903499162,2.93313534150324,11.0
14400,0.3233962874992699,0.5353971393991115,-9.89290287898196,-0.0020976410834469155,0.0046106894659664515,-0.5104921294855906,-11.73059690714289,36.0943216699971,31.392047771700778,105.70837848234378,1.0658429053629401,4.128114915929871,28.55631331426575,77.23995216718116,0.0,0.6070191168687017,106.8718521685114,3.349519751246883,8.0
14500,0.36641660409747356,0.21604891340553628,-9.759778136142307,0.005961168724026222,0.0017547852516304747,-0.49057433794834615,-7.604156036991538,33.8431226909714,27.03505615394593,102.83639457360391,1.0658429053629401,4.128114915929871,28.55625969790179,77.24001048071557,0.0,1.328587541104223,102.65079050038558,3.992462602707656,13.0
14600,0.01671152749409474,0.5844414098190107,-9.4313087130875,-0.009094283533412583,0.02151286519480015,-0.5046866450931334,-6.981638740951589,31.86874150339082,30.34154511039671,99.97343469541848,1.0658429053629401,4.128114915929871,28.556281848880115,77.24003165819559,0.0,0.4049192297334641,95.96350937533192,3.072455410460676,12.0
14700,-0.0509037178445568,0.8768110485129794,-10.2077723640311,-0.008568839715508189,0.0025128167567831645,-0.5057062225492173,-4.0607451627182165,33.748273362542676,29.829922847734576,97.10541640672116,1.0658429053629401,4.128114915929871,28.556303234964872,77.23995914175292,0.0,0.0,98.7734859145894,1.228993390795712,12.0
14800,-0.3877508075260516,0.4063673946409352,-9.306536148227078,-0.014874772834455673,0.0003180103132682244,-0.23263782511168382,-2.4817878919241196,36.71901042589673,27.617850243681975,94.22133614323921,1.0658429053629401,4.128114915929871,28.556290885264197,77.23996957177452,0.0,0.0,88.96195826094915,4.1214135521228865,12.0
14900,0.22101908769617262,0.8862196865908585,-9.531294105530748,-0.003450351248405514,-0.007445138743264703,0.005575007593372774,-3.81110763732591,33.096406490605915,32.47439843407545,94.20922821409847,1.0658429053629401,4.128114915929871,28.55629801853612,77.23994181576084,0.0,1.7327249118018013,93.67558711700337,2.500625199274908,7.0
15000,0.8704512969318179,0.5230570030291587,-9.352429360889433,0.00763995166494653,0.007188659525899342,-0.013168920599017395,-3.797804349081632,33.52234415406456,29.05169542361895,94.20277007517235,1.0658429053629401,4.128114915929871,28.556270974216616,77.23998545747781,0.0,0.8273821150328164,93.29777533480244,3.630833487455793,12.0
15100,0.46153802329894034,0.7839371067914477,-9.497718491652794,0.008170624952643332,0.001341038986358783,0.005921770348306038,-3.067120679683418,35.64565210202785,30.14807442714868,94.19631670825842,1.0658429053629401,4.128114915929871,28.556292578135523,77.23998094144184,0.0,1.563104632660836,91.26423213740651,4.708237913590461,6.0
15200,-0.31830896052618973,1.0908104618852748,-10.152784902737615,0.00320573075724927,0.01134517537504667,0.004577488722367724,-2.8041812470482395,40.020534955918244,25.697944028396275,94.20566542270144,1.0658429053629401,4.128114915929871,28.556230214657695,77.24003558551532,0.0,1.0576526319134854,98.35596524596929,3.7433826584662007,7.0
15300,0.33245990847123935,0.10132848997449484,-9.852085774874375,-0.004810112444483169,0.0013080104776918653,-0.0012932680582155094,-1.8825579153864211,38.453268097526404,29.051228157810698,94.19317814153872,1.0658429053629401,4.128114915929871,28.556300343556472,77.24002603028262,0.0,0.31879528538269913,94.74322511688037,3.6330960095941496,11.0
15400,0.10975245949980542,0.6595256000793567,-9.997396948362677,-0.01722444975154948,0.028553360330705213,0.013989040993596633,-2.624371031677021,36.776162769872094,29.126547922251287,94.18513912911182,1.0658429053629401,4.128114915929871,28.55631284679101,77.24003095011173,0.0,0.612006691687111,96.20771540860153,5.928179005323884,12.0
15500,-0.19830527402484607,0.033220830112856925,-9.716305133863035,0.007617226752438869,0.009953966216308962,0.0068982913311847055,-2.8297476061217512,34.40900160460023,28.441265823231245,94.18274098495188,1.0658429053629401,4.128114915929871,28.556302994717274,77.24001299923619,0.0,0.792739169802674,94.044223835491,5.681255317191086,7.0
15600,0.5062103700731848,0.395877829277854,-9.519983198565683,-0.0017548033138282985,-0.0067147564888236115,0.024751202013435912,-1.8424311072540096,34.79651887096469,29.070566050987278,94.19137339530893,1.0658429053629401,4.128114915929871,28.55627642962295,77.24000619215622,0.0,0.32012399296745,93.69111619675508,4.629910412536928,10.0
15700,0.9797508197094053,0.734918798691701,-10.030394233974448,0.019637255319286936,-0.020215633231772535,-0.0026059762405475917,-4.601348860980712,31.27742411305424,27.885556473764034,94.19136510997933,1.0658429053629401,4.128114915929871,28.556314087525653,77.24000500299582,0.0,0.17277020945949323,87.65716975168087,3.1544770752008504,10.0
15800,0.4907231926874558,0.916669302975907,-9.887393258544517,0.01586410752591117,0.01611446625545401,0.02124140368624997,-0.8427459358746319,31.704362931781382,28.71991044216079,94.18674640577254,1.0658429053629401,4.128114915929871,28.556295627895285,77.23997513407723,0.0,0.36500268167284505,96.70185635852764,1.0079912909506292,10.0
15900,-0.0970755113600974,0.7239496427343609,-9.73456185755133,0.021394091057155014,0.004040206944217987,-0.004459445468714597,-0.2529610094458059,32.95688522595535,29.739908669940863,94.1981373255186,1.0658429053629401,4.128114915929871,28.55632057563311,77.24000766422938,0.0,0.4764170211909648,95.34607673995502,2.410535868213811,7.0
16000,0.9996028954216575,0.09386380147455486,-9.471399634186453,-0.0062327836848460735,0.010801330617909805,0.0039569457161308455,-0.11218786213039467,35.16411617608235,32.12353075470343,94.17599323386497,1.0658429053629401,4.128114915929871,28.556309907559125,77.24006427745006,0.0,1.6875066183207323,96.9648431329157,4.367978101545017,11.0
16100,0.29102395650606416,0.6200789068470873,-9.883528222304731,-0.0007043327052434014,0.0017679124512459746,0.014044811813518084,-4.3051060101580685,35.69125201055197,29.798377641954183,94.17776451346012,1.0658429053629401,4.128114915929871,28.55629703178875,77.24003421068728,0.0,1.0319835453606776,94.82523285785102,2.7233364272069482,6.0
16200,-0.23459886909015099,1.1738054467402974,-9.551700532213786,0.008424904813721115,0.010521811944126054,-0.004439302185934075,-3.9558009820612225,33.939738489612544,25.20398546205458,94.18490654837997,1.0658429053629401,4.128114915929871,28.556314771264113,77.24000908273678,0.0,1.302677744681766,90.75962373871685,1.8902966005223352,6.0
16300,-0.2996242432957324,0.5683113727528427,-10.331770192647458,0.0210300196577607,0.016501027927310615,-0.0017610817609687518,0.6211410309501892,36.61307126203999,26.747750894330796,94.18021084975378,1.0658429053629401,4.128114915929871,28.55630988273874,77.23998156901914,0.0,1.1942336299201226,95.15198948352828,0.7120484582127369,12.0
16400,0.2723769331409105,1.2489927567503243,-9.37302661743934,0.0034755421939509042,0.014277076324423852,-0.010868891787756265,-2.7912582909498522,36.636106735508505,30.863310924178776,94.18313966647186,1.0658429053629401,4.128114915929871,28.55623672902671,77.24001335792236,0.0,1.9162838535535425,97.84113071082932,3.9498924262219255,7.0
16500,0.4711672993226329,0.6768103918901998,-9.65449287527455,-0.006179084208432594,0.014255702840224718,-0.00024213572688285196,-2.23720909740092,34.086876263553165,26.84536434801025,94.1792183349473,1.0658429053629401,4.128114915929871,28.55633192213663,77.24003788667147,0.0,0.5389327287506716,93.50741205359255,3.4788983764099206,9.0
16600,0.13196953115402116,0.7365744566131198,-9.16474570537105,0.0038261368689245954,-0.008978699875766005,0.0017895553743597704,-2.549132392104817,32.613421202274566,29.83017401456989,94.16746637279697,1.0658429053629401,4.128114915929871,28.556331161899305,77.23995945057264,0.0,0.6869328216080202,95.98810440117269,5.10780993767977,7.0
16700,0.25270719819307863,0.13032427451449224,-9.883697922147855,-0.015491732290692981,-0.01062488922155123,-0.014659852800179663,-4.25191890943911,36.52668693604609,32.15494692171597,94.16741666283994,1.0658429053629401,4.128114915929871,28.55634748721244,77.23999118416023,0.0,1.24091817872617,93.59526939249936,1.7997667135159696,6.0
16800,-0.14260051996383508,1.104622701356925,-9.080608202832881,-0.0123859303441579,0.006491524282053937,-0.006423323852156358,-5.417925300695648,35.772384905898754,28.21627459644864,94.15868135390971,1.0658429053629401,4.128114915929871,28.556317876921725,77.24004663440125,0.0,1.349208454269957,95.33488238295985,1.7009133488340948,9.0
16900,-0.319218798139293,0.07275285890727268,-9.575041503319262,0.008287337142170535,0.0015674672677598528,-0.0007146240950144274,0.6443882137970665,35.53842731645554,29.3236188016314,94.1653812385721,1.0658429053629401,4.128114915929871,28.556309000638173,77.2400015193383,0.0,0.5570520364146433,93.86572663952464,1.1792241687522793,12.0
17000,-0.4820627562018634,0.4124872430784714,-9.720599652788076,0.02299225553611111,0.015179589610792112,0.000886373168256393,-1.4774237374406776,35.72893330068814,27.26878666425014,94.1735877902018,1.0658429053629401,4.128114915929871,28.556253450068162,77.24002031370188,0.0,1.6062163324069425,92.19316088047148,3.77967725392907,9.0
17100,0.24479892661370806,0.45849012024447255,-9.6325635073369,0.010930167750037294,0.008120633613965941,0.007196614459930282,-4.617928910783906,37.249431588353545,28.1645003128824,94.18150901594355,1.0658429053629401,4.128114915929871,28.556282976398347,77.2399694155545,0.0,0.9654539245285756,93.15057057833931,1.8345412434982076,8.0
17200,0.11718529038764292,0.6873295571841208,-10.229651742149445,0.012163189106095734,0.005683239810945035,0.00941393969328829,-2.523208067019617,34.761579419669815,28.316412029077668,94.1738660551783,1.0658429053629401,4.128114915929871,28.556282033433636,77.23996408535606,0.0,0.2859217504307895,94.22674288448799,2.943607732025945,8.0
17300,0.025371915497907266,0.8877666837245283,-9.585817065404171,0.0007148455526445962,-0.00034334048365815186,0.006446219716449999,-1.5118752859236424,30.007536049116545,30.223050317664605,94.17468134516514,1.0658429053629401,4.128114915929871,28.556316197501832,77.23997970439511,0.0,0.3680458430527196,94.13847095088259,3.2648539624948887,13.0
17400,0.32339081947814424,0.38588218315984296,-9.7655449431674,-0.0316217283373883,0.010185563997318058,0.005830891796263454,-1.0433040635840312,37.30973342905881,28.122494296643364,94.16576245278485,1.0658429053629401,4.128114915929871,28.556275110110132,77.2400545552321,0.0,1.2327449924919813,94.70170778765217,2.309521360556543,13.0
17500,0.4435064461848746,0.7954331736005558,-10.071941113787139,0.006971284518537215,0.014055911448710115,0.005409558204083848,0.6840919216632382,35.30118716789158,28.995951832670407,94.18033687242566,1.0658429053629401,4.128114915929871,28.556315232956482,77.24002428277267,0.0,1.0133001150376149,93.86181659801836,2.695590134117803,13.0
17600,0.9232481967132293,0.6082083317480653,-9.233964290878609,-0.009141296498702687,0.021519976522057335,0.012148982840018148,-0.31099462983057435,35.84550076222213,28.104211029803437,94.1880513787821,1.0658429053629401,4.128114915929871,28.556304219079003,77.23997757413852,0.0,0.9797729521525326,91.36955833849898,1.268840814701902,7.0
17700,0.7935196681747422,1.1474838900002202,-10.019949820826062,0.008381532761344183,0.00026512639727575057,0.0019718306274166012,-1.8624009076548842,36.800063780413026,27.967262544043724,94.1843958820389,1.0658429053629401,4.128114915929871,28.55634504068164,77.24006851228285,0.0,1.228569963947196,95.97908012271579,2.501266596660908,8.0
17800,0.28823724681595886,0.9076407775901476,-9.722866525428644,0.0028782454488622067,0.012031909563451255,0.2583004396476778,1.2576933649799402,35.69745130344186,30.12609676202246,94.19176499338246,1.0658429053629401,4.128114915929871,28.55633358496349,77.24001587082854,0.0,1.0794894929295176,93.6762296437851,1.950124081322512,13.0
17900,-0.6021823596998113,0.838738985117707,-9.845928933449077,0.009183394460781702,0.009515730780035897,0.4964193679941483,-0.5232278980398521,35.88711273377929,27.112294642268008,97.03482612775963,1.0658429053629401,4.128114915929871,28.55632319931321,77.23998359133265,0.0,0.950750479099805,97.45902060278372,1.3739629353895748,6.0
18000,0.3497380678848373,0.11022854482242084,-9.66510909785091,0.002312114420845458,0.0067961900588241995,0.5024758221674859,-6.310159068993206,33.321577084427545,29.78082116519264,99.9112659681569,1.0658429053629401,4.128114915929871,28.5563215562786,77.24000270273235,0.0,0.08271419101842914,98.70692553059848,5.31920780192214,9.0
18100,0.10866544731913122,0.5646205970261542,-10.38101529335595,-0.00832383561304647,0.004671661315859184,0.5155477305195183,-8.26682679237931,37.33623647987285,28.857328347380772,102.78963271981912,1.0658429053629401,4.128114915929871,28.55628584349419,77.24001828871867,0.0,1.5966683679638323,100.79166588567901,0.8049338691199872,11.0
18200,-0.028866901150495394,0.8714841395708058,-9.39174378611874,0.002788587256166618,0.010261898933243922,0.5077719800204894,-10.756410067895027,32.20642302185113,28.8163543814147,105.66273138726652,1.0658429053629401,4.128114915929871,28.55632059818373,77.24004792063154,0.0,1.5062356919341955,108.10364084248529,1.9903285337750054,7.0
18300,0.028898387648694873,0.862310414112863,-9.761360721304746,0.000888484968507749,-0.0023999423350791046,0.5061849011143869,-9.951313433084874,28.012904053411866,30.442528256271885,108.54769141998577,1.0658429053629401,4.128114915929871,28.556291632856436,77.2399971314077,0.0,1.1350430331769226,109.77611617653245,5.337833958511882,10.0
18400,0.16514139887672033,0.40880651698059683,-10.147970281857287,-0.0032570547338223533,0.007279482700205841,0.5026573612840444,-10.961418933879953,31.7186780773206,27.378926486796814,111.41994937673894,1.0658429053629401,4.128114915929871,28.556317328662576,77.23999695981588,0.0,0.6852478002885576,112.15189287797433,3.3541857070977406,8.0
18500,-0.2568333880100623,0.963339929212091,-9.394639564865791,0.003893924252273,-0.016476990924655526,0.517050048274434,-11.861127568563864,32.63706844914198,29.27288283006333,114.30235375640869,1.0658429053629401,4.128114915929871,28.55629068349337,77.24001358999853,0.0,0.464328955055365,110.42443698283724,4.996410364780259,6.0
18600,0.16967878451540808,0.11722631361846403,-9.779084160494827,-0.002927985070222062,0.0009834650118491065,0.5221642459844771,-16.51156795037004,29.58429366534546,27.96285239378441,117.1925106847641,1.0658429053629401,4.128114915929871,28.556314154005115,77.23998675613468,0.0,1.4018873177227746,116.334602957265,0.4517117005871105,10.0
18700,-0.02118288148523456,0.7147238108090593,-9.946756295032458,0.004453492721407759,-0.006843744361327894,0.4912655696772393,-18.407971665792417,31.60452323206995,26.57853339821015,120.0759400799611,1.0658429053629401,4.128114915929871,28.55625448927134,77.23999909290656,0.0,1.5373148935254233,121.85199613628637,3.090988260174427,13.0
18800,0.5726768605287174,0.771576019438252,-9.92989471321703,-0.0026738019781144297,0.003509768536602842,0.5045875451096176,-20.869699804884515,29.81421121375474,25.514005865066885,122.97390233562696,1.0658429053629401,4.128114915929871,28.556305668108738,77.24004472313358,0.0,0.5216944046970473,124.3715977931735,3.832085688399072,12.0
18900,0.007083683640894206,0.6880656167165834,-9.984729595434965,-0.00738543335703866,0.002312941310501497,0.5201274182477574,-16.28999486830443,29.694432129734807,27.05272985330292,125.85632178610557,1.0658429053629401,4.128114915929871,28.55625943549496,77.2400092212156,0.0,0.1468665294410113,125.41396635784668,1.0559392625999262,10.0
19000,0.41630198364203586,0.7318223851013628,-9.927162030395056,-0.00246912240658353,0.015558155071239251,0.4999834340433231,-26.77071229612767,30.916812050010567,28.937140422457635,128.74937424233275,1.0658429053629401,4.128114915929871,28.55630199976306,77.24003021528651,0.0,0.9657487243825944,127.17935743073637,0.18076787171017372,13.0
19100,0.45404251080016456,0.7119999039030724,-9.279567554764634,0.0009325607670908561,-0.001779313621405135,0.5145723524583583,-23.92092068777207,25.812415947060376,29.208498041846255,131.63206242064138,1.0658429053629401,4.128114915929871,28.556230922937072,77.24003822347524,0.0,0.5399273285611645,133.0600115452363,2.577895918855033,12.0
19200,-0.33660746387312546,0.7171077825252485,-9.522252495855197,0.00977167791928368,-0.01613050635041641,0.5094037454043496,-22.16184815029926,24.318232618007517,31.349263658338657,134.52442196882006,1.0658429053629401,4.128114915929871,28.556304628298545,77.24002525488515,0.0,0.8760204792189824,132.8717134057503,2.85022279576505,11.0
19300,0.2234731796319715,0.7572897281516104,-9.399756387680542,0.01080208904627009,0.006215117198086513,0.5123376473468286,-25.89297581307587,20.47651302418612,28.517288203529418,137.41142418422012,1.0658429053629401,4.128114915929871,28.556249362647144,77.2399766505085,0.0,1.546265206711426,140.80456115454024,5.330790280321574,7.0
19400,-0.33821693377582485,0.6681043275497346,-9.963895737170787,-0.0031146709135690155,-0.0055603583158467,0.5056696368191353,-29.734049903075675,20.321978792774406,27.371337847735223,140.29183802396898,1.0658429053629401,4.128114915929871,28.556316942724568,77.24007349507261,0.0,0.9915517953643012,136.62783378597547,3.845394942222645,7.0
19500,-0.626950961877408,0.25256086938513034,-10.355679339192513,0.006854631428658538,0.02716962725696269,0.49909611342854676,-30.98507120500094,21.75789326527534,24.518005695907668,143.181169117352,1.0658429053629401,4.128114915929871,28.55631613242575,77.24004774699839,0.0,1.4187998775928095,144.69067640029215,3.9636432139938256,13.0
19600,-0.41052070388108625,0.4804628289832113,-9.227103154162721,-0.00820126815847359,0.0108890667310784,0.5177381862211253,-30.380931026542186,18.7820744123648,30.8363070286016,146.04092014709488,1.0658429053629401,4.128114915929871,28.556306263128157,77.24000191613294,0.0,0.334079998289911,146.23028055029164,0.8792977568758178,11.0
19700,0.07976925464601668,1.2834913152965286,-9.457084552892029,0.02546933175172974,0.011203183173991516,0.49606939579067416,-30.537069177214654,14.175010688568817,28.01741488915602,148.9396140820658,1.0658429053629401,4.128114915929871,28.556273524621542,77.24003181846908,0.0,0.8206879685715192,148.12792437551744,5.10813334735464,9.0
19800,-0.33036503353021507,0.5782957652864502,-9.287944399874597,0.003959400893665624,-0.008748259979324744,0.5071884596198328,-32.581174568565054,16.659251607218064,31.24531085253033,151.81405253522976,1.0658429053629401,4.128114915929871,28.556320903241023,77.24003298105663,0.0,1.022251440010431,153.45900791986125,3.6199465971840143,13.0
19900,0.21998686799914774,0.9006874945614552,-10.433591157310431,-0.01245543062206472,0.015754289666823615,0.5204894648038864,-31.463223675465066,14.206015807180131,27.35513423412896,154.69962004525,1.0658429053629401,4.128114915929871,28.556274262247662,77.23998006033122,0.0,1.092760378086786,152.21384671741143,5.055239229391753,11.0
20000,-0.013673489415540224,0.3680474952760705,-9.516135331703591,0.0062183857561702955,0.01935489180756485,0.2620919948899754,-33.589645904516054,12.885490961638403,29.999614472087877,157.59036169519885,1.0658429053629401,4.128114915929871,28.556243467888983,77.24002659896284,0.0,1.3858580338297866,161.48129201256197,5.602170645892571,12.0
20100,-0.020086544687873825,0.7764323087399386,-9.144246261324586,0.0008092385079981544,-0.004519689134387476,-0.018295938832873372,-30.483149051501773,13.136837139441463,27.148493273572583,157.58157034128945,1.0658429053629401,4.128114915929871,28.556295105404942,77.23999662526259,0.0,1.2096845519397148,158.16925079947063,2.5374223629944357,13.0
20200,-1.1620134244191418,0.4656190451682578,-10.03400652514562,0.005683379777027149,-0.006913334001087763,0.008592478663797063,-33.3048163910477,13.424897281440627,27.549496665036433,157.5715105601576,1.0658429053629401,4.128114915929871,28.556276958947876,77.24002493418706,0.0,0.9901651840071163,153.64834720387384,2.365844936991458,11.0
20300,-0.45689576651828556,0.9382102087150348,-10.013977322612497,-0.011075245089520062,-0.005012114850157952,0.021359890754130795,-29.441941011008762,13.091579966938694,30.93676869040933,157.57874675393242,1.0658429053629401,4.128114915929871,28.55629836244109,77.24004473523735,0.0,0.03179894228626222,157.84311993977184,4.120123319747837,8.0
20400,0.35748262506195216,0.7553856861178564,-9.75931250626731,-0.0009762200238822203,-0.0007173698608973376,-0.00010879234604244462,-34.531952547020786,15.944356797307602,30.0906220295865,157.57069121141186,1.0658429053629401,4.128114915929871,28.5562539599941,77.2400256966101,0.0,0.552250675533474,157.30531743195783,4.440608828059756,13.0
20500,0.22067219683508188,0.6433055949999334,-9.964774539054552,-0.0004094325532001113,0.009157271418563078,-0.02246778029566452,-35.8333142490028,15.679878888160662,30.839377919064177,157.57890673736267,1.0658429053629401,4.128114915929871,28.556241634752702,77.24005118450152,0.0,0.9522096713408291,155.4440505209448,3.84655733671356,12.0
20600,0.4295337666141996,0.91867291900054,-9.78914293411799,0.006052620229983791,0.0152017805786498,0.01494582642903415,-30.327202196456682,11.061197499342283,26.575220339409867,157.59470518303948,1.0658429053629401,4.128114915929871,28.556289848477352,77.24003104965732,0.0,0.08862262337691336,154.57601729158137,3.047963915743964,8.0
20700,-0.17549302194971525,0.5485471107464532,-9.488304273861992,-0.008029713209327834,0.004072043396750961,0.006537966796959119,-32.560191167723055,10.996606789212542,29.992631404268995,157.5935838055223,1.0658429053629401,4.128114915929871,28.556328655860593,77.24001845770348,0.0,0.0,156.22509261353872,5.689145545893073,13.0
20800,0.4456237608943042,1.268389863102569,-9.251765701966,0.014351672706482937,0.0006567882576173391,0.007996707601644577,-32.11440919569064,13.301038901819934,29.517252485528186,157.59325400847854,1.0658429053629401,4.128114915929871,28.556298591167746,77.24002078593298,0.0,0.0,158.95766624109623,4.142823484694854,13.0
20900,0.5270306401401641,0.7467952025186373,-10.14275583521416,0.0005004116732962147,0.024606777405155315,0.0009651895288884014,-35.03494092605802,11.144690847251644,27.783892947587315,157.59531895039433,1.0658429053629401,4.128114915929871,28.556323199439163,77.24002067855878,0.0,0.8250355128841196,151.35181227897962,1.2548960101433928,10.0
21000,0.3511917218991869,0.8659583365834347,-9.500135617336241,0.023642541485052952,0.004574074892090314,0.015665604871673067,-32.11657978253677,13.155622353575355,26.278584093345252,157.59848628006355,1.0658429053629401,4.128114915929871,28.556344226768026,77.24002637176538,0.0,0.0,157.1102815457123,4.182642312227571,7.0
21100,0.6985630806631539,0.8741037106583504,-10.232082386135893,-0.01066442396187026,0.002943354846747913,-0.00018452317839572595,-29.528729266229483,16.37617097661499,28.32479416624792,157.5949061642034,1.0658429053629401,4.128114915929871,28.556265157618505,77.24006423951303,0.0,0.0,157.1320139796181,3.689897851666264,7.0
21200,0.616704632961053,1.0730703187926096,-9.406085900425813,0.002883371050518885,-0.00512874563568431,0.006207604647614528,-29.37600062369803,12.553766663151325,30.439257262092475,157.60973078010767,1.0658429053629401,4.128114915929871,28.556264089867827,77.24000824718551,0.0,0.19905275570138437,157.3989088444503,5.931083193920234,13.0
21300,0.8155001783359092,1.1324623086805976,-9.863198280432737,0.016606786465312946,0.001594277294533489,-0.00892357987994619,-33.738262308014335,14.370439711434033,26.163704480728207,157.60244647931668,1.0658429053629401,4.128114915929871,28.556348936182136,77.24002746418665,0.0,0.19195197678372122,157.87030126238838,2.634723131606283,11.0
21400,0.00833739307064607,0.9438672263375891,-9.729686403702269,0.0013346217644076216,0.009793496706546587,-0.0032777538128408506,-33.3937113798972,13.63521443728766,28.37803454162257,157.60474803404892,1.0658429053629401,4.128114915929871,28.556321476373522,77.24003280585032,0.0,0.0,159.0021403751824,1.1449609920875297,10.0
21500,0.701791973907768,0.7376262246326313,-10.037835479544738,0.008324388765825188,0.014371877008820172,-0.005712140765715918,-31.640092712348967,14.69076298763749,30.479579772497775,157.60880293562954,1.0658429053629401,4.128114915929871,28.556270940293977,77.24003484671597,0.0,1.0677398918359469,154.62096236870767,5.246451270957861,8.0
21600,0.47716279808141404,0.2749063561060567,-9.672293598686476,-0.0049594067286103105,-0.01078695787473042,-0.01372210400097431,-31.530053753298343,11.233941776388349,32.64472126437044,157.60630967452394,1.0658429053629401,4.128114915929871,28.556269526877475,77.24001382921234,0.0,1.1245311291860467,156.43011263789344,2.6621619446047946,13.0
21700,0.24599848760441392,0.5955004539726625,-9.516570914469252,-0.011400392056646218,0.01088877156260648,0.014420386809791717,-33.373809397050884,9.672703318272895,27.469764615110453,157.61305224040214,1.0658429053629401,4.128114915929871,28.55625806510972,77.24000368280939,0.0,1.5017002832622994,156.00372118758335,2.1829094681856054,11.0
21800,-0.3770521720138109,0.5320757938061931,-9.584880271762703,0.009406082780503179,0.018114583443844492,0.008857302618377128,-30.729920253812736,11.260968789874006,25.204867464815045,157.59808205436994,1.0658429053629401,4.128114915929871,28.556275158520027,77.23999495612641,0.0,1.7967446061728736,159.01230895237074,3.339126120437469,12.0
21900,-0.18146588749989478,0.5849502790613121,-10.379391061187935,-0.0187289074460256,0.009247450363703166,0.0146759990823896,-31.379467428367327,12.045136666132533,28.055359437794035,157.60489712124865,1.0658429053629401,4.128114915929871,28.556253295366073,77.24001369355139,0.0,1.4895311351585419,157.61480680735954,3.0931389348814324,9.0
22000,-0.5055604611187487,0.22071781644365146,-9.951532574030242,0.005172882880035131,0.00886014417598716,0.016136298301094504,-32.20797976791173,12.392910963875988,28.419481460165127,157.59162752847212,1.0658429053629401,4.128114915929871,28.55628300952408,77.23998057550476,0.0,0.8272566418585068,157.55272409039165,3.0691117132400887,11.0
22100,0.5438465270136678,0.9582079670692742,-9.916669513913673,0.0006756642686000753,0.0022457457070921647,0.030832633634153266,-29.639377415359696,9.947208692592415,31.61355348488882,157.58306482443672,1.0658429053629401,4.128114915929871,28.5562651958709,77.24002000603195,0.0,0.011180890043370528,154.54972124628657,0.3457989080082795,12.0
22200,0.6837143943409574,0.636696356651271,-10.348780220922816,0.017441576486795164,0.005516566402429386,0.016867690511944648,-33.88998510381649,13.92807305785233,31.142423858482157,157.60716726159467,1.0658429053629401,4.128114915929871,28.556337705162818,77.23997992577907,0.0,0.8125821134247984,156.4056185128252,1.9613847639113964,11.0
22300,0.04025582332860622,0.27525320526139324,-9.20390242603032,0.006762379417467113,-0.00261326184901009,0.010154398471758384,-30.3457501934059,14.425781273356773,28.520862224669305,157.59824976279995,1.0658429053629401,4.128114915929871,28.55636380593428,77.24004350332898,0.0,0.7049615534342379,159.51154673922952,3.008976957308209,10.0
22400,-0.21876203283888881,0.4584087053705152,-9.884728887027096,-0.004802329779593792,0.01239513106604571,-0.004231128817164429,-32.02230972891929,11.56156560682744,30.653750851386413,157.59820328233747,1.0658429053629401,4.128114915929871,28.556264327632203,77.23996825549014,0.0,1.64255403308858,160.74908094868758,1.8198350378912067,9.0
22500,-0.007505873120053297,0.9157617621418925,-10.066211795578326,0.00806250079065385,-0.017860972354555187,0.012353994801258913,-30.99284155793952,14.350227758388154,29.001054669722816,157.5773813978924,1.0658429053629401,4.128114915929871,28.55626516127221,77.2400374485557,0.0,0.7864488907813911,159.00766979832747,3.1879596999798583,11.0
22600,0.14870076299232524,0.522642498108212,-10.175561394392153,-0.0004395060266900255,-0.00755710929485143,-0.0030440103639716816,-32.490506468101,11.82398119331199,24.537279276693088,157.57616602810546,1.0658429053629401,4.128114915929871,28.556369295963528,77.23998111922248,0.0,0.9665066539124529,160.5359933921885,6.453362132794611,12.0
22700,0.1417023696012531,0.7421291016622218,-9.705741781072929,-0.004659170551388882,0.017213303622875833,0.014671645761985874,-32.46030816374168,11.430540479757779,31.605111529515103,157.57936835673948,1.0658429053629401,4.128114915929871,28.55631589332853,77.24004839617194,0.0,1.2228923779739984,160.55287977094855,0.876373499986979,10.0
22800,-0.22694359867834002,1.033656265246049,-9.612679322456668,0.015949371599835383,-0.0018603651847022363,0.024023778105325997,-29.653213154749512,12.653923192075657,27.698670013378443,157.56195277146742,1.0658429053629401,4.128114915929871,28.556228861332208,77.24010016336503,0.0,0.8611544066172525,156.61331375291758,5.411722844440523,8.0
22900,0.7432799809366678,0.7892668610303974,-9.882866281725027,0.00037057049552927644,0.011825801154975592,0.012420286133049092,-28.851062793642747,11.554804621839686,31.274325657513863,157.57970765941167,1.0658429053629401,4.128114915929871,28.556284110835314,77.24002926820296,0.0,0.8726233200090706,158.4386860089503,0.2980824253907426,7.0
23000,0.20073094816501322,0.4595168248737579,-9.686019430358575,0.0060419859764616396,-0.0024216444837484594,0.012519170793230786,-33.35176931499692,14.099776278576872,29.079351417357675,157.5686038571533,1.0658429053629401,4.128114915929871,28.556263222926955,77.24003454455352,0.0,1.6139133610990206,158.31463273792068,5.655877827036461,9.0
23100,0.3839529185965469,0.2988727753938943,-9.916432033565997,0.006079072657418582,0.0016623475938480408,0.0154505838536157,-32.70083354610372,13.202430658873723,29.728850421163884,157.56969934983616,1.0658429053629401,4.128114915929871,28.556276432133856,77.24002712659488,0.0,0.4571661552235028,157.1011556093937,4.118324220097485,12.0
23200,-0.573588722517199,0.7744148527349568,-9.87692504384201,0.005774133503843015,0.005802389631402145,-0.006616707731915435,-32.55433336517351,12.636821054173875,28.924231252504494,157.56268778461063,1.0658429053629401,4.128114915929871,28.55635405734623,77.24000432125432,0.0,1.5221599134490014,160.18896519328288,3.8723303776319775,6.0
23300,-0.12401426214481584,0.9350814410984638,-9.909864812399222,0.001959427378286467,-0.007478158380523742,0.012494966139880086,-34.388461428445815,14.460381012683978,27.939226739066083,157.5686266815999,1.0658429053629401,4.128114915929871,28.55628177123968,77.24001558540695,0.0,0.7989865329419813,159.12118470740282,3.912807357821269,13.0
23400,-0.04025344935788813,0.7644977060582517,-9.890809359742237,0.005782294226997941,-0.00470169415837497,0.02163194678512365,-31.94078694074054,15.065621119990382,31.977670353508966,157.56913619662114,1.0658429053629401,4.128114915929871,28.55628703641459,77.23998780577662,0.0,0.0,155.5445637059051,2.1435121237967842,13.0
23500,0.45718253213410076,0.445638125435729,-9.972246217944958,0.010221076219225102,0.006581229961396153,-0.005170790688000111,-32.10872279299929,14.628188358963213,31.14825489125849,157.56000911864697,1.0658429053629401,4.128114915929871,28.556326841021377,77.24004754503778,0.0,1.0026526079457692,160.1870341680627,4.813410869751968,12.0
23600,0.21070156841940405,0.18994838901333672,-9.769310167607726,-0.007934662431639275,-0.004645677675917896,0.0030642428911010775,-34.70075233563958,14.395948905752755,29.87222829371278,157.5540303137932,1.0658429053629401,4.128114915929871,28.556326581496915,77.23998420873787,0.0,0.0,159.45356659024807,2.4039058876859505,13.0
23700,-0.4128754425741564,1.0602082200510954,-9.97381898807735,0.000742581273824796,0.006024901464715574,0.015790576280306255,-32.91881150234549,16.101565204470575,26.551050694446403,157.558306837456,1.0658429053629401,4.128114915929871,28.556300833771164,77.24000038918442,0.0,0.4050059000333924,157.0772637105557,2.3788771835821625,9.0
23800,0.7294560164599779,0.6776902779396754,-9.832628175909917,-0.008508139689804635,0.01428000076444354,-0.019662100352233126,-32.63630348971617,12.86136515415462,28.945652358443475,157.56826004611096,1.0658429053629401,4.128114915929871,28.556230634754993,77.24004466663406,0.0,1.3876486878615164,158.38573711339015,7.017402947389096,13.0
23900,-0.037352721004056094,0.8682551920166032,-9.91058174379699,-0.013644396345261028,-0.0014663538764940667,0.0028782915815716483,-29.11266278528203,14.308359890278703,25.849556195474538,157.55184812827488,1.0658429053629401,4.128114915929871,28.55630253016415,77.24002318575828,0.0,0.8634900753681772,159.70153628115366,2.2002023873483414,12.0
24000,-0.16076289407652242,0.899699720113753,-9.570685038289891,-0.01236492987821378,0.010755887435215362,0.09113330249085409,-33.7784266479426,14.751907347382344,28.29508883208991,157.5508369258547,1.0658429053629401,4.128114915929871,28.556324809311775,77.24002972143579,0.0,1.2052293384048103,158.24864955720432,3.900880359712593,7.0
24100,0.08063344038030258,0.6455116096539426,-9.952572323301936,-0.0138496480439802,-0.001157356914025587,0.10602399461020345,-33.21601026498832,12.370426606919008,29.614041039834323,158.22587185548505,1.0658429053629401,4.128114915929871,28.556280541206302,77.24008322266796,0.0,0.2873701208035264,155.74019913960254,1.7477152747320073,9.0
24200,0.5199094597386236,1.0745846628305098,-9.197692814493061,-0.0011027005950096083,0.013181215402703794,0.12975579589654157,-33.479163599288455,14.83480034799981,29.25028210327637,158.9063442275994,1.0658429053629401,4.128114915929871,28.55626731816587,77.24003060320219,0.0,0.890590885597564,160.50358281272636,1.4265478689932545,6.0
24300,0.5148429272982098,0.6903192407344166,-9.529244142551047,0.008458543130058548,-0.003651744950910223,0.11600679566287687,-35.24114380502299,12.568206810953345,29.174324713736084,159.57453768507295,1.0658429053629401,4.128114915929871,28.556312775638236,77.24000796211864,0.0,1.2555144031500542,158.8457834275107,3.638905893169232,9.0
24400,0.3839343137693015,0.5806532046448893,-9.309949754643492,0.011016972572855343,0.0034917058981218437,0.144178727010737,-33.14872496580976,13.060360973250662,26.199914472722735,160.25243155593026,1.0658429053629401,4.128114915929871,28.55633545609108,77.239987201998,0.0,0.6497161753541786,162.8161239004405,5.138137755087339,7.0
24500,0.760449852193066,0.5717045245269978,-9.753149924486577,0.008312622784479494,0.020564441071617298,0.11203155028648917,-35.50049460070959,12.558788000053868,27.406697765065694,160.92724730773352,1.0658429053629401,4.128114915929871,28.556259889441545,77.2400498508979,0.0,0.6796985911038376,160.18150283823306,1.2731658399892591,13.0
24600,0.5924012298994554,1.0641433366168482,-9.475652496658455,-0.008212543028387153,0.006035283515862156,0.15267999443772903,-32.05915037034229,11.680746040889954,28.12844479871503,161.59594408969534,1.0658429053629401,4.128114915929871,28.55628098933556,77.24000149457505,0.0,0.7923941966767156,161.63842679090507,2.7207200844719344,9.0
24700,-0.08701766584287335,1.0868244576988062,-9.899401956881027,0.006689591625655247,0.009667153375491204,0.11206469206305407,-32.92266607433808,9.889105198639077,31.50799576248652,162.29382274157845,1.0658429053629401,4.128114915929871,28.556286697434484,77.24000223314958,0.0,1.5886694952005347,159.03380420089778,2.1465817523104143,10.0
24800,-0.11399201449830557,0.8089573928312687,-9.504634379178173,-0.025901186111534403,-0.005880829105873634,0.1347208876981427,-33.86412891436547,10.1267234245345,26.113767495296063,162.9818898649591,1.0658429053629401,4.128114915929871,28.556297970598944,77.23999296167614,0.0,1.9878431458307233,166.4799483221384,0.2430947448595937,12.0
24900,-0.6345091579399026,0.4752202275942634,-9.682812305014666,0.005512504055741487,0.005434904132430589,0.11151948711834082,-30.355409899226437,10.883599589439978,22.03858384263554,163.66937756653942,1.0658429053629401,4.128114915929871,28.556263331590014,77.23999856259098,0.0,2.0204558813232145,160.8502604671042,3.665795394102431,11.0
25000,0.15696226060260846,1.200912638970972,-9.861302399512823,-0.0004809124380166427,0.017039096672525168,0.1249464635117994,-35.154892902315424,7.893756832754738,25.684170283987058,164.35211547794262,1.0658429053629401,4.128114915929871,28.556322352756474,77.24007243199124,0.0,1.4917763126818864,166.7809923905491,2.052058306721536,7.0
25100,0.8220432039275573,0.9764031302046281,-9.986727667831705,0.008355173271544534,0.013104383983432513,0.13000100537075293,-35.33507851006617,7.129248114371233,28.805568534659635,165.0523887138795,1.0658429053629401,4.128114915929871,28.556298585948642,77.24007690159465,0.0,1.5728048457778603,165.05888557443282,2.827284581232911,9.0
25200,0.21390292755422563,0.5291233719373387,-9.552715887449335,-0.004368064691873159,0.005778779973615891,0.09047272531957694,-36.56546112202897,8.713352132359091,30.13029889110306,165.72373823241347,1.0658429053629401,4.128114915929871,28.55627250892907,77.23996240529615,0.0,0.9818084706027835,167.36794648396983,2.958562960983529,13.0
25300,0.27128474490150317,0.8294153197607106,-10.529965530831774,0.011030844065334628,0.005439522087888298,0.10682883273669333,-37.18872834469336,10.040185958139526,28.90646233766634,166.38862811449448,1.0658429053629401,4.128114915929871,28.556271762022362,77.23996051955882,0.0,0.6104713258031618,164.91592186453425,3.9916269837344753,7.0
25400,0.4753923995666103,0.645380633926347,-9.850397110040182,0.016805735681266195,0.0229668106672861,0.12181883811247524,-36.01690289017828,9.44949806799009,28.09704562328434,167.06287924125965,1.0658429053629401,4.128114915929871,28.55631227095266,77.24005821805304,0.0,1.5764901101961408,163.51424683167784,1.321709057289061,6.0
25500,-0.006750915083114661,0.9892203430503871,-9.51620911479019,0.02587140937304216,-0.014240926549839411,0.11105513566839831,-31.664506488537064,7.246744989464799,23.977922018867133,167.72501735058697,1.0658429053629401,4.128114915929871,28.556261956547228,77.23998261017276,0.0,0.7776212130496731,168.8771055510044,4.287772086139853,11.0
25600,-1.4250246253793766,0.43240336322531053,-9.638739906502952,0.0024289102412171316,0.009242238928828896,0.12611983877824323,-34.944380748075716,8.63669529035867,24.266865920485593,168.39773901630494,1.0658429053629401,4.128114915929871,28.556238733792114,77.24001937220027,0.0,1.1611544581825606,170.4817084780232,1.5893155649453659,6.0
25700,-1.847764157739309,0.7623852148103489,-10.045209965966947,0.008604759491675069,0.0003535296970625691,0.1188222021944396,-33.557319450794274,6.184298906657236,29.42958874640806,169.07905281406568,1.0658429053629401,4.128114915929871,28.556299174724142,77.23998270561309,0.0,0.0,171.69303041345353,3.8051075936875876,11.0
25800,0.07192772536214036,0.7652116012758519,-9.569634005568316,-0.006153224362249506,-0.006154650072691787,0.12029722144054013,-30.722499602642657,8.573908724835356,28.326890684789895,169.74150181904102,1.0658429053629401,4.128114915929871,28.556297263699403,77.24005367172782,0.0,0.0,170.68387029779777,6.218338210118231,9.0
25900,0.4465214980768598,0.5726540597569086,-9.852537074614672,-0.010966692764575323,-0.0018297718694039646,0.1218477264314436,-33.25279864557502,1.7352605188509989,25.777735792436637,170.4109947283232,1.0658429053629401,4.128114915929871,28.556295935809572,77.24006456440387,0.0,0.6957419981698573,173.31685107678814,5.434100139750694,9.0
26000,0.017130405471378424,0.6776439864325309,-9.590309877738344,0.0036826324717225242,-0.0002742627090683283,0.11962594556276081,-35.264447746342796,3.611307831598698,26.264783592165717,171.09399429616315,1.0658429053629401,4.128114915929871,28.5562963497343,77.24003347141826,0.0,0.2676934235733288,171.33130368983714,2.011887809809414,10.0
26100,0.3442778135704318,1.0670105433296784,-9.177760755769565,0.0018290975284233,0.01366225253011968,0.12364305625322011,-32.38392300371289,5.971341795110378,28.767481653851007,171.7602062205318,1.0658429053629401,4.128114915929871,28.556280763203105,77.24004603892952,0.0,0.0,168.31207239276938,1.3250282032050453,13.0
26200,0.4502882759059601,0.5440155806667205,-9.694799318940914,0.0016222245418701152,-0.007157156699520834,0.09785993987947506,-34.53039814358301,5.937198204478239,29.853016875021414,172.4280129627987,1.0658429053629401,4.128114915929871,28.556260985654408,77.24009336633083,0.0,0.98184197942742,173.5365134785001,1.7625989239875974,13.0
26300,-0.2497847343160536,0.8377318951115504,-9.780224479574608,-0.012788913144228673,0.004592851365544189,0.11302925104278597,-32.805247475771374,5.480950249591488,29.422845420834438,173.0940160332539,1.0658429053629401,4.128114915929871,28.556246563999867,77.24002325228598,0.0,0.0,173.55795432676027,2.9266749054098637,9.0
26400,-0.12266418826057265,0.8385087482115376,-9.980181222258759,0.002112951604014265,0.013738590401422775,0.08725057889133211,-36.248205059988756,5.350492465941725,29.658371630845267,173.76216174565113,1.0658429053629401,4.128114915929871,28.556263182502676,77.2400310141712,0.0,0.04123160142203029,173.25004346387846,3.7060074422455873,8.0
26500,0.15531803973008543,0.24365383024366022,-9.3988531902624,0.012710955004190061,-0.006820832509369538,-0.006699380638008246,-31.706940493381957,6.593352821835226,30.78734643679852,173.7565183200338,1.0658429053629401,4.128114915929871,28.556256103915594,77.24003074666882,0.0,0.0,174.06251552650608,2.1799918450569913,13.0
26600,0.28822249525844534,0.5968062006957269,-10.298675707786224,0.008148792051414572,0.0031006559337892724,0.002720763973872909,-33.0522830047777,3.9411490142012453,23.358777084475857,173.74676462161293,1.0658429053629401,4.128114915929871,28.556262001943345,77.24002840683008,0.0,0.0,174.90364209980638,3.0245734516278224,8.0
26700,0.24569181109572516,0.6221246324729537,-9.925566697124825,0.002384386412189328,0.005316397850551015,-0.0035442502556582113,-34.542117194965414,4.823212122061271,27.91424306216985,173.7263851682204,1.0658429053629401,4.128114915929871,28.556290657962517,77.23999228037208,0.0,0.0,177.85989688216523,4.146584823394273,10.0
26800,0.12334108696895399,0.39546091841664194,-9.553173183246871,0.003973471178469586,0.01671372206491952,-0.011765650476883192,-36.804694949088244,3.787223218247957,26.848265975889635,173.72250690265562,1.0658429053629401,4.128114915929871,28.556311033407134,77.2399924545172,0.0,0.04828586225174959,171.27131290059668,3.691667084525373,13.0
26900,-0.11055608942331022,0.6794967633801101,-9.28505254018316,0.004009260046449801,0.01067664330128434,0.0001312579120498771,-35.9025863820317,1.809061427468727,31.58062340965699,173.72933141861998,1.0658429053629401,4.128114915929871,28.556276261098372,77.24005869550162,0.0,0.4789269130967785,175.89582953859065,1.8643047839862978,13.0
27000,-0.08510173447626163,0.10904524795902604,-9.452191133090265,-0.0072548847797829314,-0.011494004532366282,0.007472244054057111,-33.76972752505854,7.393337602578232,26.983795166710234,173.7289374054286,1.0658429053629401,4.128114915929871,28.55629559826576,77.23996553418318,0.0,0.0,174.10152426171916,3.2502183656221306,9.0
27100,0.4620126208320846,0.6341162464719831,-9.318096628714747,-0.009473991638092885,-0.01311203948188527,0.022152386205758528,-37.37509706848559,3.9575933914554584,31.466873656091582,173.73965277678371,1.0658429053629401,4.128114915929871,28.556282393304862,77.2400106919184,0.0,0.0,176.67735387738753,1.5306282606726789,10.0
27200,0.20370108465622921,0.6233575504328072,-10.168383738451954,-0.005320636100350381,-0.0021155115028277495,0.0017515707998237864,-33.017729289430605,2.300354953563046,26.942081160748614,173.725166926872,1.0658429053629401,4.128114915929871,28.55630258376086,77.24004581511537,0.0,0.0,174.97595772587024,5.4648825101914404,12.0
27300,0.2665112414330453,0.3687263876401339,-9.8134211560395,0.003030164905180627,-0.007616071975340662,0.00825409980435668,-33.794140775605,7.43501218959905,29.10598657701198,173.72723057219568,1.0658429053629401,4.128114915929871,28.556285948091332,77.23998268541453,0.0,0.0,173.2722586039057,2.1604248130760855,13.0
27400,0.29548543747491807,0.13608001475244247,-10.079263082651119,-0.003063178184253855,0.015794989666941504,-0.003938305472642462,-32.04758113416902,4.8844496301613916,24.618014861532615,173.73965943288928,1.0658429053629401,4.128114915929871,28.556315765028735,77.2400108756086,0.0,0.4236887063008549,173.01843217442652,2.680839827711167,11.0
27500,0.5067290767269842,0.8398698359228991,-9.875172468284571,-0.010544817337120017,0.02402234604041264,0.0062515459259526035,-36.496515836158565,-0.46282341966379636,26.917581694929847,173.7407197441134,1.0658429053629401,4.128114915929871,28.556302250777424,77.24005668290621,0.0,0.0,171.91725870827304,0.8080461087275399,7.0
27600,0.3567579208589356,0.9040649370943954,-9.500844951845453,0.0029781493084921435,0.009087907921107726,0.014898543504694228,-35.08463985856183,2.8306201374200937,29.685790670013557,173.73351663970683,1.0658429053629401,4.128114915929871,28.556304209726004,77.24001341863811,0.0,0.5589986230529922,174.91123926809686,3.279491076262052,9.0
27700,0.18447192474368396,0.1577814239205439,-9.523429400543968,0.005170518497455309,0.027389412671902813,-0.003911455839569336,-40.427680252326496,8.223246001982426,27.666190306215068,173.75690772519016,1.0658429053629401,4.128114915929871,28.556279028720052,77.23999571704667,0.0,0.06415558921925069,175.9006167712409,1.918087247032172,12.0
27800,0.17000741588458546,0.8545273121594865,-9.83867266389437,0.006108550054769764,0.005786920339057376,0.011959874582949694,-36.10022254280838,10.350056252178371,27.732277442126087,173.7723017930638,1.0658429053629401,4.128114915929871,28.556257520207826,77.2399849116522,0.0,0.21093667469670951,174.1631692864872,3.1369461605101456,10.0
27900,0.289575917720828,0.5746231241330301,-9.735563749931407,0.025984121312038665,-0.006396083607327486,0.006693951128308587,-35.24599043270868,3.7363389046359003,29.914272298929895,173.7695200253256,1.0658429053629401,4.128114915929871,28.556286816256716,77.24005582815165,0.0,0.0,171.18712193785194,4.723011665825995,6.0
28000,0.3158626957517073,0.6119599783822911,-9.53562020143306,0.008916827328998653,0.010902537130528474,0.0007190652616514183,-37.591392990713906,3.3931829777574496,28.50630762075554,173.75914762811664,1.0658429053629401,4.128114915929871,28.556247198419534,77.24006857171702,0.0,0.4776345527018668,173.27605934203902,1.4408757161312296,6.0
28100,-0.07461639689191668,0.7313748267898006,-9.646775421343737,-0.011160667593393483,-0.007771369663325175,0.0133655730245174,-33.74574552091116,3.4678845269854572,26.708163064136045,173.76704446583042,1.0658429053629401,4.128114915929871,28.55628804606214,77.24002749570013,0.0,0.0,173.17764217122445,5.570401616785897,12.0
28200,0.31413864864194085,0.78776218425559,-9.502665379613672,-0.010368567278501446,-0.006335428928534447,0.007185746763286235,-30.5118585894853,8.95527608982956,29.205767670190028,173.76651513650782,1.0658429053629401,4.128114915929871,28.556302531631676,77.24005580840372,0.0,0.0,174.541247968291,3.031225314063985,9.0
28300,-0.4655326052837736,0.3016435944604661,-9.52243149141179,0.008417399117114026,0.013543387655027404,0.0008580251366635647,-34.557949661912744,1.119073463474129,24.699316265245077,173.78106996584359,1.0658429053629401,4.128114915929871,28.55626982191922,77.23999710213101,0.0,0.04116086938574012,171.63431993075827,0.7040530936088398,6.0
28400,-0.11535520406440855,1.049036664468243,-10.110141136463834,0.003129238067449148,0.010566656749023016,0.02542957001097968,-35.316984448432315,5.368153999196188,24.990305778051866,173.7783089002168,1.0658429053629401,4.128114915929871,28.556281922693753,77.23998906346782,0.0,0.0,172.22395196265452,3.495920051588486,11.0
28500,0.06751297478506059,0.8754747142766715,-9.68689701348152,0.004421744685967422,0.010350212807110955,0.0008484607297084377,-32.927330932096886,5.042764844347419,26.933512981797367,173.77093658408322,1.0658429053629401,4.128114915929871,28.556335193302914,77.2400241741653,0.0,0.0,171.77871382992308,3.379659067858474,12.0
28600,0.28643542611244566,0.5077903976248949,-10.157085634219916,-0.016130325959093122,0.007529672875846126,0.010087885652448825,-34.92305621066224,3.5133699770581766,31.25943022547309,173.77074876242705,1.0658429053629401,4.128114915929871,28.556283853333166,77.24002386252054,0.0,0.0,176.90163839824606,3.583496856368169,13.0
28700,0.12323673923119566,0.7855987860813715,-9.906159310444258,-0.014252731344315699,0.0039259818216565035,0.017080805323409557,-35.519995752664435,3.429254761362936,28.255848678558802,173.76487263247975,1.0658429053629401,4.128114915929871,28.55628136795232,77.23996032161729,0.0,0.0,174.75096561453216,1.814547952408525,9.0
28800,0.015922639805709626,0.39250096814215285,-10.056164912100675,0.002309270861431714,-0.0038649623162884074,0.006658004074315492,-33.28292393142218,2.2725696237266204,30.3515143534594,173.77260663616406,1.0658429053629401,4.128114915929871,28.556186823760385,77.24004829401545,0.0,0.32269226943711427,173.75726437156706,2.8407033018673173,12.0
28900,-0.23913573771499988,0.7042852506380027,-9.491843670513376,-0.007933745971456265,0.005853514391063311,-0.029419865394608447,-36.70977587776595,-0.8359851086573507,26.53459487846049,173.75616446796934,1.0658429053629401,4.128114915929871,28.556300702753493,77.2399516356235,0.0,0.0826083545850025,171.16720936851036,4.8087584324443755,7.0
29000,-0.002105870448862318,0.5003283861172004,-9.816592403689304,0.002663851304054849,0.016707677117732862,-0.06846560814144298,-34.499018017460365,4.53709803132022,29.011708434585806,173.3318587535164,1.0658429053629401,4.128114915929871,28.55626791068241,77.24002239513253,0.0,0.0,175.24776450568052,2.7770732081935816,7.0
29100,0.08393295639617869,0.44620338177482555,-9.889285980555211,-0.0010448050275867994,0.010831210508609695,-0.06741812714564768,-38.063866886305505,6.393762379138275,28.041106979439178,172.92108368053482,1.0658429053629401,4.128114915929871,28.55628170676693,77.24003566881328,0.0,0.049190909905826814,174.99941056986523,3.8280822020703074,13.0
29200,0.4045115061097826,1.2739964209256422,-9.306457771793735,0.004131470553423116,0.013814087167482347,-0.09058381302239353,-36.13122343348615,6.313475017996334,28.134471749944804,172.51705197159782,1.0658429053629401,4.128114915929871,28.556336674327753,77.2400613413077,0.0,0.3327393190622191,174.22870298683023,2.488664094384637,9.0
29300,0.65158472699983,0.21601985036343513,-9.998428942126369,-0.004999615242066709,0.001247052570680524,-0.08396831947745685,-36.949649550695185,4.271063357293638,27.46487178049573,172.09729739872475,1.0658429053629401,4.128114915929871,28.556297192782637,77.24001383391366,0.0,0.0,171.62193523037945,4.808434849926161,6.0
29400,0.1055071247678015,0.8167887158409463,-9.376838435278014,-0.0008825248678603023,-0.0034123471595390266,-0.061604674346199276,-35.415706445282616,2.884560709377006,24.186206172808372,171.68858818208105,1.0658429053629401,4.128114915929871,28.556286474006836,77.24006604364568,0.0,0.7585607403864503,170.75463062575815,3.774810407336468,7.0
29500,-0.36368724160940813,1.0038397567611768,-9.389941911170515,-0.0027616558524797205,0.01155055128270406,-0.08321696316341645,-33.685027010257166,2.078360338737942,28.137970337126525,171.27571565606698,1.0658429053629401,4.128114915929871,28.556282963825016,77.24001594040584,0.0,0.7544727204662716,174.74730335523168,6.036649448833343,10.0
29600,-0.05936596204361916,0.37887982324458774,-9.648787341999657,0.012651667098574099,-0.019789365863939697,-0.06909413922490895,-37.016364006412864,7.124016652622502,29.452296091145527,170.8827475009691,1.0658429053629401,4.128114915929871,28.55630515096442,77.23996659101046,0.0,0.0,171.77175194905053,4.188479860985509,9.0
29700,0.15457491402153334,0.6731072283973842,-10.32514621203572,0.0012970613341371196,0.0012575073441203916,-0.0917641297110643,-32.88629650947833,0.1927037454823184,27.941380106140357,170.48174895149873,1.0658429053629401,4.128114915929871,28.556256704667515,77.24006945590808,0.0,1.1766879520885927,170.37921829910604,3.450050161996435,9.0
29800,0.49764067919326455,0.5874306683640642,-9.916862687177137,0.002128468321012629,-0.00013821377248906998,-0.08498020574591697,-32.269675898335215,5.333908387023299,28.127759066778797,170.0668017148708,1.0658429053629401,4.128114915929871,28.556292900808337,77.24003075681412,0.0,0.5703498596610286,172.77747426403016,3.4283103657684273,13.0
29900,0.7456529159599413,0.9722998649472805,-10.040491728627591,0.03451441797793086,-0.004504581848681918,-0.06354477409079588,-35.71861226178207,6.91944595872682,29.76790219527807,169.63050553988532,1.0658429053629401,4.128114915929871,28.556236213832978,77.23998813860555,0.0,1.2915341810714724,171.53785036630686,3.8651339035769054,9.0
30000,0.12789359333333813,0.4547375134967042,-9.502467566188562,-3.630333710289042e-05,-0.0007260561308591483,-0.07384630756001008,-33.84595470474937,6.955251987001613,29.90986417258271,169.20239111770758,1.0658429053629401,4.128114915929871,28.556288757332798,77.2400190496094,0.0,0.0,168.78342410079753,4.560698286887787,10.0
30100,0.5011516401670384,1.2401404747855884,-9.867402636027276,0.017052545774351124,0.024153614546623087,-0.05623102543965097,-36.939948640253725,4.962310039359748,25.873177043017773,168.79788426755275,1.0658429053629401,4.128114915929871,28.5562775216052,77.24005198003407,0.0,0.7274876102491172,168.96308600323022,2.2180786069993528,7.0
30200,-0.8340202505498447,0.7243921147659284,-9.81533224185786,-0.0008286077916737052,0.012603724380196118,-0.04987194791140591,-33.853741664123156,5.20587288934529,25.60467742942969,168.37798354520788,1.0658429053629401,4.128114915929871,28.55632643244771,77.24005678845678,0.0,0.7863787081568254,170.46438636264477,3.290561903967019,9.0
30300,-0.48206087817278603,-0.02239939378620237,-9.695865053671696,-0.005271830687200131,0.010021445699248299,-0.07482241245803412,-35.209574846306246,6.317602500566664,29.08541922015841,167.9537388737584,1.0658429053629401,4.128114915929871,28.556306163519743,77.24007771188995,0.0,0.0,168.28214531023414,6.2720640764915405,8.0
30400,0.3642743503493421,1.0090429229913433,-9.048033890148869,0.01359658380661342,0.006464002626499459,-0.06311042489691693,-30.537698185733483,6.603295702160249,26.39321954055341,167.53705208147156,1.0658429053629401,4.128114915929871,28.556279125726483,77.24006344360109,0.0,0.0,165.89390871345446,1.4362410069296287,6.0
30500,-0.12439649885778284,0.8451315326325908,-9.319130874227762,0.012372299142965105,0.004579724795450134,-0.06961998305229983,-34.87528585223107,6.927561706523713,26.99430454754886,167.11458126594167,1.0658429053629401,4.128114915929871,28.556272501946573,77.24001215137108,0.0,0.0,165.73592863295545,4.48563953165548,8.0
30600,0.27003725566624603,0.655957723510252,-10.119545561791499,0.005724430648043153,-0.018652661065321707,-0.060676827212555434,-35.26501347724435,11.046817060343619,26.956690582449525,166.69809954857638,1.0658429053629401,4.128114915929871,28.556274205758232,77.24005131331305,0.0,0.0,168.4975747538789,3.2352423674852675,7.0
30700,0.44896571553760145,0.4847757080451707,-9.516798767938448,0.0023954423501203973,0.00494657526825483,-0.06274521649856095,-34.49905791560427,6.285943078103744,27.06535950012706,166.27878319393864,1.0658429053629401,4.128114915929871,28.556261973924567,77.24005961646118,0.0,0.07873486855498955,166.88786425563003,3.2335951558123233,8.0
30800,0.4326136155980307,0.7195372037195863,-9.886988509018988,0.0014991771493751505,-4.667508555129124e-05,-0.06168126726975804,-36.14287281251923,7.854765496647632,28.638807790190782,165.86189755060883,1.0658429053629401,4.128114915929871,28.55629868700251,77.24000779984064,0.0,0.10127507148339573,166.79237541832163,1.5288461364502257,10.0
30900,0.4386029171709078,0.7528100499689594,-10.041663701650789,0.006248287635868205,0.005221979134392034,-0.07108548449674,-35.17946324570417,12.035421065703744,30.719199849465276,165.4468668242916,1.0658429053629401,4.128114915929871,28.55628781118351,77.2400163701644,0.0,0.3356560248718212,168.12169278813536,4.251937011491326,13.0
31000,0.13441775784417456,0.8701423564867903,-9.632680340610426,0.0006249904343196846,0.005329506749463805,-0.07180771534176451,-33.04518883581417,7.986573740590128,26.943499310019256,165.0327087194539,1.0658429053629401,4.128114915929871,28.55633632203655,77.24001142029503,0.0,0.3551228082263679,162.20324073786404,6.93414629024244,12.0
31100,0.08336344529196231,0.6400059791348022,-9.22737626665851,0.0025443870375855366,0.010233776868322329,-0.06837857414695159,-36.21841492387712,13.153541961017995,26.837541739616483,164.6098077525055,1.0658429053629401,4.128114915929871,28.556275977756446,77.240029103407,0.0,0.0,163.2448888418017,3.657975361223659,11.0
31200,0.6478228930213047,1.3425295567308313,-9.903706057323351,-0.011897567584903328,0.0006462309409295906,-0.09207879392193387,-32.91196941392896,11.0723937206797,26.26519494431072,164.1985437426614,1.0658429053629401,4.128114915929871,28.55634040376584,77.24001845016019,0.0,0.676385682980748,162.4680216043868,6.442140337778708,11.0
31300,0.5887676075438852,0.6876954060237509,-9.509554413509738,0.018065224472515868,-0.011023884786654538,-0.07673116638035773,-35.00350284970102,10.341366590713427,26.455168671871174,163.76969085546415,1.0658429053629401,4.128114915929871,28.55628805117496,77.2400578023093,0.0,0.0,161.13768030438155,4.710934092691961,12.0
31400,-0.10044999528707589,0.524795231722653,-9.48150129407348,0.006648039077127643,0.0013175409773947713,-0.06728724253046575,-34.299143247661995,8.214023330392852,27.076226806640985,163.36527449235743,1.0658429053629401,4.128114915929871,28.55632000711587,77.24004532617695,0.0,0.11140213291108575,163.8487449983089,4.438881519625541,10.0
31500,-0.25808709804403596,1.0586209297160936,-9.998229998574145,0.018026731261161447,-0.007911611571162883,-0.06752036799068321,-37.73450670147871,10.81837126559664,31.101143050813747,162.96146987498574,1.0658429053629401,4.128114915929871,28.556239956782676,77.24007793734957,0.0,0.0,165.4755742100446,3.7249955520091937,7.0
31600,0.25784120663786403,0.5607615905631786,-9.07934750077381,-0.00384048111366022,-0.004078339045759451,-0.060771733218898775,-31.558095773810727,7.4394867280492,31.0289729420001,162.5436167226233,1.0658429053629401,4.128114915929871,28.556248687711847,77.24002372741069,0.0,0.0,164.12309755479558,2.2956367734585585,12.0
31700,-0.0952150451708837,0.651707156796518,-9.941950080019913,-0.009830597396225379,0.007517950696936159,-0.0800163088572824,-37.333865234736294,7.363026579808164,30.263909710265395,162.11361538021654,1.0658429053629401,4.128114915929871,28.556261589814845,77.24005501673325,0.0,0.1586982011373299,163.1775889775459,3.7257161530732756,6.0
31800,0.05363729941022685,0.766283479759051,-9.645523866299625,0.015409580933243038,0.010536675187252795,-0.08676182723039183,-34.12634943475933,12.916155536613331,30.438162147986795,161.69158214026317,1.0658429053629401,4.128114915929871,28.556254762382874,77.24002583798541,0.0,0.0,160.57677866229758,3.8902293203516134,9.0
31900,-0.3000271057340331,0.9176675254484787,-9.404428823205079,-0.00845475926689791,0.008817015585326384,-0.06529881436012405,-34.050327278500816,13.009052072284653,30.731007783267287,161.27274411937327,1.0658429053629401,4.128114915929871,28.556269176832465,77.24001076840719,0.0,0.5984568501144697,159.2199040128073,5.072034276729697,13.0
32000,0.04291326030591635,0.7252175085978355,-10.163896568655044,-0.00570545687923747,-0.011494950742044957,-0.0660564938271187,-33.270778646222,10.098436691238454,27.764139820557986,160.86358545704513,1.0658429053629401,4.128114915929871,28.556243818556958,77.24004244099054,0.0,0.0,160.4706810776614,2.2019639084738145,12.0
32100,0.05140637061963495,0.5552963567428578,-9.91081903902171,0.0073137258475558,0.016287605650605302,-0.08462940159585727,-34.344376480301754,12.21184060597258,25.298183382902423,160.43666273216988,1.0658429053629401,4.128114915929871,28.556281586743598,77.24001367080672,0.0,0.0,160.17873821119892,0.6094174192806139,12.0
32200,0.5462525587248526,0.7388417965537254,-10.000881115508937,-0.014343424097142725,-0.001403160491122192,-0.070890329660925,-32.01376933187749,14.545118429898075,26.068796636233042,160.02825526497313,1.0658429053629401,4.128114915929871,28.556278565635147,77.23999625451492,0.0,0.3812843543516947,162.22798872083038,2.5267515531406444,6.0
32300,0.595481609068493,0.833229874621943,-9.187070125754369,-0.0017264624188229076,0.00946183156179326,-0.06555556697692559,-33.05812516099328,11.290274162319625,28.357975737703867,159.6166696778406,1.0658429053629401,4.128114915929871,28.556278785699924,77.2400248554388,0.0,0.0,158.8674813209373,4.437627026440936,6.0
32400,0.5000386045542864,0.44143097757002336,-9.777198015500913,-0.01457830813430512,0.004605082523729675,-0.08693044256202388,-34.46473137060076,8.869103057749406,28.538171964112546,159.20784552957235,1.0658429053629401,4.128114915929871,28.556281205734717,77.24003189210376,0.0,0.0,157.34737917190193,4.125640482663742,7.0
32500,0.12477100555418766,0.29220627712431896,-9.474370334721854,0.011985070084306153,0.007874582927919854,-0.06127106355600752,-35.13472888699234,12.814610103250388,27.094705564494582,158.78066959504736,1.0658429053629401,4.128114915929871,28.556306953640185,77.24003251122203,0.0,0.0,159.63985826985186,5.694120469908935,9.0
32600,0.3725621968196428,0.21354459333886433,-9.533837954552563,-0.015872448065687585,-0.00904844276136587,-0.041719554659180175,-32.58778759661678,12.689657950198354,25.11441614519748,158.36354240428264,1.0658429053629401,4.128114915929871,28.55625149623425,77.24007002079748,0.0,0.5290481431460317,159.1539558125519,2.890513551212708,11.0
32700,0.1950689075442976,0.5773866144101044,-9.77416236348421,0.010323836588198555,0.001303762187613626,0.004284653824525955,-32.27279350653033,13.202891491118072,26.359919179851616,158.36174262124993,1.0658429053629401,4.128114915929871,28.55628759180446,77.24001911469878,0.0,0.5174928264506399,157.8852530126705,3.5846369337680803,9.0
32800,0.3941779870740255,0.7549971078575054,-9.335833137858241,-0.01726582362984215,0.00851002999097707,0.00840882391288271,-31.801321104552375,14.074688207013512,28.012927502338155,158.36547644212968,1.0658429053629401,4.128114915929871,28.55629729298369,77.24003084098632,0.0,0.3116927847400075,156.1868770027509,2.126784692919816,6.0
32900,0.20736124412476883,0.3289883924571519,-10.020126889630115,0.011217565821679314,0.007234116177511471,-0.004175873595622551,-33.744396233124334,13.218228153026644,29.958200017482334,158.3600716247592,1.0658429053629401,4.128114915929871,28.556280302231887,77.2400102784988,0.0,0.0,155.1786422765249,3.5720448104069176,6.0
33000,0.4758023807370374,-0.04699539611616155,-9.698369519227882,-0.01850573299578521,0.01102675881383243,-0.0012806209783070028,-31.621507299233876,15.798712133639505,29.70412687586448,158.35620371091065,1.0658429053629401,4.128114915929871,28.55624906258241,77.23998601603199,0.0,0.0,157.15158200555442,3.093763371237916,7.0
33100,0.20658904041607448,0.5457273738612649,-9.870019670004536,0.00033116955660079104,0.00865256912793979,-0.0005108480299408844,-32.95607137870435,11.726983702102553,30.056474745661628,158.3612949582801,1.0658429053629401,4.128114915929871,28.556250749480597,77.24004598288427,0.0,0.49622153311826933,159.01147078750975,2.6506042994910426,11.0
33200,0.29969517035326726,0.9878976799787653,-9.117338785865769,0.005723687361037887,-0.00996107017542397,-0.010139096696604573,-31.72325439411965,11.099696582772147,28.96115898132894,158.35881280924227,1.0658429053629401,4.128114915929871,28.55627709658452,77.24004596282654,0.0,0.0,158.45643890989382,4.013235351541844,6.0
33300,-0.036848301210431034,1.1377409404172232,-9.901235096533318,0.019614260583460535,0.012764992101268264,0.016395318423373065,-31.600445838797462,16.05856850417722,26.379761957460623,158.3468295638657,1.0658429053629401,4.128114915929871,28.556255587589973,77.23999380145489,0.0,0.42596153253380864,158.99942849781092,5.158265728766039,8.0
33400,0.31711000266920064,0.5202233151474367,-10.257257337398814,-0.005374547378142525,0.0094121472643205,-0.007352647794364513,-30.57608011703376,12.634280126380883,26.105683334192666,158.35635162201922,1.0658429053629401,4.128114915929871,28.556276082844757,77.24001256977189,0.0,0.46393124056232604,161.9502985500393,1.6795365916554537,6.0
33500,0.4622131368537978,0.7043061055096825,-9.430085366037822,-0.005356115020840258,0.011338159427600997,-0.0006008753954508195,-31.731374096034827,13.490575218555284,28.37787390632821,158.35262095464157,1.0658429053629401,4.128114915929871,28.55628499639795,77.24005009961051,0.0,0.2581545925600503,159.98724765913553,3.6034410894143396,12.0
33600,0.6737288456950805,0.7590047822934569,-10.532062115420556,-0.01234141254232941,-0.00833816871977128,0.01147215886092913,-34.3768225261791,13.405858587870725,25.218881249203914,158.35279498653736,1.0658429053629401,4.128114915929871,28.556240824106037,77.24003049894341,0.0,0.9505272133177617,156.2094284401767,1.0287068938895025,13.0
33700,0.28109419835070615,0.9740787520852885,-10.106023780657384,-0.01504466879470625,-0.00557775657222996,0.002161603599863826,-27.83872520887827,12.160218882228845,30.565922842750183,158.37076063995167,1.0658429053629401,4.128114915929871,28.55630950473997,77.24006157936229,0.0,0.601040502126614,159.83910055174076,2.0352606546553904,8.0
33800,-0.009429654674287677,0.5514320551647669,-9.601832334985904,0.008899443319114707,0.007871322589834716,0.01584722212583671,-34.855506398850224,8.708355554652654,28.59018083964028,158.36268739519332,1.0658429053629401,4.128114915929871,28.556282372768678,77.2400085888399,0.0,1.095074880772036,158.53094581699474,2.9751423263318224,6.0
33900,0.2835051685367843,0.66912888826243,-9.684152866669695,0.017526742771998238,-0.008534720050264906,0.10850400476174617,-31.969882383019193,12.304082293164003,28.869732940049133,158.37157225819402,1.0658429053629401,4.128114915929871,28.5562310595106,77.23996387782951,0.0,1.3329419371970879,158.53178092264397,6.090876956838368,7.0
34000,0.18798100264050016,1.2734926321259596,-9.640908518878327,-0.009743725015759912,0.020061450341199206,0.2141421011529219,-30.487758159324912,13.415186571534653,29.417177027530325,159.5635362276121,1.0658429053629401,4.128114915929871,28.556239552346003,77.24001125182986,0.0,0.0,159.1869542258333,2.1855412633096125,6.0
34100,-0.010755834847002849,0.5896176925197524,-9.569942177289894,-0.005357440023951002,-0.0018573907644986055,0.21072721421809398,-33.40652278193255,12.202501902621451,26.291386239989187,160.7768009837736,1.0658429053629401,4.128114915929871,28.55631255439016,77.24002923562811,0.0,0.3953125005107618,156.59603144370388,3.854942391074988,7.0
34200,0.675683948545192,0.6455839345977906,-9.252893003538233,0.0009298134926729047,-0.004855762678505176,0.21447424401294943,-28.90372297824891,10.423462965118565,29.886072906271696,161.96838152920228,1.0658429053629401,4.128114915929871,28.556334403826718,77.24001346699151,0.0,0.6517128816194216,161.30419781560317,1.7958514542070294,11.0
34300,0.3068881604145164,0.2897306919490897,-9.435271149193873,-0.013369433657673069,0.008249831806806277,0.20703968072272833,-33.5292227510671,10.623897485828449,27.219008595087033,163.15216462771565,1.0658429053629401,4.128114915929871,28.556252400943904,77.23996953867388,0.0,1.165426571795979,161.89400190154709,0.4673408617449639,11.0
34400,0.5234543341033644,0.34021819775856615,-9.923491055530633,0.006979855352055571,-0.00580549688571952,0.21007739220671343,-35.74760909474099,14.3155819830523,28.355153992932657,164.3530447381476,1.0658429053629401,4.128114915929871,28.55626834133243,77.24004474633689,0.0,0.0,165.25673274727822,1.7042898179223245,7.0
34500,0.2694516616235235,0.563355813907013,-9.573873040836489,-0.006407478702872846,0.005623762408374143,0.20752737226018875,-38.527182215862155,9.329990553307788,26.49407137157859,165.53614665898584,1.0658429053629401,4.128114915929871,28.5562970032969,77.24001590213821,0.0,0.34151509312960304,167.71863675251532,2.8214946511442713,7.0
34600,0.026109117467570622,0.38636257630054827,-9.583401698461506,0.0008556196254477803,-0.0036897525989011666,0.18279967429517624,-33.53979740728469,13.468831927295218,29.432005318547205,166.7359709096672,1.0658429053629401,4.128114915929871,28.556322966826265,77.24005815456876,0.0,0.029982587795145343,167.51366151157703,1.4257869436179704,11.0
34700,-0.03836933908531753,0.745288512641014,-9.27745822912222,0.008642184018808237,0.005050595520040382,0.2173793032162365,-33.617907824424336,10.620021196632628,30.06213006462735,167.92654690545865,1.0658429053629401,4.128114915929871,28.556256185598233,77.24004304669594,0.0,0.9682619963498434,166.71579460200323,3.670550336064249,13.0
34800,0.1834457864083508,-0.001436860643618476,-9.548379357423737,0.009008933843972774,0.011209377356546295,0.20749920194338767,-34.69782266723296,9.118728665750881,29.765264243439233,169.1135644017548,1.0658429053629401,4.128114915929871,28.55630391361328,77.24004847840969,0.0,0.40731485413283985,169.34578808024492,3.522085735274341,12.0
34900,-0.12250972112060453,0.4070012762310999,-9.847615547319283,0.0017279919218678502,0.01339586004242906,0.22743203919294389,-34.229984045955106,3.2912863837842807,27.729618694918546,170.30775986593966,1.0658429053629401,4.128114915929871,28.556276957268615,77.24000781602014,0.0,0.2545007525220359,169.18447784013878,2.9995905374860277,8.0
35000,0.1395737160372624,0.34582540267086265,-9.649418901194826,0.009356073672556264,0.011787175366696798,0.21187479477867716,-37.730244350013095,3.6014344687702087,29.24954032663394,171.5198940387118,1.0658429053629401,4.128114915929871,28.55626004959158,77.2400442913559,0.0,0.0,172.37875797248512,4.749344300031764,7.0
35100,0.31100345869234025,1.0190336822481263,-10.069852617806182,-0.009611606357542775,0.0035442373077272456,0.19939812685491726,-34.27976861246005,6.932441670157711,29.411720059485564,172.70852197396195,1.0658429053629401,4.128114915929871,28.55629045988581,77.23999581180891,0.0,0.24133200156906415,172.49515213916976,2.6545195863967086,10.0
35200,0.23972151486494003,1.162536263541837,-10.09089305982705,-0.0008590118904658064,-0.0008738652794784705,0.22154704190832347,-34.19910269403488,5.541244743855174,27.27932626810183,173.90630547253733,1.0658429053629401,4.128114915929871,28.556278148499484,77.23998968666247,0.0,0.1955266117264134,175.79618595705233,0.8493687659978844,12.0
35300,-0.2483286006524461,0.25497550007208786,-9.841872424253484,0.016977258952601167,0.022353518686421613,0.20580524422836946,-34.52286186893195,0.6646124781273226,28.72208172647605,175.1079604281038,1.0658429053629401,4.128114915929871,28.55623069542798,77.24004682146061,0.0,0.4087451146784594,173.89437452741123,4.98380299165818,13.0
35400,-0.43343914307681763,0.38659756675669144,-10.118626817895406,0.00968316523901994,-0.004827517177620676,0.2112612622760085,-35.33144738122284,-2.1013220606708884,28.403573956552368,176.33503194222627,1.0658429053629401,4.128114915929871,28.556276018721995,77.2400241310904,0.0,1.3366308527641522,172.25230816569172,3.103566594673408,12.0
35500,0.033343124026361914,0.6448798089586378,-9.53890800473025,0.005243365661006316,-0.002735282729181595,0.21175233118482656,-35.786380928027036,2.997142547484751,25.45986650314852,177.53567695027283,1.0658429053629401,4.128114915929871,28.55626860832516,77.24002030209971,0.0,0.0,179.41990188816808,4.05497973795177,12.0
35600,0.40589031208711757,0.38122257144908944,-10.050135239962232,-0.002141780001148852,0.00411235436877176,0.21095051167406953,-33.81320767638903,1.8586988971329965,30.827158496511117,178.74796477195704,1.0658429053629401,4.128114915929871,28.55629200553527,77.24004953786581,0.0,0.0,175.45634226562083,2.5462027280224833,10.0
35700,-0.18984576741055378,0.39378658790009374,-10.053984542116373,0.0008790964833656489,0.017801672467615746,0.217560808469705,-34.01412196388733,-3.085432762603912,29.367053277245475,179.94858256094636,1.0658429053629401,4.128114915929871,28.556254651800057,77.24006066658026,0.0,0.0,178.0566804039067,5.534474069902751,10.0
35800,-0.06326052477689031,1.0074647463378794,-10.062631369648912,-0.005341568907954698,0.003913979222598585,0.21087267940097065,-35.45219557190184,-1.6042053785225172,32.37178421674262,181.14028314035008,1.0658429053629401,4.128114915929871,28.55628715061845,77.24005157217977,0.0,0.6119716406911337,182.66736059474744,4.651719620424691,13.0
35900,-0.01428286676113738,1.0851422339528638,-9.928211400712446,-0.011991809525243088,0.006656693915226077,0.20483367753712664,-33.64530635388931,-2.267465119880889,29.280143302932448,182.34110675890292,1.0658429053629401,4.128114915929871,28.556283215192195,77.24006855076831,0.0,0.6388919265643221,180.84496819195792,4.2627944404241,13.0
36000,0.0898184063907635,0.648203726293734,-9.707914915865292,-0.000145567590051251,0.01578110909929047,0.19423981884434363,-37.88068529987098,-3.111745979457292,31.808816305879965,183.53233401394192,1.0658429053629401,4.128114915929871,28.556255971077427,77.24000414398346,0.0,0.8240819110587246,187.71483970381362,5.370510712920614,8.0
36100,0.3515448612725103,0.9758911464695852,-9.49966196424043,0.004710439106343993,0.019819930677561135,0.2131265648989575,-33.78357049402592,-2.9136707526643297,27.73486048910066,184.74304826912098,1.0658429053629401,4.128114915929871,28.55629682120854,77.2400454228227,0.0,0.46350829989545245,184.93514329735734,0.31035174422666323,9.0
36200,0.27945026540223633,0.23393442196070863,-9.753059735959152,-0.003954833559543297,-0.009455124543659887,0.20518547705358228,-36.464130231727985,-2.445641703580254,26.41594463493678,185.92929184406233,1.0658429053629401,4.128114915929871,28.556249210977104,77.24002577234222,0.0,0.14984453832277914,187.92073606319093,4.769561076691923,9.0
36300,0.4351973882752945,0.522415178173591,-9.879457493292799,-0.018962678823319822,0.002821303687203503,0.18344737518299045,-32.00600347961119,-1.7396288656570031,28.387901312568644,187.13237361457695,1.0658429053629401,4.128114915929871,28.556292647214114,77.24011147554546,0.0,0.9514412205821111,187.24608667708586,3.2788155231178884,11.0
36400,0.3961353497444632,1.0517603742278685,-9.869691454122757,0.013192200985947457,-0.007263264572983833,0.20876650299438762,-34.36871731276845,-6.128408061404485,30.108855624084264,188.31858782133318,1.0658429053629401,4.128114915929871,28.556301540471694,77.24003108098417,0.0,0.9032854876133952,184.72770402165523,2.522000679196081,12.0
36500,0.23354253545320702,0.34894836152848585,-10.249498840265911,-0.00768245564420689,0.010266257812303451,0.21530348510817,-31.825551056332934,-3.402871899424537,29.906550234722676,189.52642256207378,1.0658429053629401,4.128114915929871,28.556280429403845,77.24001156850784,0.0,0.0,188.03164300429944,2.8972866702757623,10.0
36600,-0.040502406103522376,0.38647680734346196,-9.94661563661453,0.01581235807981851,0.004486608067043956,0.1920366325822486,-30.181281309910258,-7.7321937275298485,28.63818439428808,190.7077355490783,1.0658429053629401,4.128114915929871,28.556264391304577,77.23996638475437,0.0,0.0,193.85783565178926,3.4820911372568073,7.0
36700,0.06621405991327028,0.6483474719039967,-9.690710716160376,-0.013281569065974084,0.00890877428368712,0.22752129150979966,-38.874400587076614,-4.877510391174557,30.154566920573668,191.89955255578835,1.0658429053629401,4.128114915929871,28.55627632774524,77.24001502770861,0.0,0.0,191.13364810060344,3.561510796872202,9.0
36800,0.2871158624543032,0.6073158662554515,-9.518372928948926,-0.004973085327689305,0.021707998745055215,0.21748280230890643,-34.36349801449276,-10.350758621312217,32.019813513453165,193.11216310312926,1.0658429053629401,4.128114915929871,28.556272212756806,77.24001900675263,0.0,0.0,190.5929014733114,1.10223499546051,10.0
36900,0.402343788221434,1.0546020859580618,-9.510642211188436,0.01017548635140331,0.012365099522811332,0.20696292473793876,-35.00390259327563,-12.188509442432588,27.870659638187515,194.3003047839865,1.0658429053629401,4.128114915929871,28.55631492231155,77.2400321413155,0.0,0.3964652624519011,193.1334800854152,2.1625640866078846,7.0
37000,0.13374623489137544,0.4114214345159015,-9.843163546172688,0.006507692822167314,0.007719392718313576,0.12019847992997651,-36.489489149281965,-11.767741780045778,30.790522248487918,195.49380436742607,1.0658429053629401,4.128114915929871,28.55628952018331,77.24000685338434,0.0,0.17349715535496357,196.2629958168243,3.520097167067304,8.0
37100,0.2557312792453309,1.3208654210040485,-9.61795221625529,0.006357639387782573,-0.0021518241153597826,0.012046163821834835,-30.85239928981026,-10.683036239690127,28.665533317669976,195.50314659649194,1.0658429053629401,4.128114915929871,28.55630447319387,77.23999246033677,0.0,0.0,197.66926392270113,4.969503982817817,8.0
37200,-0.26368967131481336,0.3816212385063311,-9.54863372413958,-0.0015156069486162629,-0.006792671970587771,0.017970619589004196,-35.89479682170838,-9.14146700913164,30.138683915983666,195.49073867340158,1.0658429053629401,4.128114915929871,28.556256265825173,77.24002476158041,0.0,0.5921161047879785,193.1777207373247,3.116940588372517,10.0
37300,0.28192501054248786,0.48004032347745973,-10.046648238718564,0.007334680784020632,-0.005892847606262891,-0.003901109080613927,-29.203220676275123,-13.233199391748451,26.10790739256412,195.4826687501248,1.0658429053629401,4.128114915929871,28.5562766884675,77.23996824110219,0.0,0.0,194.67753928691923,3.8093266365412757,13.0
37400,-0.06497463242121121,0.9398487069529577,-9.650326006390237,0.011887685453646359,0.006653683310668058,0.005644904058450923,-33.967090063395744,-10.668588365825215,29.54546992758911,195.468631620617,1.0658429053629401,4.128114915929871,28.55626452166907,77.24007959733717,0.0,0.0,196.05968862463976,2.502488058280893,11.0
37500,0.1650445177803616,0.31259858483917785,-9.936126918324875,0.005733787642303875,-0.006078308723856895,-0.011620139921296756,-32.64687742820295,-12.396626948076685,31.035735757049615,195.4629093685516,1.0658429053629401,4.128114915929871,28.55627443320825,77.23999575257083,0.0,0.0,195.24334447563032,2.1093791380575473,7.0
37600,0.07154366893087497,0.6213849886995404,-9.882921318479616,-0.005791601455776406,0.013417400486580067,0.004082104497543969,-31.38839168779626,-9.834436189262101,28.428033933166798,195.45715961291813,1.0658429053629401,4.128114915929871,28.55627099733387,77.24003880994836,0.0,0.19119706668682543,199.12041799263926,0.10753909076269785,12.0
37700,0.2065261742556514,1.078785443458832,-9.497289292586576,0.0020434029573523976,-0.025517516201806315,0.019214224684151054,-32.19756990958407,-8.595289047011958,30.721334992446494,195.45401789921806,1.0658429053629401,4.128114915929871,28.55627853693012,77.23999245021722,0.0,0.10780350533266846,191.62939644153906,2.3147072402827344,12.0
37800,0.3786124972337406,0.7983853741780012,-9.871872141781438,-0.011903787508313706,0.004396736354928246,-0.010664237433024151,-34.93544999409245,-9.674760169886696,29.904452183953723,195.46403528391087,1.0658429053629401,4.128114915929871,28.55623468787656,77.24004478661486,0.0,0.0,198.74075263513222,3.9891230247083724,13.0
37900,-0.5268200948134723,0.9797460443338293,-9.964142199770906,0.009366057818193049,0.012761824922848452,-0.003604876768286442,-34.609041446045886,-10.791097184654067,27.780182431630863,195.4691155768897,1.0658429053629401,4.128114915929871,28.55621674229642,77.24005143336743,0.0,0.0,194.7213845428024,4.497132351960382,8.0
38000,0.4204269820580272,0.7183095022007022,-9.262657205236408,0.004762587522082183,-0.012682380029728126,-0.0024150483040787088,-29.93304192911345,-11.432521821375268,27.63027446495345,195.45693000817116,1.0658429053629401,4.128114915929871,28.556293262101388,77.24004227008473,0.0,0.1541316312407043,193.77065748112582,2.3096473689996424,8.0
38100,0.1746021116261617,0.7735211197316105,-10.385474752179855,0.020833716680452436,0.017330188961984076,-0.004400502065920947,-33.90547097341841,-7.066108057042262,28.966329572878223,195.4493690844697,1.0658429053629401,4.128114915929871,28.556314098413022,77.24002124001663,0.0,0.041055492570553305,193.95879336995242,0.6166073995929913,11.0
38200,0.4718391092252666,1.4065740316350461,-9.784092727545692,0.0092640346835173,0.0010607599074085932,0.01608077620524818,-36.000052658294834,-10.732820980885638,28.582098010743913,195.4533698492181,1.0658429053629401,4.128114915929871,28.556264641439295,77.23999100560198,0.0,0.0,194.55730362531588,1.8339212103488103,7.0
38300,-0.019341846966974857,0.6659645636737667,-9.719003955622503,-0.0017518599703505488,0.01039063924839385,-0.013256258338702632,-35.4319240968517,-8.902598460140453,29.044097373757857,195.44377828927458,1.0658429053629401,4.128114915929871,28.55623409509338,77.24002906151378,0.0,0.08172544697897542,194.80402891206748,0.7374529157865735,6.0
38400,0.3096777925305851,0.9529375338161462,-9.651412696921822,-0.008918861871170487,0.002477032616240969,-0.007982495091912341,-34.51554007579256,-11.646441120064932,28.359390933859565,195.42308569410915,1.0658429053629401,4.128114915929871,28.556293662727274,77.24005183372329,0.0,0.04177844722617099,195.120059972402,2.2580072159899762,12.0
38500,-0.5701000487388179,0.9928492014878822,-10.043801093240594,0.004850318097618243,0.0004528716493667354,0.016744577369388114,-36.219115236708745,-6.5986243720864515,30.51045971605059,195.4348340214128,1.0658429053629401,4.128114915929871,28.55631630115079,77.24004380244574,0.0,0.035273420741458644,193.88709528715847,4.173092207937334,6.0
38600,0.05270080848333915,0.20272974611689665,-9.382801029602016,0.007493238177795393,0.0015403822757042778,9.801228408460975e-05,-35.86699871330898,-6.682687941203621,26.85854753473047,195.45035268400935,1.0658429053629401,4.128114915929871,28.55630028020849,77.24001261872678,0.0,0.307093207972482,191.5235756900285,4.042539463394048,10.0
38700,-0.45210075346865297,0.5040587414515783,-9.782230963336652,0.0005793754710603782,0.013919136825025935,-0.02042376015546513,-32.39148168663707,-8.594159994287727,26.762506103618307,195.43582016184186,1.0658429053629401,4.128114915929871,28.556285018494858,77.24009591701966,0.0,0.8340102506894564,196.23579486620608,2.3256121307270994,7.0
38800,0.13473974017015133,0.6747249172608741,-10.013413593726328,0.0022383738329869885,0.016003319716634812,-0.004876288493783263,-33.38739757164603,-7.400810869264115,28.67132718111681,195.45199465603577,1.0658429053629401,4.128114915929871,28.556259623549945,77.24002345024303,0.0,0.38017305590470607,196.65940876852787,1.6441510871608334,13.0
38900,0.14913984345626943,1.0370902492757053,-9.306868145336475,0.008286101136843568,-0.009105219325025657,0.007998892898081405,-31.925011841121268,-11.88838848966748,25.884406005576277,195.44194944921563,1.0658429053629401,4.128114915929871,28.55623759158136,77.23999693154929,0.0,0.7366077500881713,194.66430340141625,1.099516782900303,11.0
39000,0.3754845533423107,0.6975560171513411,-10.13611744377343,-0.01186594506449894,0.0015840978313954959,0.004581394105911371,-35.25405609640258,-9.77022372214457,26.147663919323684,195.45192973102044,1.0658429053629401,4.128114915929871,28.556298683822977,77.2400430009366,0.0,0.0,193.60518539951386,2.6228025204441834,9.0
39100,-0.026897114288724322,0.37931301022035524,-9.652546893222052,-0.0008167848651241768,0.009663056165458206,0.01018200178995035,-31.469006312420237,-11.223039338604888,26.663483267711616,195.45637477315358,1.0658429053629401,4.128114915929871,28.556261615787697,77.24008183846388,0.0,0.19288884565305986,196.36707406076042,2.8277566430800922,6.0
39200,0.21290715142965214,0.5802400937172831,-9.666569444976034,0.004957953240425901,-0.0032473434226067783,0.00013414214093895437,-34.199151798783376,-9.609433334478835,29.58157269442168,195.47017790036048,1.0658429053629401,4.128114915929871,28.556267139054388,77.2399952809054,0.0,0.0,199.5261732205946,2.777502588520845,11.0
39300,0.46367911718702237,0.5500406117344271,-9.921690888566266,0.006881123241175008,0.002075081819802947,0.004829007290728353,-37.36977634070625,-8.777477977565773,27.246719735288224,195.4779080817463,1.0658429053629401,4.128114915929871,28.55628001113885,77.24001181030523,0.0,0.0,198.1764408706177,2.5836899569530036,13.0
39400,0.2849563170929835,1.2970882181438346,-9.473142854564092,0.009408520447541688,-0.0021606308253664394,0.010213384282745472,-34.18429080910883,-7.387862472754941,27.937753229842457,195.47698817286326,1.0658429053629401,4.128114915929871,28.55628416214896,77.24002498314394,0.0,0.6503394130358818,194.89430099539624,4.30987305175409,10.0
39500,-0.08620552476980411,0.47411930393056656,-9.571299177046937,-0.002930490747915352,-0.008869420930776348,0.01297421149482977,-33.38253081218064,-10.591385652412749,23.730275102036764,195.46649275863572,1.0658429053629401,4.128114915929871,28.55630393934548,77.24001039964413,0.0,0.6540228570060858,192.00060020918954,2.124124267173797,12.0
39600,0.7464133675780525,0.7903043237743446,-9.945111633049496,0.002958036521768654,0.007758741166182901,-0.0051351758893514515,-34.88360662349264,-11.313937903496374,26.320012305844855,195.48399144280938,1.0658429053629401,4.128114915929871,28.5562683999046,77.24005279715982,0.0,0.04838755690075379,199.17039564784818,5.792988255612535,9.0
39700,0.3020479510843223,0.6262110268104965,-10.068697514141679,0.007713523259554103,0.017942079132091754,-0.008673754095207459,-35.950157016282695,-8.846488296639485,26.155166707693297,195.49257696298284,1.0658429053629401,4.128114915929871,28.556270495965133,77.24005364933738,0.0,0.0,195.60089795690908,4.181503834077887,10.0
39800,-0.33152676677107007,0.3660676299474194,-9.424853792867859,0.008250063457420857,0.016869919904934298,0.02208167922673559,-35.006410405317794,-8.395401388438723,30.874808194303945,195.4847542853051,1.0658429053629401,4.128114915929871,28.55630842773818,77.23999471709311,0.0,0.0,195.6492088982935,4.5330318949673885,10.0
39900,-0.395264544887705,0.8615724298538469,-9.94505413530444,0.01845871890890808,0.0005848301391847945,-0.0014794727739929556,-31.61086161692239,-8.838871585259673,27.02054107269978,195.48656581023116,1.0658429053629401,4.128114915929871,28.556253097504943,77.24001543197038,0.0,0.020560911569169726,190.15930793445577,3.78339547495857,8.0
40000,0.2875727564652303,0.6974621988106715,-9.666131665863954,0.0062930352401717815,0.0028998804596331116,0.006389305283164351,-38.33363997829966,-9.122402025199934,25.900678833435126,195.5011951530158,1.0658429053629401,4.128114915929871,28.556241903142784,77.239997709645,0.0,0.0,193.97248174560553,2.925452409464015,6.0
40100,0.3334545275306178,0.6320305053077823,-9.5120230017092,-0.0013133373477117825,0.003596907181620943,0.009714195653064625,-33.296900128991496,-8.375758876750885,28.767748738435245,195.5017137046323,1.0658429053629401,4.128114915929871,28.556302148946312,77.240011349332,0.0,0.26632599992169653,197.08639541618894,2.6521733681704456,8.0
40200,-0.18617432441211465,0.238983410934333,-10.2573823166314,-0.0027701079004785675,-0.0071135789020783284,-0.016353723748964277,-33.92542755949158,-13.108324441225411,26.470116567208304,195.4896636730576,1.0658429053629401,4.128114915929871,28.556308980165156,77.2400273556969,0.0,1.1500613419783716,197.44092884400055,1.1088948591637307,12.0
40300,-0.016369028545454134,0.8261558416115421,-9.766424187913083,0.007992562527147067,0.0024047109562336725,0.006152780922498129,-35.434315864445885,-8.661559626024035,28.560285201051553,195.49893771158276,1.0658429053629401,4.128114915929871,28.556261473759303,77.23999877996614,0.0,0.0,196.14286991353777,3.3347587434782433,8.0
40400,3.4681106714805052,1.3023886196222492,-9.68956634425997,0.0017178592596633455,-0.003302561214997504,0.0053982654883783475,-33.58552743407959,-9.915626166523836,26.30531721639692,195.498123055065,1.0658429053629401,4.128114915929871,28.556270053870435,77.23999798020694,0.0,0.29602454236057135,196.42100567673006,4.192494488597921,9.0
40500,3.441427328313584,1.3038898419430007,-9.726743704740475,0.0014713465305264428,0.02130107101267311,0.008647508404544832,-33.60317968796514,-12.044714444367424,29.07043309871279,195.50255971355028,1.0658429053629401,4.128114915929871,28.556277892906543,77.2399729089423,0.0,3.063847167170831,196.34065552410175,1.427055999935472,10.0
40600,-0.33144195131563237,0.9723833896835586,-9.617516866533455,-0.012540221836546694,0.006538540483879813,0.0029639973873591737,-31.94449076856959,-8.320411638419806,28.62077510422287,195.53053478038996,1.0658429053629401,4.128114915929871,28.556251842887622,77.24001528029314,0.0,2.1351569086255946,195.73771622294484,2.063632709730413,11.0
40700,0.25598996705092236,0.5000444331611538,-9.070344268485742,0.00968012182287846,0.003640667600259863,-0.007438924345504167,-32.45331214177352,-9.093103020944605,27.171012606611537,195.530557002336,1.0658429053629401,4.128114915929871,28.55624559099636,77.24006704587468,0.0,2.243180673972537,197.55157486584937,3.688206290128125,8.0
40800,-0.16610896953811144,0.6842585471517524,-9.363147991885464,0.0027847113219574113,0.009922458099049798,0.01917248857812949,-32.30182987331771,-11.037653912143913,24.56595764646161,195.54260684538403,1.0658429053629401,4.128114915929871,28.556309155140102,77.23998323102035,0.0,2.3087089254182684,192.4252404075882,2.8443312736544515,8.0
40900,0.3479815326278249,0.36708972780621374,-10.009780381556977,0.004416013428740562,0.01985583905826599,-0.010343299820566736,-36.34557682643985,-10.452717960727758,28.522936617305792,195.536674036243,1.0658429053629401,4.128114915929871,28.556282874403024,77.24006039344205,0.0,2.1644491672366875,195.8694979595926,0.36475468363411956,9.0
41000,0.6655784391435419,0.20564627053520057,-10.405915623586848,0.016296245456768797,0.010861051244091365,0.001760013604174133,-31.605494304995492,-6.089906490632038,27.819190582009366,195.51960939490135,1.0658429053629401,4.128114915929871,28.5562942191335,77.23997564409525,0.0,3.417421427115077,196.71939326496462,3.9995600327158285,7.0
41100,0.4604493178227001,0.7209341065802767,-9.364281304629676,0.02019029544491195,-0.01392141932654994,-0.008446418192059733,-33.73329647621338,-9.664267822847506,30.922189113100487,195.51098277903577,1.0658429053629401,4.128114915929871,28.55626718724811,77.2400711149168,0.0,3.7004807195326155,196.0428632208117,2.7692709962344657,11.0
41200,0.5755027665917662,0.7189089923087576,-9.544378989348328,0.004398548730131103,0.015293728307601569,-0.15306548009876392,-32.9930494355947,-7.509073206842039,25.0013904812051,195.5167636485009,1.0658429053629401,4.128114915929871,28.556244552364586,77.24001618333928,0.0,2.8530394095961227,196.9679274421664,1.3761671830479125,7.0
41300,0.025276817294809073,0.21210966210944746,-9.628926300424695,-0.015682429653184296,-0.013192203156815005,-0.2882074703503392,-31.73903696360123,-13.139783579440152,30.464727418254974,193.8160462118563,1.0658429053629401,4.128114915929871,28.556306390643616,77.23999313228147,0.0,3.010912397827076,195.19454096247543,2.121885239756686,7.0
41400,-0.14860027148507612,-0.5378403882368858,-9.492505561518144,0.009106205168107156,-0.007154804490172923,-0.29682774703077663,-33.363509135601824,-11.587124311483032,28.01881841018077,192.08770260869653,1.0658429053629401,4.128114915929871,28.55628731792269,77.24007642375331,0.0,3.257590024511457,190.6608802057227,2.109857543686044,9.0
41500,-3.6742475398565744,0.5832158862302643,-9.693191899709623,0.00535519444412375,-0.015411929876334433,-0.28445209122501575,-35.8673715207143,-8.394253032340218,27.416155644588954,190.38804296872453,1.0658429053629401,4.128114915929871,28.5562964940238,77.24001931852706,0.0,3.0453544683041924,190.32704158494428,5.659346656033836,7.0
41600,-3.796414681748141,0.6506442646230947,-9.48420010298981,0.010057959970499557,-0.0005216222500575868,-0.292771570207719,-33.926592233395496,-6.265352699729769,27.342796932736793,188.68699919197076,1.0658429053629401,4.128114915929871,28.556279924133626,77.2400278101549,0.0,0.0,185.82758565330656,1.4891258407999903,6.0
41700,-0.4894091118030084,0.29812742519927826,-9.275558884323242,0.00983347793410174,0.007072218678722698,-0.3083471379103578,-38.175408732978156,-3.529445705306249,30.05639587644155,186.99190129002295,1.0658429053629401,4.128114915929871,28.55626237704378,77.23999924968153,0.0,0.0,186.59386163792178,3.2356640785054744,9.0
41800,0.1393124604677221,0.5278731168077967,-9.84448113650536,-0.00359353791314887,0.01116673743002632,-0.30435972988922894,-35.147903159118194,-5.3455647416924315,28.226749789481403,185.28324149342703,1.0658429053629401,4.128114915929871,28.55629794135135,77.24003623081953,0.0,0.0,184.24056909098368,3.4162322410318575,9.0
41900,0.27559485195122035,1.5463304589583724,-9.907939105916595,0.011350739142358957,0.012868159912996169,-0.31946738307425504,-36.43930269596742,0.48132875467223757,27.269465082183324,183.56104436020007,1.0658429053629401,4.128114915929871,28.556286506816697,77.24004814546875,0.0,0.29802421617365676,185.1880043437331,0.9257676559694463,12.0
42000,0.3472544024271244,0.972409357658655,-9.280462973011643,0.01128181044322514,0.005974918544154807,-0.2885590613337907,-38.033052462243354,-2.0040658133295732,28.781717383806765,181.8326617473243,1.0658429053629401,4.128114915929871,28.55624611810529,77.24008307552194,0.0,0.12230497375852135,178.9562884568669,2.868969271649795,8.0
42100,-0.07121433880085104,0.886257928894874,-9.834580350681533,0.006728680647091159,-0.009722951742125903,-0.28690479135946884,-37.243074926590396,-0.9171635895439363,29.326891621699698,180.1429509796302,1.0658429053629401,4.128114915929871,28.556300101079096,77.24002134928773,0.0,0.9124775218664992,182.053518799844,2.0867510148259756,7.0
42200,0.392094697205394,1.1680478379225465,-9.75478562709653,-0.004506761911842228,0.015310051424879251,-0.3104218704215381,-35.151480009053344,5.3242983432086906,27.9892569577176,178.4427347806743,1.0658429053629401,4.128114915929871,28.556279626664825,77.24003455293725,0.0,0.16687616839622976,182.08234863423914,5.003722464015522,13.0
42300,-0.5966476466853168,0.21268294421696993,-10.191208844184418,-0.010590697011564905,0.021705053409803946,-0.2893664868456798,-33.885179191141084,3.4001049450645704,29.693665328746157,176.74285206968062,1.0658429053629401,4.128114915929871,28.55627437277412,77.24001703476485,0.0,0.0,175.66158177544656,3.64105592798089,10.0
42400,0.06732172170821772,0.7263113881738504,-10.215258550062073,0.016792451944102366,0.015503866192542713,-0.3030548300963041,-30.72245743099773,3.6589907350291577,26.90141756855772,175.04279077672766,1.0658429053629401,4.128114915929871,28.556286000254943,77.23999891180252,0.0,0.0,173.63179203735555,1.2808161237405942,13.0
42500,0.18898124492877694,0.9161663214084388,-9.938766337740647,-0.019517745339174074,0.0005675346119971532,-0.3034368918973248,-32.571288108954256,5.771458744236002,30.6308203680057,173.32463387061708,1.0658429053629401,4.128114915929871,28.556257200605533,77.24001561632912,0.0,0.3445672628207291,175.64425678853885,0.4393070932505063,7.0
42600,0.1431768558476723,0.19121511572477212,-9.615607443860174,0.021080352072859194,0.0067208228546888436,-0.30812436244459257,-34.25338897741848,7.577335683013207,30.2817136424562,171.6241988844569,1.0658429053629401,4.128114915929871,28.556228955379606,77.24000225376925,0.0,0.11320157392328159,169.84914306194344,5.182332587057248,13.0
42700,-0.011502170011693097,-0.13715234793299347,-9.676998797377086,0.02445867230510444,-0.0005048847553392796,-0.29897160172953585,-35.37317163942309,4.032586085510395,26.93635525794585,169.9265300706202,1.0658429053629401,4.128114915929871,28.556257855940327,77.23998979666568,0.0,0.5468530068383716,173.78763808183197,3.5937059070344723,7.0
42800,-0.09296292989522636,1.1510155948396013,-9.972453794785068,-0.002025032508336066,0.015833594851979382,-0.303143760056657,-33.299605530363074,7.243913336103632,30.185353002175805,168.2384549912261,1.0658429053629401,4.128114915929871,28.556225107061582,77.24005659988691,0.0,0.4697979129651887,165.66812933175234,5.867233425168159,6.0
42900,0.34856738243251456,0.9797708666080935,-9.889369843835553,0.0014213268648971538,0.011988710319324133,-0.27361104471047376,-30.53459096146306,11.366561359506097,28.198415119883688,166.52580386232881,1.0658429053629401,4.128114915929871,28.55629085107369,77.24004679967882,0.0,0.011065792090460082,162.27298738938484,5.751808364204106,6.0
43000,0.08276977010087903,0.35416228000829014,-9.632163104105945,-0.0027876679038014137,0.012467628333875214,-0.2787471882885056,-31.841773880909724,9.355971415881685,32.66970033885778,164.81785926745852,1.0658429053629401,4.128114915929871,28.556252285735884,77.23998404758026,0.0,0.0,165.44651579378188,5.591962829258707,10.0
43100,0.33505285379920213,0.7284862707331587,-9.554790444725496,0.008013802743100915,-0.0008237483046174884,-0.30296557673384655,-31.714173938333513,13.368321893875645,27.347877606849146,163.11875291899256,1.0658429053629401,4.128114915929871,28.5562698190344,77.23995231977395,0.0,0.406411595464448,163.13813289703526,4.106689347497358,11.0
43200,-0.21836213889988235,0.17986097723488775,-9.83532204710577,0.008634599171458774,0.005040391211347614,-0.3006733854278681,-34.349613901291896,9.261046337926572,28.982635471644254,161.43249163937458,1.0658429053629401,4.128114915929871,28.55628238945638,77.2400369359602,0.0,0.0,162.34023489085217,2.506847473892962,7.0
43300,0.24805139417889036,0.9774210612484127,-9.815845262576492,0.0017846739749084097,-0.0021376224672960686,-0.2995252947115117,-33.124706185692126,14.510628153416686,29.056319810796513,159.71825387583448,1.0658429053629401,4.128114915929871,28.556240355924576,77.23999250374027,0.0,0.0,164.32236155889967,1.243633057350019,8.0
43400,0.14003949030725693,0.34809524664468044,-9.206743126688492,-0.005243302466450599,0.014538100602028953,-0.2858958842903513,-32.11119790187551,12.008550104819731,28.637672598711244,158.0056304337984,1.0658429053629401,4.128114915929871,28.556262777044815,77.23994200211999,0.0,0.790611452306941,162.10357434447062,3.8085557749126537,7.0
43500,0.2959681350701504,0.4224001796359421,-9.867471233070333,0.006121558894975254,0.03135903477996948,-0.30468324953392434,-31.924942358892203,15.059272458550389,27.476765516730296,156.29322866862512,1.0658429053629401,4.128114915929871,28.556301213706956,77.24000648531589,0.0,0.9210286063655284,159.46674629219598,2.954456345593964,6.0
43600,-0.10775930519447952,1.0537529310220402,-9.867948345059496,0.00602308936337578,-0.0072047982261152525,-0.28291839884267456,-29.092584980763156,16.015917957020598,26.320554276827963,154.59786364127163,1.0658429053629401,4.128114915929871,28.556290371477502,77.24003619345699,0.0,0.48879466872741484,156.32785562579997,2.816826768084066,7.0
43700,0.06039520312890412,0.9745928397540848,-9.556512803216195,-0.008502074510984982,0.0003255039464945559,-0.2824860779336428,-31.586712725568614,16.034292235733258,26.687603242579694,152.87630679744774,1.0658429053629401,4.128114915929871,28.556243736728423,77.24001076087227,0.0,0.0,151.569786903903,3.269227136520401,7.0
43800,0.14558838936494878,0.7595641788760815,-9.641992870693986,0.00618206308304379,-0.0018202417456484868,-0.1533788330672478,-29.682120090927352,13.235101590117612,26.629455184932908,151.16116814929808,1.0658429053629401,4.128114915929871,28.556280990886535,77.24004529982305,0.0,0.7568610642561715,152.3487867796697,2.742471332220536,7.0
43900,0.5557149796739858,1.0577346538119936,-9.417471921311506,-0.005976275069781656,-0.002309068832093427,0.015556268797666768,-30.580009010325647,16.430782461276983,35.15566155597187,151.16568375447903,1.0658429053629401,4.128114915929871,28.556296556341678,77.24001841291137,0.0,0.6167737680451318,151.80829955952757,4.433692484258341,11.0
44000,0.22732967450720143,0.4788631765144322,-9.671003918751756,-0.0052178111731975094,-0.008900115212055425,-0.00992491256443069,-28.66467316292565,15.608197276900258,27.79953417372813,151.1669885337705,1.0658429053629401,4.128114915929871,28.556270868451453,77.24003501357447,0.0,0.0,151.84436876717558,1.246972637226751,6.0
44100,0.1260823026342287,0.9258980145114657,-10.199829543189383,-0.007457255971362616,0.019103279668668767,0.016298832358855365,-26.611156221021044,18.754492106799685,30.70400257803029,151.17902829354819,1.0658429053629401,4.128114915929871,28.556284774591614,77.24000524209852,0.0,0.6152786055103066,151.93719998075346,0.8034357863960073,10.0
44200,0.1860622995850501,0.375764211976961,-8.974973795200135,-0.01084066096983237,-0.0059401875682042445,-0.013956155549900331,-33.85266767022765,13.374933921938629,24.094422016760006,151.20461535759432,1.0658429053629401,4.128114915929871,28.55622477877074,77.23999308788069,0.0,0.320715983501817,151.77855388809826,0.8218595303104759,13.0
44300,-0.11365213814544123,0.6900782214574805,-9.566125615259297,0.01542062200732909,0.002961978359102691,0.002178391698485509,-32.43223369499492,18.740069573090803,27.833284614486796,151.20385305686713,1.0658429053629401,4.128114915929871,28.55627665033567,77.23996234660262,0.0,0.522726402334484,152.74946306937417,2.034972218167295,10.0
44400,-0.5117041041314023,0.36024604006382205,-9.856154020732514,0.005480566247201979,0.009175768756827383,0.013012470375879989,-29.104712580708746,18.216598892580297,26.823733555414016,151.2098293642838,1.0658429053629401,4.128114915929871,28.556268140017185,77.24003016720282,0.0,1.5014663152384111,151.5276815778768,5.370145707510771,7.0
44500,-0.5902980384289568,0.7663941998675532,-9.726586475172537,0.023578648061871824,0.006387080107076754,0.01383909081433372,-31.822297866022787,15.014031445867479,27.92130354904386,151.22494004749822,1.0658429053629401,4.128114915929871,28.556229507771107,77.240078306565,0.0,0.0,148.76628763357442,2.7710389774764748,11.0
44600,-0.08591229305547338,0.5764883285422081,-10.241114713742402,-0.02867269860477336,-0.005364865211903072,-0.018913040831279364,-30.73142192476019,15.288085469673545,31.0523926342046,151.2086630400482,1.0658429053629401,4.128114915929871,28.556286156847033,77.24000270335632,0.0,0.0,152.37709513890718,1.9948306699184655,11.0
44700,0.17589681477451163,0.6121445990463009,-9.523018633013239,-0.0010463102417847974,0.013147606135665308,-0.001809771194289756,-30.295065300343335,18.243585567707488,28.351020403738623,151.23166487360913,1.0658429053629401,4.128114915929871,28.556278124874826,77.24006889352287,0.0,0.3485407177904453,149.0427896299692,1.8184057965813523,12.0
44800,0.166884907869254,0.18259009648264335,-9.466971158336559,-0.002568102024513086,-0.0036766166686773736,-0.013207904727846522,-31.543318784934854,18.40437076214088,29.55898874368884,151.23777226408941,1.0658429053629401,4.128114915929871,28.556275869268465,77.23999780318859,0.0,0.0,153.07545249277982,3.5155793647364026,7.0
44900,-0.12733166338665378,0.8032934570083043,-10.073270695547011,-0.012474343985053604,0.015123865194846372,-0.004295800140502172,-31.43894411414938,19.761307438574317,32.452442524063564,151.23271045987798,1.0658429053629401,4.128114915929871,28.556280316448913,77.24004761887349,0.0,0.0,152.93053576407692,1.3605260605925897,8.0
45000,0.45333641424936155,0.4777939608762295,-9.675919971153666,0.0018875946002731285,-0.01170094488379458,0.007658828294517808,-29.834335821954184,17.396266323098132,29.132145020565485,151.23697501184014,1.0658429053629401,4.128114915929871,28.556246011806465,77.24001188129978,0.0,0.6838157397416743,151.8783934480536,4.520148241650155,13.0
45100,-0.12410288047994797,0.3450906459017919,-9.919412090353438,0.004740141646932191,0.01378931643400429,0.003577179107203599,-31.335316563836628,19.963922815813426,31.995346885892594,151.25185200513647,1.0658429053629401,4.128114915929871,28.556258841201448,77.24002135339703,0.0,0.009984023690170568,154.37507749231617,3.971668923504677,10.0
45200,0.291684276565271,0.8009855903075835,-10.239962666504137,-0.0006748190139235556,-0.001736618503490492,0.00750427543879798,-31.071916977135277,19.980842264426496,25.79442961102223,151.2556454370531,1.0658429053629401,4.128114915929871,28.556265847311966,77.24001137223672,0.0,0.7681605540309886,151.78626393590977,1.8524253080255921,6.0
45300,0.1560808317634464,0.64648889117496,-9.822940178528047,0.013429144453391245,0.011155371327585225,-0.007517659366584784,-29.333796656133586,20.327008082762116,27.08469555585474,151.25663786250698,1.0658429053629401,4.128114915929871,28.55628032150744,77.24001423080597,0.0,0.8016367467594746,153.3311167939188,2.8411808551654576,13.0
45400,0.18113083816365466,0.669233694707228,-9.928427267203062,0.019713312003608652,0.0006073127810020092,-0.0027232421740739495,-31.766298193153098,13.89775336474945,27.947165609792002,151.26305342688127,1.0658429053629401,4.128114915929871,28.556297321242553,77.2399788963609,0.0,0.0,149.68888224359162,4.027883082463554,6.0
45500,-0.08366027870527687,0.7752763436593813,-9.587663210789767,-0.018203277107064167,0.01615645248119584,0.003498708276255573,-30.1695537375389,14.567073333557172,29.528319056125714,151.26017653027264,1.0658429053629401,4.128114915929871,28.55626856700319,77.24006120039344,0.0,0.0,154.94150716737872,5.479146850712436,9.0
45600,-0.04672524004128997,0.9528940785828359,-9.780299337082234,0.0017824964786367858,0.013076413052545286,0.014519592593598942,-30.68610435289895,16.423699416339,31.02488678188378,151.2566939120786,1.0658429053629401,4.128114915929871,28.556293322937897,77.24006975003542,0.0,0.20305011675000365,151.41278017658811,1.7447244988648316,10.0
45700,0.6637799396159049,0.7248312989651379,-10.008156459883187,0.004290368468083032,0.0069388881769370785,0.005663869854834578,-29.482892645676827,18.388735438564233,30.611473857176552,151.2600191135039,1.0658429053629401,4.128114915929871,28.55624842698962,77.24001754641553,0.0,0.0,146.39958583053817,3.261971385124131,8.0
45800,0.013779194442470832,0.17496680326795394,-9.689066521222006,0.0018670579029990849,0.007561593090813166,-0.0014821249656199516,-28.9229739273532,20.85696693879445,28.25092610821798,151.25367553476573,1.0658429053629401,4.128114915929871,28.556218102704793,77.23999687066738,0.0,0.8899644054332332,151.36748295159353,2.2207868920108083,13.0
45900,0.6248530091593322,0.7709420776508583,-10.165441104556352,0.006378802762835318,0.008944528995498012,0.007689799352262312,-30.333115266023732,16.263094561510897,30.207486609937657,151.26532574699743,1.0658429053629401,4.128114915929871,28.556330126065536,77.240033374325,0.0,0.10675096067844393,151.57149772080157,2.7644325481976173,8.0
46000,-0.2798047398997552,0.5402829313271333,-9.703256899775457,-0.0027707865842225288,-0.0030219099131466795,0.026249675799980686,-32.76828927676818,17.107657944346304,26.42082915567921,151.277473231148,1.0658429053629401,4.128114915929871,28.556276992502966,77.23999173502553,0.0,0.0,152.80819580141244,4.864941543504848,13.0
46100,0.1666373894462886,0.6527635527576754,-9.441674600214618,0.004726771454718665,-0.010087877335589471,-0.01670591767214092,-30.899266760936115,15.794198223352696,27.00637660590222,151.26844322214217,1.0658429053629401,4.128114915929871,28.556277197185292,77.24002231195651,0.0,0.34251140791686635,152.4981428217558,4.191500900387754,8.0
46200,0.39412005947850004,0.6368495539534708,-9.951241626119582,-0.007743468875735957,0.00859757382207051,0.0071078960752019756,-31.155392335402365,13.384923851388294,27.13390478745447,151.26533033907182,1.0658429053629401,4.128114915929871,28.556298944267873,77.24002638641427,0.0,0.0,149.72945095684202,2.289969226032591,8.0
46300,0.5199724508384762,0.7107254338583004,-10.053970728672384,0.0010821957233928382,0.002083669029471133,0.0014430628266595934,-31.067809534049736,20.046290401519364,29.22605589052184,151.27407325404732,1.0658429053629401,4.128114915929871,28.556272329583535,77.24002136761423,0.0,0.48487786841050584,150.3934202471125,2.2959395899000805,10.0
46400,0.11313088224514652,1.2358450291064191,-9.530308805692691,0.002576063780778811,-0.0050966293629003305,-0.002652726345056953,-30.623581888309243,18.45446585012532,27.762460555855945,151.28935742020911,1.0658429053629401,4.128114915929871,28.556261887385652,77.24002812107406,0.0,0.0,149.2351106863631,2.6487373763833277,7.0
46500,0.3828475943113625,0.7453306442401233,-10.043973606921462,0.0005948303641081638,0.008960372253572515,-0.011123255631850851,-33.345170727829114,15.040752084586636,27.284877219590896,151.2883748177751,1.0658429053629401,4.128114915929871,28.55627332296249,77.2400176660312,0.0,0.0,151.78200662532382,3.7858216747667317,8.0
46600,-0.0534426612690731,1.1313425286818861,-9.488337225587118,-0.013953208161429271,0.003091783864673847,-0.016090702372253768,-30.538830051707713,18.71722611044005,29.685033049661218,151.29091487746967,1.0658429053629401,4.128114915929871,28.556286535547436,77.24003447425683,0.0,0.5288739910038073,151.04364765771334,3.6038319056795767,12.0
46700,-0.06664015670038395,0.7402193364475382,-9.442032335960674,-0.020867752687539244,0.00022040991292743978,-0.008098216759229289,-30.902549470590028,15.333015110321268,29.24342158902086,151.30053438223587,1.0658429053629401,4.128114915929871,28.556291015099486,77.2400086267329,0.0,0.38170516163111023,152.58823313692213,1.2034323998981469,9.0
46800,0.46281892324059115,0.404884000066992,-9.917115094096383,-0.00446669657803318,-0.002172584524229422,0.010374863474631842,-33.82489166373678,16.597059627605734,27.83319168771941,151.30668767341263,1.0658429053629401,4.128114915929871,28.556234969066686,77.23999990456517,0.0,0.38917281609176846,151.72863722282762,4.245088227328342,13.0
46900,-0.41524747542509444,0.6642013175493212,-9.620841453109936,0.021373775809202637,-0.001114504571332847,0.014257533754554345,-31.776372007709085,22.15339025952138,28.040639893052667,151.29611170407134,1.0658429053629401,4.128114915929871,28.55630226923453,77.24003350191441,0.0,0.0,151.92504583936795,1.1409394763177798,6.0
47000,-0.2024007062198868,0.43029185192760344,-9.943742144715673,-0.008937899494973773,-0.004095870269152912,-0.0034748346998963904,-32.25827397837648,15.483546601411902,31.390540597000058,151.28992411504524,1.0658429053629401,4.128114915929871,28.556268489555542,77.2400304627252,0.0,0.0,154.41010614097218,2.934865823994838,8.0
47100,0.2549932407740081,0.5869875252205533,-9.49329170299182,0.005682433404138312,0.012569106538103624,-0.0018710808369860224,-33.883174660192175,17.133866148613784,28.969016766820772,151.28151108523159,1.0658429053629401,4.128114915929871,28.556323772959043,77.2400067665935,0.0,0.0,151.6134607045229,5.154296900995769,7.0
47200,0.07274984649542132,0.48358123745923753,-9.778004497114434,-0.008595450115346664,0.02010748004191512,-0.002304284302653503,-32.905139126510896,15.699929953240217,31.96601843358884,151.2759887956159,1.0658429053629401,4.128114915929871,28.556315080937726,77.24004314137105,0.0,0.0,152.28309463148332,2.6745050641850803,13.0
47300,-0.19718183156652128,0.5491849335383063,-9.787396219964378,-0.0019497254420364398,0.008603053508534996,0.001462001039624128,-31.529377889638265,16.798492932064175,30.069969744810177,151.27154867119864,1.0658429053629401,4.128114915929871,28.556319839006875,77.24002516489134,0.0,0.005405973317982552,150.70353310056836,4.151992951782264,6.0
47400,0.1294150643409233,0.44648312412233665,-10.271756904258423,-0.002934675198940295,-0.00029896621767431034,0.015804851779062105,-27.047989773862444,15.762388927036184,27.378658171661247,151.26897886524694,1.0658429053629401,4.128114915929871,28.556281486595413,77.24000308737034,0.0,0.0,149.63602650859823,3.1090838350748324,11.0
47500,0.29167582470533415,0.5647582916886436,-9.333216638141861,0.020771956111256318,-0.002236516455693993,0.011596582037767178,-30.246403783659254,14.741687993170963,29.26739385398726,151.27933529969775,1.0658429053629401,4.128114915929871,28.556283275658117,77.24003060008786,0.0,0.0,149.24042016084857,4.554943123669874,7.0
47600,0.19127772745462587,0.9313937307937054,-9.616383324166371,-0.0019759252832621723,0.005019180765146063,0.009354336952784707,-30.228995304820682,17.665287431300236,23.86544151483623,151.2848947174572,1.0658429053629401,4.128114915929871,28.556276702630203,77.24005923248652,0.0,0.4629970491786994,152.45822437014408,2.8624863508451823,7.0
47700,0.1216973143668513,0.2507447634333259,-9.453496392214918,-0.002918516966726366,0.004095620045116462,-0.008021638932661196,-30.299007620706057,14.732046626692965,25.931291333552657,151.2810909210833,1.0658429053629401,4.128114915929871,28.556227184594505,77.2399887815627,0.0,0.0,150.83204377398692,4.814367282824386,6.0
47800,0.3649496418703636,0.9111691351273359,-9.865645274594476,-0.004826041136346096,0.013271170901462521,0.0035409516235191695,-32.116747496991344,19.288539569326687,29.717941010859313,151.2855489880416,1.0658429053629401,4.128114915929871,28.556255204016708,77.24003885633857,0.0,0.728266424024406,148.04024144517186,2.7279777931834497,10.0
47900,-0.2669279738549798,0.3089380985187192,-9.85039087649587,0.014124188159142244,-0.017441267269257814,0.17712683784111075,-34.963454268818616,16.45768788377491,29.607217557802226,151.27816500636268,1.0658429053629401,4.128114915929871,28.556211299397983,77.24003833359365,0.0,0.20354330149486408,151.665849376738,4.206184460976168,10.0
48000,0.15800171479529002,0.7252544977566059,-9.456418115128322,-0.00015822916430967954,0.010275564958034574,0.37157600533744434,-30.031732465441387,13.871540369584174,26.400547838111766,153.4345647369254,1.0658429053629401,4.128114915929871,28.55629282980786,77.24004598349904,0.0,0.340500742590385,153.5701780257915,3.0416101075838533,11.0
48100,0.19949204780288327,0.7225493486226803,-10.266057871231228,0.01050610737278328,0.0031492485300459658,0.3785516609736491,-30.912488699040612,15.510451445881307,24.70848477262062,155.6160395375842,1.0658429053629401,4.128114915929871,28.556293622568806,77.23999338035706,0.0,0.36782060530998845,160.37893760737657,3.21098891906314,8.0
48200,0.1691565551584247,0.7651647008837741,-9.644006581552238,0.0007029319545072566,-0.01038628309025598,0.3592724328934925,-29.997996980086302,13.643673312948996,30.52108467692126,157.79722741458605,1.0658429053629401,4.128114915929871,28.556318837053084,77.24006145855378,0.0,0.6076626701222295,159.33372162568975,1.2306750438903835,10.0
48300,0.103682627766613,0.45853481717899713,-9.966597236858052,-0.00927496538143667,0.015114902175132186,0.3830067527276268,-35.28568589919125,11.193014906641311,30.743082912784903,159.9560157198893,1.0658429053629401,4.128114915929871,28.556271997279687,77.23999120112995,0.0,0.0,161.92650613399186,2.577739422003218,10.0
48400,-0.15650418123848292,0.5711430252035222,-10.039978544562887,0.02279613719360037,-0.00315988791449501,0.39265893736692375,-31.79322557324968,11.198664313286958,27.277177200346706,162.13531153815558,1.0658429053629401,4.128114915929871,28.556266538496313,77.24000487489161,0.0,0.6024171373535185,160.32529673979224,1.393826227474021,11.0
48500,-0.44089827692003325,1.0272686834548628,-9.365889156341783,0.0016010267195317512,-0.0002475359657978793,0.3914854870890759,-33.96933290039623,7.839823416394092,26.947659644221744,164.30296329629064,1.0658429053629401,4.128114915929871,28.556267467316655,77.24004399910525,0.0,0.5557235526182457,164.74336675882745,2.4881492954901003,9.0
48600,0.25472259133338354,1.124821360201768,-9.696718794701162,-0.009361050091833058,0.008458185988852236,0.3838030324277334,-34.225135415808715,5.796789435117472,24.952612459360488,166.46352243422427,1.0658429053629401,4.128114915929871,28.5562716754923,77.24005833034099,0.0,0.0,168.42677644247937,4.658526181475433,7.0
48700,0.2841130588043468,0.6366062074237053,-9.94871843494782,-0.024254789646297275,0.012986554751701233,0.3651910953342072,-33.643264435708424,10.298466709029338,28.4008282668378,168.6321524515046,1.0658429053629401,4.128114915929871,28.55625645390512,77.24001599613551,0.0,0.0,170.68113821681067,3.339028206412717,9.0
48800,0.07693426645438138,1.4925524616135943,-10.23205110840869,0.0003935732565444834,0.008382445666899172,0.3895037584529087,-31.812501469342614,5.436823167512518,28.400804308991354,170.8049905280559,1.0658429053629401,4.128114915929871,28.55623576230768,77.24003748894559,0.0,0.0,170.84464905218348,1.1651927599307221,13.0
48900,0.37393523375253196,0.6897978388974463,-9.638418927030482,0.009082905539242066,0.0014889288696814038,0.37171992059741477,-32.63312856216367,5.618842900749197,29.42941610367943,172.98113736172792,1.0658429053629401,4.128114915929871,28.556268963122296,77.2400513310876,0.0,0.0,174.88734330000037,4.066238414744115,10.0
49000,0.10708487188153061,0.4892603218251549,-9.7478459277988,0.002038442833252262,0.00571914471785244,0.3734674075642127,-35.42186647618993,2.582127302390712,30.493123115320234,175.14785773222306,1.0658429053629401,4.128114915929871,28.55624371698043,77.24000000970402,0.0,0.5777531099558397,175.4484230487587,4.090297781650785,10.0
49100,-0.03253133486605955,0.035736996322286996,-9.701503140705807,0.00916245216089577,0.007039402163110961,0.3721034239663063,-37.65013887822532,-0.7350710897594745,28.165776848511868,177.30054622857594,1.0658429053629401,4.128114915929871,28.55621521124335,77.24004322033137,0.0,0.5550715902188,176.78270762086834,3.5639512979031966,9.0
49200,-0.14351442089541666,0.42290656781572206,-9.389470981128474,-0.004470801429407034,-0.010772323225972526,0.38402401956170745,-34.7922977635721,-0.5009829467442213,27.43148983494942,179.46536073055103,1.0658429053629401,4.128114915929871,28.556255803694402,77.2399851383236,0.0,0.0,180.0363082418002,3.9511079269022034,7.0
49300,-0.3865322561497637,0.5972458484584325,-9.62798745248067,-0.001934152773099667,0.01003627113669589,0.38261079295229766,-37.10557303173167,0.8950097334788538,25.362709907488107,181.6340474913752,1.0658429053629401,4.128114915929871,28.55622415248158,77.24005306969853,0.0,0.0,178.1454333637395,2.958281431180476,6.0
49400,-0.4727364864208021,0.17545295110441417,-10.124172138021294,0.005364507767161422,0.0004990208195292866,0.177640127454121,-37.71643915072773,-3.025934284180719,24.91732119057892,183.82726634914496,1.0658429053629401,4.128114915929871,28.556308508194356,77.24002974186314,0.0,0.5120202365746069,182.88900738403916,1.3677672383192494,8.0
49500,0.4131955054878138,0.2562620556259836,-9.993539980937982,0.0068944366252099544,0.015588292298456818,0.011123485174469476,-35.848009249606356,-1.1672274132427851,27.2943374889571,183.8336590997292,1.0658429053629401,4.128114915929871,28.556240495729572,77.23999796332951,0.0,0.7583537750139293,184.37757334074303,3.266517495130273,8.0
49600,0.4480125947267818,0.7510710651732089,-9.445520877342958,0.008509428848862072,0.018795767346613312,-0.014326773002514278,-37.99064366691565,-1.8090938702623462,28.04747093971805,183.83483829155082,1.0658429053629401,4.128114915929871,28.55624591937594,77.23994949299166,0.0,0.0,185.18146187594755,5.843868062813572,6.0
49700,0.5497248660168471,0.2744947299625699,-9.752513604147312,0.0078019082051583285,0.01697901365826215,-0.003799669307709367,-34.44819056443509,0.6215614243311118,22.702428171801632,183.83633535497665,1.0658429053629401,4.128114915929871,28.556279818987303,77.24003750554266,0.0,0.8715747285945685,183.5974216012697,2.2810142931636253,10.0
49800,0.2967248479151621,1.1247990730548085,-9.554826366334343,0.009025305207237027,-0.024208529889829317,0.009125395328524948,-35.67515387089191,-2.728741389512248,30.112330851822026,183.8238696341248,1.0658429053629401,4.128114915929871,28.55630077563447,77.23999569358342,0.0,0.0,182.73516469943172,2.221426156734587,12.0
49900,0.1957908847294479,0.6751832798266222,-10.066352839052382,-0.016663177158127568,0.02113758689823297,-0.011933046834701522,-35.190460418415974,0.28064334317170037,32.44841679422535,183.81779735066678,1.0658429053629401,4.128114915929871,28.556299551258824,77.23996151039397,0.0,0.3294495688266083,182.1209868751987,2.270232942227168,7.0
50000,0.42786381841208954,0.7044012975669033,-9.687288997189484,-0.013942760720354282,0.005381160297094033,0.013180950631018283,-34.60924483975329,-1.5800238559736908,27.416691035431736,183.82816102252286,1.0658429053629401,4.128114915929871,28.556240715593216,77.24004341948228,0.0,0.32986978494627284,184.61118075955773,2.213495305447702,12.0
50100,0.02230147577696151,0.4976061956057445,-9.758972779569758,-0.013792464740719722,-0.0025723184377860267,-0.0027586402922928814,-35.70003417667257,-5.694584830650505,28.19987724148674,183.82724113055087,1.0658429053629401,4.128114915929871,28.55624800216795,77.24002447467315,0.0,0.0,184.5136802041222,4.28224305194393,13.0
50200,0.28661862402393756,0.8690974761545126,-9.703203253619808,0.004328080391338472,0.023420660121191293,-0.012199179249029624,-35.551535249172375,-0.5103612292992092,26.926549616906765,183.8315897030092,1.0658429053629401,4.128114915929871,28.556288174436762,77.24000961638298,0.0,0.0,181.71481004529815,3.848622758037055,7.0
50300,0.17825260083248695,0.7436117775424688,-9.28827419012226,-0.001570639399613558,-0.003175334808090538,0.00643690393328536,-35.196499849487374,-4.232780234326456,27.33406821227956,183.82101022152588,1.0658429053629401,4.128114915929871,28.55632453509666,77.24002727864968,0.0,0.9995593650307965,181.46704920333573,3.423187561442051,12.0
50400,0.6778777554213108,1.1305665957355964,-9.791923076185482,0.011897571899418067,0.0012588781046373966,0.024307244811418223,-35.02224619730554,-5.423744704612842,26.281574156860795,183.81781689909783,1.0658429053629401,4.128114915929871,28.556219370956242,77.2400687358349,0.0,0.1927187595047397,185.28914394166378,3.4506200871400874,13.0
50500,0.1256086105674522,0.9529261034792271,-9.283013289645067,0.008888842626617788,0.015790683004528214,0.0158227826748422,-33.07942093858059,-4.232302340929181,28.662804914953036,183.83218290615235,1.0658429053629401,4.128114915929871,28.556270746440994,77.24001302349761,0.0,0.0,182.21979911863377,4.162337061890636,13.0
50600,-0.02243622092671202,0.4064760656959373,-9.692950215001831,-0.015325502214124872,-2.7595353443117705e-05,0.005197545142248709,-33.47730710299185,-2.753072126193997,27.3499108135854,183.8347809891129,1.0658429053629401,4.128114915929871,28.55623455193964,77.23995519698444,0.0,0.0,182.47264218782394,0.4097719457664182,8.0
50700,0.2377094772864557,0.5355577744235853,-9.169331599434907,-0.006987887445844567,0.011442068578175934,-0.000647364879364102,-34.30967155083137,-2.7620875321510137,30.71347175488027,183.8362501575678,1.0658429053629401,4.128114915929871,28.55625189499071,77.24001274179477,0.0,0.6946382552131174,183.17604833530055,1.8324837804819474,6.0
50800,0.24035664605616325,1.3434346951469984,-9.792294900498897,0.013664699458238026,-0.0017272540454815995,-0.004593855201408499,-35.963393593576086,-2.2699052962088926,28.338754967231853,183.83795697884477,1.0658429053629401,4.128114915929871,28.556300296611862,77.24000860684737,0.0,0.03039412271298416,181.15717574086813,3.6875142480231218,12.0
50900,-0.1376138460618829,0.8970612960581551,-9.191985937515186,-0.004617054466172715,-0.002216132874589467,-0.0004512718265918931,-35.257429210817236,-0.47637640415486104,28.847409697416115,183.8271216756919,1.0658429053629401,4.128114915929871,28.55624057632305,77.23998900293526,0.0,0.8509778200880843,185.87936897119647,2.92301708854221,11.0
51000,0.16534977492104175,1.081473958653146,-9.456464547252756,0.01772124953663844,-0.00227933760615375,-0.00018015674448919761,-33.867364985585425,-4.161678905128683,24.403869981552273,183.83873863573402,1.0658429053629401,4.128114915929871,28.556286992457544,77.24003095651244,0.0,0.0,184.32361644914178,5.372001284192304,7.0
51100,-0.12860751826036318,0.2589667800875896,-9.361833874076169,-0.000991521648212775,-0.010114956863377794,0.012869856038457361,-33.81361352912496,-4.941211067837018,30.00327364840668,183.8309295652231,1.0658429053629401,4.128114915929871,28.556281852608883,77.24001075175684,0.0,0.0,183.2373894551817,5.186289208871927,10.0
51200,0.16744931256141976,0.17981852979059137,-9.926361909951014,-0.012757178342536292,-0.013686483522824418,-0.0007380046330264373,-35.5544807727318,5.6186207986721035,32.36537799324632,183.83825672703944,1.0658429053629401,4.128114915929871,28.55628472315076,77.24001359325457,0.0,0.736337292588577,183.25597406519012,4.399775552525256,7.0
51300,0.41072070384931725,0.833915282477716,-10.076751980361829,0.013034261121085067,0.00974528298585287,-0.003622098920238099,-33.651878620698795,-1.9438228055708362,27.82103262464897,183.84888893810418,1.0658429053629401,4.128114915929871,28.556287674741196,77.24005363091226,0.0,0.0,186.3118536062307,3.077915585470761,6.0
51400,-0.35310634175185396,0.431240676643161,-9.874083729251552,-0.003521974996586264,-0.008801721918733772,0.013298288902121171,-36.38618681544703,-2.4493992746064244,29.602541341633955,183.85382355521847,1.0658429053629401,4.128114915929871,28.556294996366038,77.24004843717249,0.0,0.8307908457019285,181.77032477183727,2.3335562435399138,11.0
51500,0.24212483813270547,0.26419909947721754,-9.88424431060929,-0.004790969515549987,-0.0018004497988156707,0.002665501058409235,-37.04586444301482,-2.9211101201014436,26.12124953091091,183.85308182542528,1.0658429053629401,4.128114915929871,28.55627945355157,77.2400414212178,0.0,0.0,183.7482322660188,3.1052223097145957,7.0
51600,0.010692599173866835,0.3932224395162532,-9.751328820641772,-0.002100225984777765,0.010753858246939559,0.0032345474704396017,-31.875487640600255,-4.794809422055293,26.193317449253172,183.85288899553194,1.0658429053629401,4.128114915929871,28.556229381097612,77.24003705227074,0.0,0.37484027412075605,184.74544927779348,1.6220621631138261,8.0
51700,-0.18837491855259755,0.8729954440323756,-9.769634553879156,0.010859009052495715,-0.009806500150208185,0.008480451023965056,-34.697423137007924,-3.1775902611405042,29.383348140511906,183.86401489142787,1.0658429053629401,4.128114915929871,28.556267208522538,77.2400533369695,0.0,0.0,184.03159515679403,2.0134735219581468,12.0
51800,0.7176678883050307,0.6317090766372018,-9.72724016281185,0.002728960061592628,0.0038874241438780596,-0.004791999169879309,-36.76770710963411,-1.8812332865141892,27.124380000626488,183.85913334905186,1.0658429053629401,4.128114915929871,28.55622949788487,77.24001263710095,0.0,0.0,185.13423166531507,3.4558688864835148,7.0
51900,-0.056355155821051495,0.4674434771897432,-9.719295157580449,-0.019605176142592457,0.001368464997840361,-0.01261677843201962,-34.420146257350005,-3.4446851399928446,27.6079313427141,183.85311925020315,1.0658429053629401,4.128114915929871,28.55627805018326,77.24004350205917,0.0,0.0637705016129329,185.2921642716187,2.0047410797730776,12.0
52000,-0.5027946019433776,0.13666719529512583,-10.144510817297608,-0.004981584380368011,0.012854302699466486,-0.00016018498765637493,-36.5480355342758,-3.533175825630755,28.657228353314764,183.85221124815723,1.0658429053629401,4.128114915929871,28.55627750468399,77.24002575035563,0.0,0.0,183.08135935570488,3.4612184853391557,9.0
52100,0.10129415481076513,0.8050364789122311,-9.435117230067421,-0.003741036271931816,0.014786430504185606,0.005445516313135654,-34.74125656263335,0.7773038663092904,32.719241311425804,183.8720877016069,1.0658429053629401,4.128114915929871,28.55629083360072,77.24002703196574,0.0,0.39558058445054767,186.47591200478783,3.8272664731791872,12.0
52200,0.6569069742843355,0.5348439790984673,-10.04943686048735,0.025057042257368694,0.008150437983102743,0.015180960347298315,-34.20883673297607,-4.184099196231562,28.79414902483012,183.87309228994778,1.0658429053629401,4.128114915929871,28.55627253023794,77.24000594238068,0.0,0.0,178.54306203779984,2.7930285373460517,6.0
52300,0.03309302625852767,0.3410232504539432,-9.417677150740774,0.007827066994355496,0.003921245512907765,-0.0029005025999628096,-33.75496100364315,0.11187384487632235,26.75092634151421,183.87658463083778,1.0658429053629401,4.128114915929871,28.55629393132577,77.2400579430066,0.0,0.0,187.63847071013362,1.3593583180022053,8.0
52400,0.33088995197238336,0.46565139030963454,-9.8266181440894,-0.0008557219945421572,0.013441216232503196,0.01758678018065122,-33.26102651617985,-3.1304471188095446,28.24948065814538,183.8744490254181,1.0658429053629401,4.128114915929871,28.55629291125476,77.2400230474664,0.0,0.0,183.98972349906043,3.3389125310723986,9.0
52500,0.518609845424501,0.09361119160954623,-9.694423799415334,-0.003962979738258666,0.007141266934553896,0.04054079467287086,-39.99549383436741,-2.587788882146592,27.601596173102628,184.0628262757486,1.0658429053629401,4.128114915929871,28.556306471587536,77.24005255345061,0.0,0.7878769289360495,184.68570302848408,3.238123766952544,10.0
52600,1.2174142684941602,1.0336104310803143,-9.375168482415475,-0.009859500999229203,0.005271051835240659,0.03238963222823598,-30.97335606916632,-6.613862844477686,24.960065804836344,184.25464258998022,1.0658429053629401,4.128114915929871,28.556252305331235,77.24003429238273,0.0,0.2134222487929031,184.40249348026492,2.664591946993308,9.0
52700,0.9288087163823207,1.325124281167993,-10.022353995798397,0.010859654799240483,0.017638707057549365,0.016858665466961624,-34.1938464161177,0.04393301225118318,26.234619849793148,184.45544013177286,1.0658429053629401,4.128114915929871,28.556265770884135,77.23999877002595,0.0,0.5251146900453949,188.04985306039634,3.7586138387624968,12.0
52800,0.6721123546858521,0.4452662050932362,-9.719586046275223,-0.0007984668013854852,0.0027697854149293087,0.031175241325331934,-34.551184273537466,-2.295988385077634,29.75539592221771,184.65401182587345,1.0658429053629401,4.128114915929871,28.55626988851238,77.23999492472184,0.0,1.26291208580216,186.69696772208857,1.7761427410430568,13.0
52900,0.9521837887240177,0.2150457370731631,-9.581874381667738,0.012236749287031334,0.0037344318657924194,0.035481286055542405,-34.84954970512519,-1.259496283733715,28.013365237244205,184.85788350019624,1.0658429053629401,4.128114915929871,28.556284732622935,77.24000767076872,0.0,0.9629234939593098,181.60488778791893,3.4057511004665644,10.0
53000,0.35786943159744633,0.9541087721042844,-9.730489336031088,0.005153041631600446,-0.0041476241371518644,0.038582878719280095,-36.56006847114385,-3.3974456189537516,30.755903506840394,185.0646231056136,1.0658429053629401,4.128114915929871,28.55629938370837,77.24003840588828,0.0,1.341576988540645,183.61326886563637,2.249086488103731,7.0
53100,0.16773549532052084,0.5989043914090586,-9.543250048694837,-0.0033799150081636874,-0.0020244793053699507,0.042342977873163844,-33.014196857255634,-3.2696779699758642,26.083555983172708,185.2630836172109,1.0658429053629401,4.128114915929871,28.55624445708049,77.24003656521613,0.0,1.119100205962864,186.2899925847592,5.482293125128124,12.0
53200,0.36847230503697576,0.05026426782007121,-9.741293691793775,0.0039269381194508984,0.003928683955661097,0.036462612554805304,-34.26448505840146,-2.6712074241331916,28.05612060528064,185.47467547437566,1.0658429053629401,4.128114915929871,28.556257562040763,77.23998337635527,0.0,0.9048137480260354,182.90979364953202,1.370315725579624,9.0
53300,0.4406175293055959,0.549019531267335,-10.07932821599527,-0.010984242767645529,0.02616045820947661,0.05393223417739296,-32.23485143318203,-5.332404411316053,29.758399986590767,185.67234567130765,1.0658429053629401,4.128114915929871,28.55628762669711,77.23998182253194,0.0,1.342374425906714,186.86549848771662,3.851027528025768,11.0
53400,0.06941787470371508,0.6060559298029623,-9.64483849664903,0.002237373271305248,0.01303205468552213,0.03687185303177208,-32.59300470936046,-2.0528353119653726,30.363499817928098,185.86773288646046,1.0658429053629401,4.128114915929871,28.556248862994945,77.24002227919553,0.0,1.4145813184605314,184.34279102585842,2.5616754475722208,9.0
53500,0.2615667721571252,0.0378654412316779,-9.625143372165647,-0.011601726540398462,0.012556840701322937,0.036337954362395654,-35.16863720088975,-2.7550097261149733,31.12546688061693,186.07938292512827,1.0658429053629401,4.128114915929871,28.556288630979513,77.24005072023144,0.0,1.7692530591800264,185.66213974850993,2.238386342186566,9.0
53600,0.30235303263528396,0.749714871711543,-9.250171512187933,-0.0024241591654405345,-0.0020534878996157522,0.041803838427454415,-32.79551207350674,-8.581157596756555,29.44469098616046,186.25960433945554,1.0658429053629401,4.128114915929871,28.556283543577926,77.23997438826179,0.0,1.4116750594956549,185.47964370520643,1.146865216720025,13.0
53700,-0.17876460164195118,0.4475261042404837,-9.965122407482554,0.022075944495111712,-0.007952663953225931,0.0395386102281602,-35.89143903453837,-4.729839856187302,30.659009757163687,186.47104939674307,1.0658429053629401,4.128114915929871,28.55621969683106,77.24005640864907,0.0,1.2159266226041048,186.745935179704,2.034027076751415,8.0
53800,-0.025552801702214717,1.0054021016909873,-9.647052854084821,0.011395320087052335,0.026576283281107192,0.052819473579154105,-36.465737248694225,-4.36828748712965,33.478584834735656,186.6663917207846,1.0658429053629401,4.128114915929871,28.556295012123144,77.24001399018972,0.0,2.2235778992924793,190.0088006541044,2.996220056558725,9.0
53900,0.19240122262746176,0.20415620619831987,-9.386739926238132,0.00925515738412808,0.004811236177061178,0.048912493222300506,-34.25935031547945,-2.0682057106283795,27.588331359176678,186.8501363555405,1.0658429053629401,4.128114915929871,28.55626357465657,77.2400398987701,0.0,1.5381115358238664,189.258690953289,2.1889970331796498,12.0
54000,-0.040048212969076735,0.9288954287532645,-9.872134256187032,-0.008258986901939692,0.018427672330193507,0.03240648625500611,-35.2396702962201,-0.18145196985250944,31.066437152758763,187.04407256415567,1.0658429053629401,4.128114915929871,28.556259468106507,77.24001258041282,0.0,1.3758083437175284,187.95108593615433,6.2554791250537525,6.0
54100,0.04667622781309275,1.15695104490207,-10.020867099993685,0.013760616428793698,0.01593479070817071,0.025303950561093223,-32.32945704006778,-2.825860663676175,28.542634961090677,187.23093718001215,1.0658429053629401,4.128114915929871,28.55623248058827,77.24004248821653,0.0,1.245174237136014,187.0851833915589,3.678313427023249,6.0
54200,-0.2652206649624955,0.29465182057361855,-9.74977701929319,-0.005457129958835246,-0.0032385906736002506,0.024623581243771935,-35.07263507467909,-5.286126148140824,26.07527558905479,187.44483653303251,1.0658429053629401,4.128114915929871,28.556292278321607,77.24007734440043,0.0,1.4215041076104875,190.66079846521419,4.241405696913102,11.0
54300,0.277159497756608,0.6738448060235981,-9.77168573940777,0.021830332656562968,0.010146544868474026,0.03316472187116418,-36.80400894012743,-5.903162198836925,29.27377827606513,187.64250988408105,1.0658429053629401,4.128114915929871,28.55625234789708,77.23997817435195,0.0,0.8719644437301843,189.2711291564752,4.359636518370297,12.0
54400,0.17639903470811502,0.6193526984290191,-9.738151782818989,-0.0002761368750706405,0.004966784786957416,0.05815479072467905,-37.0325010393712,-3.3016915411095864,27.83783423463591,187.84330752566393,1.0658429053629401,4.128114915929871,28.55622481090141,77.2399902402465,0.0,1.1787697048543826,193.18019822827205,3.662442707697596,7.0
54500,0.4051786825891165,0.9640878292043908,-9.65947406502642,0.003629393579308182,0.011524019954222364,0.03501665462555055,-38.810283382238595,-8.894597781182283,26.970895671355386,188.040543031128,1.0658429053629401,4.128114915929871,28.556235310089594,77.24003633086679,0.0,1.167251268438801,185.08665663307767,3.7778834078044596,7.0
54600,0.8706404473384463,1.1717289960875448,-8.888987453664887,-0.005227435099253031,-0.001479502254390309,0.03497386612664037,-35.30448379008759,-4.624853476397085,32.05885880974825,188.23309916418626,1.0658429053629401,4.128114915929871,28.556233666376663,77.24003894543894,0.0,1.5128504826516398,188.0916850291524,2.6489022583621535,7.0
54700,0.14256642716274343,0.6258496062853883,-10.28368785167911,0.006403017265107476,0.01879629514318478,0.01847127050710943,-30.164618505290775,-2.4217446001555363,28.04432914021509,188.4316677746413,1.0658429053629401,4.128114915929871,28.55626958711947,77.24001111799043,0.0,1.0110565084115313,189.1171537174976,3.116831615669586,9.0
54800,0.5591078361961299,1.050318357693757,-9.723766561156006,0.00629057168502532,0.012491026566786663,-0.004110959599534386,-31.992423822096463,-2.089046876099216,34.52498648962735,188.4278555525579,1.0658429053629401,4.128114915929871,28.556272239532536,77.24007666824392,0.0,1.4632049097001714,188.3405587955478,4.250276706493848,6.0
54900,0.38833053188019123,0.7528672334320783,-9.537137522620947,-0.004852059138926106,0.013203615587805782,-0.003202330154377587,-34.37731795794861,-4.228803015876535,27.586508400266382,188.4351464348117,1.0658429053629401,4.128114915929871,28.556211083188938,77.24004497745268,0.0,1.5745598970894763,188.2265304883552,1.2016775285699968,13.0
55000,0.3779901808882303,0.5832643269956778,-9.253667310954539,0.013168423952099287,0.00285466517650324,-0.0027824238407151832,-36.15587185036175,-6.647840866228689,29.499786555222613,188.43590074241754,1.0658429053629401,4.128114915929871,28.556293244851826,77.24001932359229,0.0,1.0806692505782884,189.04408461354268,2.0869493442550207,9.0
55100,-0.25753064660540115,0.23717936941075768,-9.652002399284616,0.015775799336817265,0.003229391815108926,0.014724698713374246,-32.522537467355775,-8.17457661795807,27.362590488168653,188.43828160302445,1.0658429053629401,4.128114915929871,28.556264905274567,77.24000778716777,0.0,2.1245237048479186,189.32132373893188,4.968811269718542,8.0
55200,-0.5247977080852209,1.0292590053993267,-9.541309233346084,-0.004530391711049834,-0.003155487481949466,-0.0040791984843165634,-32.513007421641674,-5.723163816195757,31.456733366941403,188.44086387443565,1.0658429053629401,4.128114915929871,28.556284894325923,77.24002465321415,0.0,1.3462554776098052,187.82985331676272,2.705751892298249,12.0
55300,-0.6982956142710843,0.8580857873585603,-9.987850027904909,0.019772172504911707,0.015468055175693374,-0.24202784184136034,-40.056793763105766,-4.232768280809482,30.361737575090867,188.43954581055192,1.0658429053629401,4.128114915929871,28.55623662909605,77.24004687777665,0.0,1.2073242496000451,188.72998900999622,3.2956869520030025,10.0
55400,-0.23529681527673155,0.37222016641189,-9.785011242710835,0.005801250422813285,-0.016000060790552103,-0.4848066531339392,-35.59286260247133,-2.78599123482621,24.953961952509655,185.6373241082816,1.0658429053629401,4.128114915929871,28.556264969148547,77.2400370300025,0.0,0.6568893265044673,185.1609472470779,4.192924806233214,6.0
55500,-0.10150121136436029,0.6891821251111663,-9.989196336171059,-0.009206474600362058,0.0007529398772193191,-0.48763838706147034,-33.750331112173555,2.0054255271822337,26.010246138143035,182.82712709634578,1.0658429053629401,4.128114915929871,28.55626497349585,77.24002741262609,0.0,0.787125407263901,183.0959983105342,3.260183356823126,7.0
55600,0.12831351417952624,0.5868581462539468,-9.677311517605945,-0.01179017397537815,0.0030704907085131383,-0.4837093407144858,-35.80608815409164,1.6241048944483736,27.751148538538644,180.02325118173593,1.0658429053629401,4.128114915929871,28.55626492419766,77.24009837332642,0.0,0.5811598182612122,179.17528437221782,5.457496660121986,9.0
55700,0.1937368834688146,0.9373444020333306,-9.644109790633982,0.010231053104047344,0.004310407336018911,-0.48971762722810647,-35.713848121991745,3.1229257196640963,28.95716237124438,177.21679507012996,1.0658429053629401,4.128114915929871,28.5561827067942,77.23998611153621,0.0,0.6641033574571343,178.79486861272449,0.773429784307766,13.0
55800,0.9596371668661874,1.1881000011248206,-9.845265080673936,0.012871149961883835,0.0033250554129540468,-0.4846181096948976,-35.81409338430832,4.064250221090628,28.35965020716415,174.42271855600157,1.0658429053629401,4.128114915929871,28.556293982595612,77.24002707607055,0.0,1.085017792154059,173.55623573462464,2.4583581687465097,9.0
55900,0.13256546581143944,1.2583694870110538,-9.650998020727863,0.010063681214116799,-0.008432537709385957,-0.4864855019487473,-34.45599683405354,4.511432916370636,31.22159386207984,171.63815895882897,1.0658429053629401,4.128114915929871,28.556224784389507,77.24000412533096,0.0,0.4602412008248802,172.1416798882898,2.958571994239963,8.0
56000,-0.3518453187883333,0.7952349663189108,-9.399028432635347,0.0038955276958144935,-0.006167720485963862,-0.4858560328384225,-31.656583202410904,5.433442196680263,26.60602820883051,168.84176017304205,1.0658429053629401,4.128114915929871,28.556255522033254,77.24004026460952,0.0,1.3651585210210138,171.59214964911075,2.7074548425208946,8.0
56100,-0.11433097877397308,0.6633186237573894,-9.925462586884025,0.008656448299705318,-0.007453907666437856,-0.48682222612408427,-39.55581464564136,9.137857479941854,32.09436174085092,166.0410509292336,1.0658429053629401,4.128114915929871,28.556286074581802,77.24006010947414,0.0,0.4831989393802164,162.32844109682628,3.5236413355766047,8.0
56200,0.42688714928227023,0.10774363005477827,-9.059966730564103,-0.0013054528834739345,-0.008400636446691756,-0.46325414984854213,-32.12822795330536,9.285148587544699,30.639744754214096,163.2352626686651,1.0658429053629401,4.128114915929871,28.55621643337351,77.24001525991032,0.0,1.5294240224496587,165.3441275981882,4.15360080750828,12.0
56300,0.5507231375322849,0.4756801109134824,-9.783851373229163,-0.004356857920545898,-0.01241994288700882,-0.46819229345116176,-33.950975417897595,9.125434775477524,24.86077755304713,160.45386523929955,1.0658429053629401,4.128114915929871,28.556243324059043,77.24008240579447,0.0,0.30272980926361803,161.19453660460204,5.398969277489456,7.0
56400,0.17552832398532642,0.8229298100270586,-9.30283915282834,-0.00015974551388208292,-0.000553617035345383,-0.48117888479313,-34.610849913408835,15.35904863054818,28.56234587905217,157.66805992560347,1.0658429053629401,4.128114915929871,28.556236792801872,77.24000987627707,0.0,1.0491347439822847,161.26416477305503,6.539007468081289,13.0
56500,0.7450957227288098,1.0705495119585389,-9.759518300578709,0.01389285984440167,-0.009839161578524172,-0.49735789506669703,-31.714525058557534,11.903429274555183,29.21244315799909,154.86118065441127,1.0658429053629401,4.128114915929871,28.556246052945482,77.23997654075937,0.0,0.675414224366714,156.20904596727604,1.2177578094851713,13.0
56600,-0.06295738669791084,0.4716056531948458,-9.86036782234154,-0.007386969572910786,0.004951932272200202,-0.5015892220752625,-31.971612642376705,18.463624352347523,29.179194103992476,152.06992265185218,1.0658429053629401,4.128114915929871,28.556234909537952,77.24001471782998,0.0,1.3758202806859692,152.03251774538597,2.4088241767267373,9.0
56700,0.1472547879351505,0.4814272158668906,-9.494456521815867,0.00803088797090017,0.008223351320172606,-0.4968824668494856,-27.516172635077233,21.611750602910252,29.722176038832885,149.27017269660604,1.0658429053629401,4.128114915929871,28.556275550118738,77.24009962340335,0.0,2.232370750685873,145.83366853753233,1.5876607812700487,10.0
56800,0.6732136214922579,0.650391966752387,-9.685600257860267,-0.0012767694025049704,-0.010108409888319493,-0.45578368533296426,-26.127770783640006,17.639031659799773,27.060246413293438,146.47567430036725,1.0658429053629401,4.128114915929871,28.556281840498418,77.2400591881608,0.0,0.851498825165353,143.68397866447742,4.429279622953642,13.0
56900,0.9979345107022158,0.5798270689566262,-10.016829446890998,-0.0007895906646709625,0.0010561224761815816,-0.48314989180509327,-27.286426541707808,18.218508199072527,26.970648915077597,143.6659357465692,1.0658429053629401,4.128114915929871,28.556296407864256,77.24002832429262,0.0,0.8588102382220284,141.889165580156,4.633909323375621,9.0
57000,-1.6520641514215142,0.5860556806344013,-9.37865354918211,-0.003563900189791946,0.008147509568467676,-0.4805007735291377,-29.20416946030148,22.345824855103178,29.537921942739203,140.8832467736455,1.0658429053629401,4.128114915929871,28.556261128848984,77.24002832255135,0.0,0.9427376951789352,141.500565569385,3.444867711276637,11.0
57100,1.4766796354368021,1.0701170313422814,-10.136891347277864,-0.0032376019214409345,0.022546888771030223,-0.4847791606453056,-25.29570271123136,23.77120189833259,30.41825216866384,138.0826898944802,1.0658429053629401,4.128114915929871,28.556243607808252,77.24004213570105,0.0,0.0,134.59022933438143,2.6099355672191624,10.0
57200,3.318387639687314,0.3414429066610937,-9.668241833036667,-0.00208220433520898,-0.00041537254866956877,-0.4719101263118282,-24.3012711075349,26.4592851393765,28.929176072008875,135.2767417193313,1.0658429053629401,4.128114915929871,28.556263228333453,77.24004942959364,0.0,1.9723668081152341,134.50135014933397,0.7014263478347642,12.0
57300,0.4134082102208949,0.6652508327892837,-10.006288500099277,0.0022259821262238244,-0.009838163288820076,-0.4757319792651236,-23.708260516416477,21.219815949370194,32.54739170189018,132.4777691817246,1.0658429053629401,4.128114915929871,28.556269241778757,77.23998391602295,0.0,1.8633551085223532,133.95223334721365,1.0903638709836825,6.0
57400,0.4039825219740915,0.8604154765191698,-9.88597246339241,-0.011919156779994229,-0.01360915670216837,-0.4826622142172936,-24.615552609189407,27.026765544731873,26.257881770056066,129.6957066134904,1.0658429053629401,4.128114915929871,28.55622806938449,77.24001606787982,0.0,2.8512692573779446,135.60661079641213,4.469146443041725,13.0
57500,0.40855039411213334,0.08150208967248673,-10.27147358436202,-0.0008076324835708908,0.015780357024123216,-0.47478945887761154,-21.719317032613844,23.545895586524438,29.261784896146885,126.88767901659558,1.0658429053629401,4.128114915929871,28.556311414888917,77.24005443571632,0.0,2.009189387511614,125.06613473914885,4.230807626763813,10.0
57600,-0.04469184799323714,0.6159836613441264,-10.115266494681988,-0.0020624905247896837,-0.004673189872810744,-0.47244805666510264,-18.217929416835034,29.538321205545415,27.631738233138332,124.07790207639106,1.0658429053629401,4.128114915929871,28.55624844008939,77.24006975917762,0.0,2.448283806339867,122.03762582655601,2.934442099096513,13.0
57700,0.1650580016091096,0.554579529273818,-9.680420436470156,-0.004585973211587492,0.0013134209520897834,-0.48808207678290133,-21.07164396259582,31.418549109336812,25.930556651997364,121.27538471609341,1.0658429053629401,4.128114915929871,28.556247753330204,77.2400700554851,0.0,1.789383955275871,120.12317664308287,2.8579022238546052,9.0
57800,-0.25837326113860903,0.15289948834771847,-9.124649214300852,-0.0012663494426921004,0.018025625064499392,-0.4656539485598745,-19.10541628368603,34.158371850838364,26.969743997992154,118.48654252141566,1.0658429053629401,4.128114915929871,28.556235085506785,77.23996476975411,0.0,2.776336792145034,118.9532102285666,2.731094171980087,11.0
57900,0.27450138590604245,0.28256981389989333,-10.131626242924865,0.013610669035557653,-0.0018909645895307395,-0.4935633441603668,-12.370625798036704,34.593261617030585,24.525569418722426,115.68581850447035,1.0658429053629401,4.128114915929871,28.556266694637056,77.24004654685929,0.0,2.2582640906952673,115.11546907457524,2.9290944611924283,13.0
58000,-2.6538510960291095,0.23027096956397336,-9.636528091528941,0.01188779975534503,0.007620094019052846,-0.48600796359294957,-20.377139557042774,31.69461334225578,28.91321421619491,112.87611947981804,1.0658429053629401,4.128114915929871,28.55623423953251,77.24001305810005,0.0,1.6879359569819088,113.45502199354537,4.573067581430638,12.0
58100,-3.0344128827929766,0.3491448293976928,-9.66233029494931,-0.0009951027010995763,-0.003620694728801158,-0.48847486293006825,-9.419265754236761,33.44084872092721,29.70917498282065,110.07539778716787,1.0658429053629401,4.128114915929871,28.556295984998414,77.24006914445923,0.0,0.0,109.48256004163838,2.840890966544848,11.0
58200,0.057256557556333035,0.5660133329783756,-10.22664987786922,0.005037847647699464,0.012193988567359638,-0.2240616263414796,-6.377871862105304,35.630183609393384,32.328757180532456,107.27585151063988,1.0658429053629401,4.128114915929871,28.55624189474662,77.24005619697019,0.0,0.0,108.6651302131152,3.8922214242702036,6.0
58300,0.1696037275456915,0.4308273162281332,-9.813443907479629,-0.0011309640468112727,0.002285327738062288,0.006100719382998096,-12.37296877154889,32.574483274372014,29.77511931170149,107.27673608843966,1.0658429053629401,4.128114915929871,28.5562773479996,77.24001459259337,0.0,0.4948321239116519,107.00077720313813,2.9902748233171725,8.0
58400,-0.08872155985660563,0.2565297656212219,-9.73507326232377,0.007057131384939946,-0.007436454857940543,-0.008827052232579478,-9.01848900014873,34.97162506370702,27.414038665310684,107.27220443433164,1.0658429053629401,4.128114915929871,28.55627496401018,77.24002300042935,0.0,0.520055044748915,105.71769043442718,2.310641865775529,10.0
58500,-0.4656406051445239,0.6600037727901479,-9.560623377453656,0.014159142232674775,0.023901235206454638,0.005843710638730179,-10.70326278556417,33.937028444914546,25.352585967436283,107.25472911149872,1.0658429053629401,4.128114915929871,28.55627594114437,77.24004585753465,0.0,0.3721987155509908,108.1732632890605,1.5817290190046591,9.0
58600,0.5862789149444163,0.6160657932403456,-10.017792220051255,0.012347705133193717,-0.0058455466116011144,0.004133019307495564,-7.597462000249468,36.036124761601776,29.171697880414275,107.25559738062967,1.0658429053629401,4.128114915929871,28.556255024948165,77.2400286994298,0.0,0.0,105.46517812837999,3.1377981374480686,8.0
58700,0.2855685817195808,1.0339988803129065,-10.183225135833334,-0.010214724743491554,0.014304310983611682,-0.005355207606571059,-14.96505492250742,35.338485295482464,31.870819957425923,107.26161413703316,1.0658429053629401,4.128114915929871,28.556241749755365,77.23997635972079,0.0,0.19607235717155194,108.60203552801177,2.556058123013782,10.0
58800,0.5521648214211851,0.6429749925577153,-10.548195487972494,0.010235633935801056,0.01679901281472872,-0.014766145359806589,-10.857985212294146,34.56839387924866,27.69189381154284,107.26362153680313,1.0658429053629401,4.128114915929871,28.556261522830408,77.24002821013585,0.0,0.43124059595937053,106.88246187376002,4.715020018078755,13.0
58900,-0.36283501975172794,0.8043616668871854,-9.708566055390758,0.005290013950084471,0.002659802794326691,-0.007319119085161218,-9.289419507790333,38.683028820849096,29.936611208166198,107.27344185752689,1.0658429053629401,4.128114915929871,28.55627205434384,77.2400919340586,0.0,0.2140594486679906,110.39433359744419,1.5309931975033955,10.0
59000,0.20334393572680967,0.8605462637941267,-9.70634714350005,-0.0077428882419425865,0.014743168209001466,0.017086327282691726,-10.223283315017271,32.74977576257565,30.540237795120778,107.27166569899067,1.0658429053629401,4.128114915929871,28.556243017851987,77.23998017482442,0.0,0.0,106.03790609250215,1.9607879371962045,11.0
59100,0.5946172679927476,0.6599863815601147,-10.243726621974593,0.010919234762221619,0.020170968148419288,-0.01813653274066763,-11.603263107087969,34.53668784934196,27.029650831863734,107.27538902501882,1.0658429053629401,4.128114915929871,28.556269959312655,77.24000665793582,0.0,0.19015109243201067,107.57591333032711,4.922365972336295,8.0
59200,-0.11650820370946754,0.4378109231623354,-9.90080235329267,0.007864692892795254,-0.01942670769006685,-0.012016964808903723,-10.620782200764468,35.75357237095666,30.78499411081991,107.26987091745647,1.0658429053629401,4.128114915929871,28.556248268713976,77.23998969570391,0.0,0.17120946013166025,107.86259357725588,5.4447667299370455,6.0
59300,-0.1483152435359304,0.5293735917848749,-9.429879641817658,-0.00547281003799787,-0.012792316028188491,0.009569766272946914,-10.837238185755412,31.91281956726231,31.738477069215786,107.26439617834866,1.0658429053629401,4.128114915929871,28.556316706692026,77.24009004657552,0.0,0.732026782472294,104.0547821376414,1.0384477996710615,13.0
59400,-0.01784223606787906,0.9788099434426398,-9.945159802145257,0.003452867041547201,0.006261235958587142,0.0056837786502482055,-10.361734297776117,35.00916400914921,26.845011827665964,107.28076237437999,1.0658429053629401,4.128114915929871,28.556278956810516,77.23997340897871,0.0,0.6584036296836935,110.41805555961399,1.595997731785776,7.0
59500,0.8771791350826288,0.9656335899685209,-9.21445156850856,0.012422405754675868,0.0022460593128321212,0.011033154292775729,-12.11731342301589,34.96788436392812,27.06632407874514,107.2918074106689,1.0658429053629401,4.128114915929871,28.55624526816501,77.24004777975716,0.0,0.47693179281598497,109.55384021546645,5.723157320265016,8.0
59600,0.5939369398275143,0.338590883782576,-10.076191475993085,-0.00786294040739871,0.013154592283177401,0.01251091355642429,-11.105083996158154,34.372863392640966,30.71195870895697,107.30060889285691,1.0658429053629401,4.128114915929871,28.55625454157615,77.23998827609464,0.0,0.8961394583509045,105.95988803856845,3.6350974662258393,12.0
59700,0.031527345231975645,0.9426270623693738,-9.173585045496665,0.006506877158529952,0.016003087058544592,0.008327052522886742,-9.476871295159748,32.66022889077891,25.46866200889527,107.29822897455702,1.0658429053629401,4.128114915929871,28.55623231593494,77.24004864880146,0.0,0.0,109.20652293811172,1.4933071946548395,13.0
59800,-0.15165770750823832,0.9305666693282768,-9.900986226069502,0.006162427897392842,0.008878828739936593,-0.006086316140770791,-10.624258747504632,32.93022093301838,26.26585194170722,107.2730138234059,1.0658429053629401,4.128114915929871,28.556295578888914,77.2400404991449,0.0,0.3455517278663905,107.06865822259158,1.1916958024382613,13.0
59900,0.532179948477872,0.8571375602817357,-10.000686062210015,-0.0016027833432636497,-0.021110701396685257,-0.015309189365959215,-11.141448673604092,33.10230214680308,29.89535394793312,107.29148168245163,1.0658429053629401,4.128114915929871,28.556231958675294,77.24007033463856,0.0,0.8918076520309316,108.5504881271394,5.4936562062498115,8.0
60000,-0.148149476207712,1.2267184969118567,-10.270635773375378,-0.009720346021960077,-0.006151502822364054,0.013402989883182115,-14.819687068460869,34.467362342740685,29.1836305987631,107.30654170050148,1.0658429053629401,4.128114915929871,28.55623073962425,77.24006216377495,0.0,0.9415752103002893,107.15073487289219,4.019172903951484,9.0
60100,0.06468482154226204,0.41543092228800094,-9.86681952925705,-0.0033860464882493873,0.003927257575685517,-0.024826328687679464,-11.148818418677475,32.372016647704804,30.71190874827565,107.28686642402464,1.0658429053629401,4.128114915929871,28.55621533821032,77.23998303163586,0.0,1.929817332661731,108.04096089267054,0.0444426741740811,13.0
60200,-1.5158567311471165,0.43877991612784195,-10.139446653607775,0.0008324674258765519,-0.0046283620350518655,-0.0028350777042280995,-11.36969075254904,30.829320544186096,28.0451858953369,107.2839883760207,1.0658429053629401,4.128114915929871,28.55626962062111,77.24004835827657,0.0,0.8786193187851883,109.09596715465665,4.130621240688347,9.0
60300,-1.03913304346057,0.5065803075087967,-10.294472476955278,0.0011881731774151694,0.0010855584420597399,0.009465267727446491,-10.68718350604858,33.5859361630964,28.521900087411876,107.29571818529932,1.0658429053629401,4.128114915929871,28.556278606893443,77.23999953956927,0.0,0.0,108.22385351090395,1.0052419050175834,8.0
60400,0.18760739140925037,0.4737617272933599,-10.038699172322572,0.008801177132374554,-0.0016252957551817918,-0.0013354261052050862,-9.776991018708975,34.16502779359137,29.476251106414278,107.29501788494862,1.0658429053629401,4.128114915929871,28.55626283843063,77.2400475573007,0.0,0.18971928136343394,107.29020804312918,3.0980004928842746,6.0
60500,0.9660778261421523,0.6326418419116655,-9.762726122590268,-0.00924267884123747,0.027815161298155654,-0.010938592489690573,-7.747392662530354,26.911998053936415,28.569206595943022,107.29029159151068,1.0658429053629401,4.128114915929871,28.55621156141987,77.24004144142776,0.0,0.23943117771133604,109.45257672971347,2.783801852661629,10.0
60600,0.05104021010620367,0.7755405266047402,-9.627285397543018,0.010105481980929053,0.013314085389715315,0.013805260925510751,-11.07541944076336,32.97601914174508,26.680693996327392,107.30131972967911,1.0658429053629401,4.128114915929871,28.55624455849737,77.24012122322262,0.0,0.01803438021980691,108.691204074257,4.294324205497927,13.0
60700,0.4010075381985861,1.0683944558993987,-9.621072854491318,0.004007958540402609,-0.0008934359045954729,0.009935005130481254,-9.885243713263836,30.831937163289947,25.08979344819222,107.29199931871251,1.0658429053629401,4.128114915929871,28.556228350147528,77.24006587994242,0.0,0.0,106.53067631512118,2.1771126328048074,11.0
60800,0.25151099840012503,0.8516133300961004,-9.784737109226114,-0.014076266568183369,0.0039048005272835163,-0.010925889289372062,-12.08791046260273,32.4713338285992,25.65783054098722,107.28779160679458,1.0658429053629401,4.128114915929871,28.556261418354957,77.24002953178257,0.0,0.0,109.8159794259831,4.159099635130948,9.0
60900,-0.5833140787586972,0.36926483298261287,-9.871866623032696,-0.0035687053723229807,0.01674152798893821,0.0014067967902773165,-9.415528042682464,37.8876735437367,30.174644483889285,107.28475802636224,1.0658429053629401,4.128114915929871,28.556226495886992,77.24003305829602,0.0,0.5571409001879195,110.099608086652,4.7730873788060055,7.0
61000,-0.043320190573574835,0.3230661624782019,-10.540891069007557,0.016423790646607928,0.028804344052477386,0.0174748017080237,-15.547470718271066,36.26004789064249,26.187193252798032,107.26992496796277,1.0658429053629401,4.128114915929871,28.5562607275963,77.24002956824715,0.0,0.0,105.97509226476555,3.162296964348768,13.0
61100,0.4693314283175794,1.108969058638971,-9.591639856310183,-0.006877992124113891,-0.0021831598778463907,-0.0019367606599034978,-11.442010597537196,34.27055635108485,27.334632135938584,107.26367389844937,1.0658429053629401,4.128114915929871,28.55631315654284,77.24002650083592,0.0,0.5587549165336071,108.81462411074098,2.2175363544815583,9.0
61200,-0.1271882830641238,0.8134656565490572,-9.664846861394974,0.006229977845922507,-0.0019365124539626856,0.004829010621164265,-10.981078365506946,31.583287340909294,28.966272853672127,107.24271878368603,1.0658429053629401,4.128114915929871,28.556248918785826,77.24006151610978,0.0,0.5248135478185445,105.46547825639722,3.5494956416935133,12.0
61300,0.2664161083136059,0.5737744768601534,-10.12916742554597,0.000673630621014125,0.017630638088848308,0.003141619776771496,-8.100938215358969,34.769867220973026,31.21909404696016,107.23469098725498,1.0658429053629401,4.128114915929871,28.55624069833618,77.24008653941674,0.0,0.4366507160566571,106.75276341560111,4.158245223018746,6.0
61400,0.5081632476269785,0.7419318852204472,-9.681553021572055,0.0025161110593542374,0.006721287914693754,0.0010843863916370172,-9.948504113292982,33.025098462427756,31.230632569303307,107.23595407806074,1.0658429053629401,4.128114915929871,28.55623525074044,77.24004574556915,0.0,0.8668410816401948,106.51935636623854,2.1482290648387288,13.0
61500,0.2795241370213856,1.139276846879113,-9.91376470360657,-0.010560504630030186,0.016348037863445748,0.010261220726921847,-7.583051109381522,32.160112055137944,30.5834345890905,107.24129823049557,1.0658429053629401,4.128114915929871,28.556244556478354,77.24002792356367,0.0,0.0,108.56868013696726,3.9944235855611883,8.0
61600,-0.10750392381858723,0.514405310921469,-9.989147948746412,0.002148844800356953,-0.0019135935633929615,-0.00238088266175573,-9.534213839596367,32.44192104972204,30.53013432198349,107.2388794806257,1.0658429053629401,4.128114915929871,28.556286467854626,77.24001179234581,0.0,0.10676973885667329,108.8927934112819,2.1544128643312153,12.0
61700,-0.43476387335894634,1.0551037374714802,-9.958992888258487,-0.0023548378566421494,0.01333403008460889,0.013461469438859286,-6.6743279508708335,32.48984025296431,28.413801433058445,107.23195864895656,1.0658429053629401,4.128114915929871,28.556262065676542,77.2399696298896,0.0,0.0,109.64541853422534,3.1646363723853814,12.0
61800,0.09698445717264921,0.6353669045797377,-9.779725979716273,-0.0005516754748244501,-0.0015211062993005942,0.012538387737717246,-7.559532486770133,37.13992003808461,26.81886734019369,107.22830581719687,1.0658429053629401,4.128114915929871,28.556290798398592,77.23999623714649,0.0,0.0,109.48505431740153,4.8941791863963005,13.0
61900,0.29500421209736416,1.0648738761560093,-9.50629769177848,0.005655723458226494,0.0028825712057245195,-0.00433859689961185,-14.067740734539523,32.74711532639404,27.883498696388436,107.23914252105503,1.0658429053629401,4.128114915929871,28.556197497711658,77.23998978148678,0.0,0.40571430678717785,106.3097094848771,3.8386424167456497,10.0
62000,0.6444054425797475,0.8055747105133851,-10.105094616213236,0.005541704398810531,0.014616430064907277,-0.017402025993356413,-9.134211199666833,33.8079311386431,27.409931378941348,107.22734885853396,1.0658429053629401,4.128114915929871,28.556281639878044,77.2399655445245,0.0,0.4538904941245829,104.36309586191398,3.67965003821091,13.0
62100,-0.016734980772283595,0.5316481712340684,-9.845000626854175,0.0050359487316567544,-0.0008400029232527506,0.0040010929759238196,-9.059439182476499,34.92881205383302,27.556687542685037,107.22614326347022,1.0658429053629401,4.128114915929871,28.556249823292905,77.24004810628725,0.0,0.0,107.35153236481507,1.5116166687295451,10.0
62200,-0.025993068905776046,0.9606979640127398,-9.653485068960608,0.013988148576669135,-0.0036561394568697314,-0.006279134641698002,-7.3947053237604905,33.44893613958398,23.920199621141357,107.22335337220073,1.0658429053629401,4.128114915929871,28.556268806456345,77.2400295170811,0.0,0.864796990625839,105.64134568209393,3.7540670334733366,7.0
62300,0.05844602068065666,0.6245039040118009,-9.814681207125588,0.0029827502613009264,0.01788081430311864,-0.00944649572464714,-11.117695609915792,33.89584109506981,25.784372543515786,107.22654675457707,1.0658429053629401,4.128114915929871,28.5562426843806,77.24011390753778,0.0,0.0,106.66073107585856,3.5181192856762458,6.0
62400,0.47756015413966024,-0.18496284659144058,-10.338812322432547,0.0015048451663567074,0.019068931191650252,0.016758431672792912,-13.37813559827684,33.92146810007767,23.985515272567778,107.24905068830967,1.0658429053629401,4.128114915929871,28.55625955106884,77.24006369752034,0.0,0.6916088687768083,103.71021778216989,2.903258513601344,8.0
62500,0.16826427222816098,1.0562982437322426,-10.252561541906328,0.0023811385702643423,-0.002838208655734231,-0.007504124828556397,-12.333396376379868,33.924514162315695,27.31431440571389,107.25871265239883,1.0658429053629401,4.128114915929871,28.556258765361463,77.24000761718756,0.0,0.5526625237598739,109.55361940843392,2.120907397340179,8.0
62600,0.25148319719709056,0.9954242733571983,-9.734555968331753,0.007948961319728179,0.01930578750694412,0.0028484405598700425,-11.899296063878237,32.9368926299578,29.879304236425067,107.25595924539931,1.0658429053629401,4.128114915929871,28.556298665174825,77.24002306242274,0.0,0.0,105.01713567499911,3.311203807186066,6.0
62700,0.27932056434851293,0.6819479582532392,-9.514757350432776,0.008197285022733895,0.00415436233331243,0.011862814376358721,-11.353199538525004,34.791677222454744,30.23688567645154,107.24626636488699,1.0658429053629401,4.128114915929871,28.55627087361841,77.24002139402263,0.0,0.3689325827288508,108.9398941878475,3.8782597034319286,10.0
62800,0.5561723586752346,0.5222786759851135,-9.517876755744958,-0.017275293946768723,0.015383820119544114,-0.0020531150547490173,-15.31525124079453,30.088479901545234,27.75426648936943,107.24411697239881,1.0658429053629401,4.128114915929871,28.556271841248915,77.24002158873257,0.0,0.9029602020065208,108.43785679310886,1.9398088734566605,12.0
62900,0.0646074045837603,0.5517817032320416,-9.89093391178351,-0.0028603542132119705,0.002587891982330199,0.009321512593866094,-12.464712010945384,34.84533687741144,26.1588141516019,107.24559261556539,1.0658429053629401,4.128114915929871,28.556257775030197,77.24002267372212,0.0,0.7816156218396304,103.90121303599217,2.4803871559333324,13.0
63000,0.1230275016625047,0.6297626404873872,-9.091362801158027,0.010729164403018281,0.019015497261513983,0.0034931144422933468,-13.857686479436884,34.31612011217747,25.909302717427906,107.24986560223866,1.0658429053629401,4.128114915929871,28.556236346781365,77.24005917437582,0.0,0.27125649326719925,107.6137721114771,2.1223605061062227,8.0
63100,0.43173768197599516,0.29637049187441894,-10.144519418658941,0.002085007105853456,0.019227858728134775,0.0042343226824826784,-10.13380178924016,27.892277157174814,28.833296645492663,107.25175248575435,1.0658429053629401,4.128114915929871,28.5562605189824,77.24008016574011,0.0,0.9916407611244756,107.92607510660339,3.868781850243863,9.0
63200,0.24841660762302184,0.6506054319281205,-9.702160358399762,0.0028010634250611502,-0.009465943708155136,0.0013380360487328972,-11.617500506736139,33.29845780408555,31.989342956091367,107.24633531668454,1.0658429053629401,4.128114915929871,28.55626466735111,77.240039852708,0.0,0.5670306827856119,107.22352272412614,6.501756562449901,12.0
63300,0.12275372507815091,0.6537763800347821,-9.327816896517648,-0.0027036062457304576,0.01281809725296228,0.011126370814606577,-8.48355198497753,33.810746804442765,27.407213781403087,107.25036768032336,1.0658429053629401,4.128114915929871,28.556247895450007,77.23997713683448,0.0,0.6919064026917583,104.33100461707126,4.986836700423405,6.0
63400,-0.4102167046786993,1.1449100973683948,-10.522299129596037,-0.006022876330359153,-0.003789348829613828,-0.0027279603810969793,-12.104114901527105,31.55662246834153,28.58644821645534,107.24468478956238,1.0658429053629401,4.128114915929871,28.55630317191474,77.24003339974608,0.0,0.5848827933761114,107.18814518712936,2.051555534955968,7.0
63500,0.24833083062529257,0.32533698787557014,-9.706303232414594,-0.0010689668535748377,-0.0010384857604534116,-0.004716383043784759,-11.042250080233607,33.67423184040487,26.897732563603643,107.25137006732105,1.0658429053629401,4.128114915929871,28.556229630379427,77.24002715410555,0.0,0.38017750457747074,110.40875289161706,3.1400531558598805,11.0
63600,-0.689420532061986,0.31776363436451116,-10.137842986669297,0.009146700015310882,0.003615095690973162,-0.0023543023060538446,-10.57505072698209,35.05002745650639,28.34581747859741,107.25959971567019,1.0658429053629401,4.128114915929871,28.55629104868911,77.24001417630808,0.0,0.6812054108041778,105.04688833419556,1.451018856918107,10.0
63700,0.2263079134015422,0.6176903931012179,-9.41683167606844,0.010258960485554126,0.003917796101119596,-0.0015763594098311198,-7.051235011018321,35.455199288960756,29.090273967707322,107.27126152845312,1.0658429053629401,4.128114915929871,28.55623166316561,77.24003113589808,0.0,0.0,104.46736487156738,2.3557990725585283,6.0
63800,-0.5658320216070433,0.11395833294841373,-9.537004757461903,0.01649084322948873,-0.010973195879312558,-0.008683751790307205,-10.787001176605665,32.42485175061787,26.71693390953201,107.26470270601467,1.0658429053629401,4.128114915929871,28.556257762304774,77.24006811129212,0.0,0.6244203012762568,106.12106250952483,1.6049134823025837,9.0
63900,-0.2704573925074354,0.8509393192183693,-10.065197193158806,0.007092752522865962,0.0054503043222095884,-0.16656802717459193,-8.359923715017079,32.52175652674973,29.833652339490452,107.26134156213327,1.0658429053629401,4.128114915929871,28.556234441429165,77.24002730684896,0.0,0.0,107.65626124951545,3.760842055352701,13.0
64000,0.07356319030954388,0.5604820782638219,-9.643091043815755,-0.007504555301697419,0.016098756964422103,-0.3452698789412964,-7.5231899672689355,32.08379813130804,30.285201356269994,105.32285512415513,1.0658429053629401,4.128114915929871,28.55629298149289,77.2399786089806,0.0,0.014917593431215181,106.444847737109,3.0934638869117594,6.0
64100,0.3252860550152604,1.287263819901984,-9.548781433403379,-8.1556938297286e-05,-0.0037984388056971847,-0.33857322962667913,-11.088215097053256,35.00795087430921,28.98531090711888,103.36511114766253,1.0658429053629401,4.128114915929871,28.556272807723676,77.24011704893941,0.0,0.0,104.13699144105789,4.9232836990707565,9.0
64200,0.04155040969923715,1.1032545275912735,-9.74015424536224,-0.004896882030756483,-0.007036809469098847,-0.32932153824930227,-5.066547853310459,27.108793998870475,30.275936080706025,101.40773846472075,1.0658429053629401,4.128114915929871,28.556298388692106,77.24000417376931,0.0,0.4816052816848111,98.82126201259746,3.228278519945736,7.0
64300,0.540568284806926,0.9074622712210235,-10.364199810976935,-0.005353229665456512,0.01000694266653931,-0.3194294395590938,-4.397503124729866,34.27190506574852,29.65344965915487,99.46966368979682,1.0658429053629401,4.128114915929871,28.556186524119827,77.24002124682502,0.0,0.36373708069873767,99.12322970449507,3.119249230772756,6.0
64400,-0.47913854346762763,0.5003671483419984,-9.710114924188993,0.0009747765909469066,-0.013248150054522637,-0.34875369265930345,-4.403586676488404,30.617897455206545,30.462023774568717,97.52416666072688,1.0658429053629401,4.128114915929871,28.556267792486,77.24011075233382,0.0,0.0,98.29102099676918,2.2496650760906647,9.0
64500,0.0116981698033235,1.0581971586333232,-9.580305123663013,0.007715768113940018,0.0161744398897409,-0.34308437387251955,-1.2049509902844489,32.79789430582725,25.56943730959904,95.57333923503293,1.0658429053629401,4.128114915929871,28.55627133169695,77.24004885479017,0.0,0.3599682775155122,95.23255400755107,1.396368489544197,12.0
64600,0.44284892568664325,0.7569025307171706,-10.164886046330176,0.0013670605159272588,0.0019972918467317633,-0.3197650238549645,-4.608257136387071,33.67394659864692,26.6020793596911,93.64144835131953,1.0658429053629401,4.128114915929871,28.556266828640855,77.2399878755447,0.0,0.9467266728640878,92.83797438426376,2.1201712312411445,6.0
64700,0.7097924216416267,0.5731585303113809,-9.754769870022594,-0.007177933519866499,0.012156738094290511,-0.34936575523750174,0.9124806427106134,31.49067402401936,30.098417184135986,91.68973995251802,1.0658429053629401,4.128114915929871,28.556254103530183,77.2400654351522,0.0,0.6021069457166832,91.09731568987422,2.897969013794079,13.0
64800,-0.063782834136935,0.3279769125196959,-9.81510247810437,0.011106406745931153,0.013552872751664485,-0.30619546946369824,-0.5032136526185055,34.814044222988876,25.50535143106614,89.74991421263711,1.0658429053629401,4.128114915929871,28.556243242129042,77.24003426713043,0.0,0.43741267409061013,89.41048470751696,3.216318296083354,11.0
64900,0.6034907559524758,0.370723352773235,-9.345868131618891,-0.00137247879459051,0.012629560213820435,-0.33163921433521604,-0.39622863951407616,36.603697174215995,24.435139589311852,87.82153820396033,1.0658429053629401,4.128114915929871,28.556297065822623,77.24005000112861,0.0,0.9937408853656864,89.14832775407278,0.5760773059775133,9.0
65000,-0.20368800546059265,0.961830033891705,-9.502537827095813,-0.007539520537065529,0.01124822020431539,-0.3173034725361851,3.464465778307005,36.551646637649576,30.815539115628887,85.8877150420418,1.0658429053629401,4.128114915929871,28.556279744522804,77.2399997314332,0.0,0.11347317431523207,88.31061729457228,3.5794240337125443,10.0
65100,0.38082621613100365,0.6879934243058546,-10.25594666727956,-0.018559129696044386,0.009370265182071572,-0.3345382471201849,3.4543907990708362,37.25512543352204,25.361418176478995,83.94104392285956,1.0658429053629401,4.128114915929871,28.55630292130982,77.24012444589266,0.0,0.5900115123968922,82.80283814029224,4.3050245984885125,9.0
65200,0.178224203068026,0.811152681130049,-9.630674704799592,-0.01241169378911771,-0.016529663969462562,-0.3363249617826858,1.8222338095047053,34.96664917012698,27.042609570389715,81.99263776523117,1.0658429053629401,4.128114915929871,28.55627812166954,77.24006389085208,0.0,0.45217918521463707,80.6701968505536,3.7287730084942043,13.0
65300,0.4046714180021333,0.5730358239864066,-10.073791109057673,-0.00921778698625991,-0.0032763155401026095,-0.3551304434589697,2.164619547938947,30.92010412743193,27.789369237523157,80.05384762852783,1.0658429053629401,4.128114915929871,28.55624466141822,77.24003560371663,0.0,0.8240162584629733,80.91974444860527,4.050104947320394,12.0
65400,0.47607889291632033,0.8334301680774963,-9.522218207533497,-0.008173492952757065,0.00549814396547577,-0.3327507976593568,5.925640813982907,35.09801664677827,29.28124010415431,78.1374286192562,1.0658429053629401,4.128114915929871,28.55628490352752,77.24001369551401,0.0,0.685195959570492,78.2782429145464,2.4371250007464216,8.0
65500,-0.2630395947794098,0.16803711686907963,-9.974174350282349,-0.021664044966003052,0.0020480994935073364,-0.3376901986368211,8.843932979008063,34.90753386805226,26.554438520732624,76.20018313809638,1.0658429053629401,4.128114915929871,28.55625786041848,77.24001441069717,0.0,0.6716694352294472,77.73073107345789,0.8466360534468569,8.0
65600,0.031185403016905214,0.21779924100842857,-9.229145177677793,0.014295597636514418,0.0029915264959613315,-0.3391792754832301,8.77815374393834,33.49229899649784,27.233490440790945,74.2742274602019,1.0658429053629401,4.128114915929871,28.556227378919502,77.24003681746836,0.0,0.39995799754534245,75.62945478818821,3.9514510640990563,13.0
65700,0.10247538145822128,0.9349006649229865,-9.546734934660751,0.010439691416981953,0.0025842250851866202,-0.33955929172635657,7.430036310866727,36.44269277635098,30.491519152043693,72.33337117922035,1.0658429053629401,4.128114915929871,28.556244479093408,77.24003113454806,0.0,0.0,71.47075595179055,1.3522652237934234,11.0
65800,0.25876481872485324,0.1962625768013294,-9.69149751118545,0.01010203504057866,-0.00032238452447355594,-0.32636903548838236,14.018426194788315,33.22627952797772,25.38162929518243,70.39548684848323,1.0658429053629401,4.128114915929871,28.5562242626054,77.24006905635122,0.0,0.0,69.25880145413063,4.088007929492351,6.0
65900,0.04853138572023638,0.8257668410560236,-10.20668389414936,0.010206402584391067,-0.004802674334330283,-0.32554802122289694,13.137815202855107,32.99830386870937,28.54198695731794,68.45166786437423,1.0658429053629401,4.128114915929871,28.55627823191328,77.24007919489688,0.0,0.556533975102981,68.32138364322462,0.42025769331773555,13.0
66000,-0.039054530995767486,0.8191213656397589,-10.010518426663236,-0.01949324289125438,-0.004582447375000958,-0.32253420596167776,13.518148884342498,34.33676071535201,32.639957365163085,66.51162575345647,1.0658429053629401,4.128114915929871,28.556300297707352,77.24000547050365,0.0,0.0,67.33553643177396,2.778285973234416,9.0
66100,-0.2897763067125397,0.48049416557277613,-9.64012245988641,0.00689952674388123,-0.00117196421483118,-0.3412985745072086,11.794538941083438,32.0639961595427,25.677758854706,64.57620285440541,1.0658429053629401,4.128114915929871,28.556265957392625,77.2400488704488,0.0,0.0,65.0472131094699,3.255962803519641,11.0
66200,0.3452475972796014,0.5217483108301489,-9.718080321982404,0.004092809685600981,-0.007307630767861274,-0.32245785096375357,14.94940010202811,30.392648854441006,32.462298202995726,62.627817051046804,1.0658429053629401,4.128114915929871,28.556271037414184,77.24000147887759,0.0,0.3602487827647949,57.56037315648133,1.8500323820783837,12.0
66300,0.286907539803804,0.9277117703719598,-9.949657271197772,0.005583136011761447,0.0030044330795651513,-0.331865320966183,17.74334554486717,33.434946555431765,31.930264168290016,60.68603787594482,1.0658429053629401,4.128114915929871,28.556284634469897,77.24004208170679,0.0,0.28497637698696954,57.787073876404534,2.802543872388725,8.0
66400,-0.18221746665458813,0.7325470356627171,-9.707056954380556,0.008141390941370018,0.0003358656559569245,-0.3210488917069632,18.86561742362392,31.430177219230213,25.89121847439036,58.74312025617454,1.0658429053629401,4.128114915929871,28.556193484383158,77.24010314343599,0.0,0.2491958593003522,59.889378977597616,3.7788764957540595,11.0
66500,0.39662564767468567,0.3256166063693017,-9.482301008682557,-0.006602312175502524,0.0108155433443112,-0.3276357611701636,20.26370213225105,27.848700625549128,28.607489428432665,56.80956205476142,1.0658429053629401,4.128114915929871,28.556215324847397,77.24005410276692,0.0,0.03637297025438879,54.604164719729226,2.671239085801575,9.0
66600,-0.20792689092427893,0.41646552490584965,-9.841879404561734,0.0042548032942484725,0.010467636909845292,-0.3258343314845443,21.85188131008291,26.781484641503333,28.417893276585723,54.86819008791963,1.0658429053629401,4.128114915929871,28.556241237928514,77.24000505466695,0.0,0.10673020807884383,56.411995310730155,3.384882535191818,13.0
66700,0.13031563382512934,0.9641218084216137,-9.444162622062171,-0.003948127596794059,-0.0019013469453519252,-0.3527270224995214,23.351333325293467,27.18491559943393,27.758878625029684,52.93047147097733,1.0658429053629401,4.128114915929871,28.55628090938095,77.24002163346071,0.0,0.11563909084641674,55.98499246969483,0.8903194594897093,12.0
66800,-0.017067094391949145,0.9575253105127564,-9.255878029705201,0.007613490071681363,0.00814282587537026,-0.34156060136877275,24.27947002648213,25.85653837512054,29.96121080908659,51.00178572077187,1.0658429053629401,4.128114915929871,28.55627158834513,77.24002108578341,0.0,0.0,49.39723728504061,4.14269090613255,8.0
66900,0.20274212423259233,-0.05451429578839995,-9.895221698185031,0.00035710726589986686,0.006862170542713188,-0.32222040817713093,21.427769166196967,27.891745088516288,29.80597046211453,49.063637334257734,1.0658429053629401,4.128114915929871,28.55622227780356,77.24004998823847,0.0,0.08036263788056763,49.411543425585876,1.82481331324815,6.0
67000,0.08059532209857054,0.8762832090992775,-9.683535139483988,0.00052808369847466,0.012046102122679673,-0.3232840703499293,22.050917471889388,26.036419892317745,29.31786072047131,47.10848238732408,1.0658429053629401,4.128114915929871,28.556292994609624,77.24001711800446,0.0,0.0,47.30043773639574,2.5811455807669828,12.0
67100,0.5494053235096621,-0.07339297643892528,-10.002675706958698,-0.019427709658500394,0.021555642432610662,-0.3500505379790247,26.705177943663152,26.555196472138917,26.026959750625753,45.190490722127684,1.0658429053629401,4.128114915929871,28.556242381535434,77.24000939840158,0.0,0.0,44.152069084613686,1.5671534393564217,9.0
67200,-0.0032021663126631655,0.35196265267973426,-9.790092284852454,0.00011177775720414311,0.021179144077303785,-0.31802326626577593,27.443332681732507,24.14920432320995,26.10759672326023,43.25807961649379,1.0658429053629401,4.128114915929871,28.55628641786526,77.24003862285429,0.0,0.6520984344968384,44.12284438554267,3.8439453270481136,13.0
67300,-0.14024334251465367,0.6502844343034947,-9.617317579007103,-0.013038754341708252,0.0016445676038698816,-0.33322407031921136,27.35064234915529,25.669859383756396,27.15715869067681,41.32147794399696,1.0658429053629401,4.128114915929871,28.55624383627564,77.24006321130085,0.0,0.25242263838621554,40.757690658006524,5.0963249693692685,9.0
67400,-0.21708686600603896,0.8102993079881954,-10.012696148346727,0.001735221533492088,-0.0038433651320144277,-0.33084341388797667,26.90308168684558,19.425673378636137,23.12737568964475,39.40462641061389,1.0658429053629401,4.128114915929871,28.556269475284438,77.23996819155978,0.0,0.41626856199890033,41.18182533028802,3.218843314858727,13.0
67500,0.11839762621270634,0.9455303186133803,-9.144693277864615,-0.01706437111025217,0.007846367910570966,-0.3348148404624628,28.949119915752622,18.8552315002456,29.043473082335627,37.47028951295272,1.0658429053629401,4.128114915929871,28.556289121368817,77.24001211936753,0.0,1.0353786252013994,37.92803671479128,1.8362757015318034,12.0
67600,0.1896833825466684,1.0091067138971668,-10.04890579261174,0.01074513854813499,0.001558294792773743,-0.33386255809658266,28.821334805557957,19.861424662370794,25.286463629796163,35.545999060322245,1.0658429053629401,4.128114915929871,28.55621991177664,77.24002801964755,0.0,0.09876664316960261,35.88633739468519,2.407885590548627,12.0
67700,-0.38985111091582103,0.27355968158865096,-9.944647096419093,-0.001780564953838081,0.017765517134748082,-0.3355044553033008,30.295766742098486,19.07341829585921,26.634021290435676,33.61501249314731,1.0658429053629401,4.128114915929871,28.55624009771821,77.24005712212892,0.0,0.0,34.411139057478195,3.123802505352114,9.0
67800,-0.20380541786837716,0.39633791201287644,-10.015023173848101,-0.005671395415015717,0.00478223621119488,-0.16072545331142057,25.535168629769846,18.768875135125374,30.364625691636085,31.658326590978383,1.0658429053629401,4.128114915929871,28.55624651575917,77.24005319576679,0.0,0.46039732720606086,29.177526331176903,1.213827775748653,10.0
67900,0.0875547563269451,0.24435835352704738,-9.829912765880204,-0.014983103702651022,-0.00907692765043111,0.008492299724012574,31.08734346790198,16.413152403519053,28.218609217513904,31.668323154604145,1.0658429053629401,4.128114915929871,28.556266011778142,77.24001127416439,0.0,0.2177463934886404,30.659320506905832,3.7826492579676545,8.0
68000,-0.012937637376507327,0.18990700491518175,-9.961207596609558,0.006631858821045356,-0.009054372829474258,-0.0008139980193558926,28.392398649636128,16.873565925000477,28.66989902681284,31.666544151431125,1.0658429053629401,4.128114915929871,28.556277209754022,77.24001922395314,0.0,0.42006542580715955,28.215624276520508,5.137650772781458,12.0
68100,0.5502060634382578,0.8801919382188049,-9.93566156181485,-0.01469598394015199,-9.612426404283746e-05,0.015222344625591754,29.15659805125567,17.527475605402053,30.928294844146496,31.69310526172246,1.0658429053629401,4.128114915929871,28.55631830934554,77.24005373554326,0.0,0.9535668983806395,28.476409926682408,5.126048828919549,8.0
68200,0.03991527034348824,0.650143495049901,-9.616968534798572,0.020056469509111618,0.011126786568838353,0.0007288215519002852,29.198076882424385,15.620738834240704,28.185705367486577,31.705185874314672,1.0658429053629401,4.128114915929871,28.55626073851106,77.24008147077801,0.0,0.0,31.6200257580149,1.846066254079363,7.0
68300,0.26098060299166365,0.5737925385793513,-9.577059728266592,-0.010644377266643083,0.010516271155200192,0.006321727627380494,34.46927937601509,17.802682582593786,25.94777306444773,31.710501269135726,1.0658429053629401,4.128114915929871,28.556290137235926,77.24002239853527,0.0,0.0,31.91867946060765,2.8120821210776827,6.0
68400,-0.2398557943925748,0.19295463631265364,-9.114435244578658,-0.003735135003314488,0.002655992458076192,-0.015638939765385416,26.285852023740283,18.753370245136637,26.28617891839687,31.71511995943122,1.0658429053629401,4.128114915929871,28.556248441147783,77.24004712685375,0.0,0.7447363005404587,34.01030926864,4.015244973285224,8.0
68500,0.21288426706839447,1.1728808076938,-10.071114187151622,-0.0162733439132864,0.006230269314888439,-0.006283198951510927,26.376910098263956,19.18318217774249,26.065787262728502,31.72590405139789,1.0658429053629401,4.128114915929871,28.556290079577174,77.24001610997125,0.0,0.0,32.47545295391843,4.809176960427514,11.0
68600,-0.22116961063917884,0.6659574808517322,-9.664709797643365,0.0028277614928182075,0.010359402835668862,0.0013500053216260286,28.89512134067551,19.919805624122997,28.87181116507038,31.7253868661291,1.0658429053629401,4.128114915929871,28.556251454920627,77.23998930399398,0.0,0.2545608493455723,33.086990107628985,2.722374787543057,11.0
68700,-0.2884599225185799,1.0668437685351697,-9.969365808730876,0.021693173971782408,0.00490768704995342,0.010753426105262212,31.327990712030974,18.68972278489731,27.545779423575336,31.729544268656632,1.0658429053629401,4.128114915929871,28.55626993665836,77.24004404933389,0.0,0.0,33.02032587226129,3.2214721846890586,8.0
68800,-0.30287763433342374,0.8120572312064516,-10.496019487526198,-0.021332386186055874,0.007727541802160158,0.008410620980171734,27.055580933196826,17.88060160227602,27.193711515926296,31.710465123551423,1.0658429053629401,4.128114915929871,28.556289946156873,77.24007326974598,0.0,0.40873830158185975,36.93418710659804,2.97302369726369,13.0
68900,0.24732783662170316,0.7285945218996074,-9.676748189526402,0.004676290512671058,0.01826050734176294,0.0021077130849425823,28.654797592674694,16.91563695065952,28.593288369091507,31.7145233881575,1.0658429053629401,4.128114915929871,28.55627194593534,77.24006403104083,0.0,0.0,36.481332307867184,0.8727654055355223,8.0
69000,0.5181291054428567,0.3070134466859713,-9.553562003235285,0.011641327635408021,0.005332965032206404,0.029134481936822717,31.55202054968901,22.40673295545124,29.767651805143327,31.723380953211237,1.0658429053629401,4.128114915929871,28.55626801207227,77.24003312218561,0.0,0.0,34.38344757346184,2.763379507301118,7.0
69100,0.24247974465233113,0.9072180213109586,-10.018130638611694,0.017754592784286666,0.015188620999707771,-0.011326184415834741,29.942818581806577,21.122613118287255,32.4557460707902,31.724532740749208,1.0658429053629401,4.128114915929871,28.55626641147296,77.24005299894434,0.0,0.0,31.889775731478903,1.0665232473723352,12.0
69200,0.293967854474556,0.777813129259627,-9.40381453288777,-0.006199737420819261,-0.00902730942562929,-0.006355462973479136,30.984384878730083,18.97756042731542,27.34001313500546,31.73052089579133,1.0658429053629401,4.128114915929871,28.556254189895917,77.24005717400344,0.0,0.13325495628194103,29.590892804542438,1.003770997872063,11.0
69300,0.08832744408720525,1.0389430878558543,-9.641400971448322,0.018630336543022003,-0.0149380471770942,0.009595329525241886,27.796674282634704,19.10545442876113,27.781428730874847,31.729277415441967,1.0658429053629401,4.128114915929871,28.556225580534615,77.24005997396203,0.0,0.0,32.85346695138324,4.926482919850086,6.0
69400,0.24541632500131974,0.3558774777452234,-9.56888808259502,-0.0012447967225383367,0.01102668532086253,0.012205184710013375,27.230534328882946,18.859723397648384,28.53441807967313,31.7272315718652,1.0658429053629401,4.128114915929871,28.556211587420904,77.24005939750703,0.0,0.0,33.464073544491015,3.9952629787242895,8.0
69500,0.3349790159795033,0.26490468690372243,-10.307571666465542,0.0023748922269447572,-0.0019413380248630187,-0.004190249815125142,27.973351800210033,20.385345318584925,24.626048900504934,31.732560460011182,1.0658429053629401,4.128114915929871,28.556210896811994,77.24005851456987,0.0,0.5241124472869718,31.192098299892564,4.000385589917405,12.0
69600,0.4680051205365472,0.7379441888110579,-9.589019885440283,0.0008189074954079178,0.003735696700428901,-0.013225700341023286,26.95060698303105,17.41988682032381,34.42278146470274,31.729267349107946,1.0658429053629401,4.128114915929871,28.55625130674169,77.240039139523,0.0,0.3016779384888889,32.32877970652531,0.9862545576509127,12.0
69700,0.008184367432076567,0.8956881044260719,-9.257340782917268,0.009457449362883886,0.008816972168161376,-0.0017166539023708337,29.13552393631796,17.601542216043512,29.141800329738363,31.72880525532731,1.0658429053629401,4.128114915929871,28.556261032855044,77.24004450768939,0.0,0.0959720367211625,34.19000144650929,2.746578389523699,6.0
69800,1.0411433388343112,0.04441602481468965,-9.86539813211553,-0.011099498416999209,0.006019544591172435,0.009188456463424553,32.57463737340565,16.219953575336888,24.444828043057207,31.733026609725034,1.0658429053629401,4.128114915929871,28.556265322684556,77.2400661561073,0.0,1.0494281665102323,30.088004829177258,4.618773483756803,11.0
69900,0.05213905764422953,0.5846661799462638,-9.73783412162244,0.009513948958083523,0.004913920770264692,0.0008567349766798028,29.994431287014283,17.122243598832686,29.088120798919846,31.732990394426583,1.0658429053629401,4.128114915929871,28.556206740323013,77.2400186813356,0.0,0.0,34.50830666118035,3.4744648419167516,13.0
70000,-0.293199636305326,0.49942536701682283,-9.924239703949048,0.016229801058836025,0.007159986970521893,-0.0035959370385967035,26.132096687749925,19.532567311503282,30.504640130056785,31.733061547035348,1.0658429053629401,4.128114915929871,28.55623625314459,77.24004506221497,0.0,0.05713638713607555,31.3014442444091,3.1999191774698392,13.0
70100,-0.06285131988082018,1.0917939507913301,-9.610545596990228,0.00047512759933218435,0.00409137536587203,0.019531946019557475,26.991411989517655,20.77735591485281,30.48177383531294,31.73705935827818,1.0658429053629401,4.128114915929871,28.556237053927145,77.24008138799083,0.0,0.983237247897484,27.869450622168586,4.96733001716745,11.0
70200,-0.028728735595971333,0.4640876996546057,-9.989773164456457,0.009605800836760596,-0.0036423106722902636,-0.00921716670502155,31.303214129475563,14.994664488788276,25.782429576543635,31.73030377753008,1.0658429053629401,4.128114915929871,28.55623258499098,77.24006876132697,0.0,0.11618785608231397,28.773977555878393,1.713587330685006,8.0
70300,-0.6102757582364847,0.6564033199215641,-9.84719846792544,0.000977462869861139,0.02131962982803205,0.00045392390516804096,29.39663810436709,20.36152357375368,29.17542833280034,31.73551542550502,1.0658429053629401,4.128114915929871,28.556291455724963,77.24000362237304,0.0,0.18566364156606766,32.39181518587665,2.3616763725111563,13.0
70400,-0.6200360934078364,0.7571725906092334,-10.21118937834376,0.004462220996833684,0.013636060588004914,0.016767555505191756,28.90077522301912,19.529903578193455,31.674478924620253,31.7310990818528,1.0658429053629401,4.128114915929871,28.55624417622231,77.24000085306449,0.0,0.0,33.13731101457729,2.33972361600816,8.0
70500,-0.10938988464012889,0.5092768468682781,-9.305538611002934,0.0213720307500046,-0.0002165808348553802,0.011326746272684981,29.38087026532709,19.80678496438385,30.403182680726022,31.739601064791675,1.0658429053629401,4.128114915929871,28.55621956186173,77.24000575320802,0.0,0.41033729346395,31.85917920351915,2.2371125741869733,8.0
70600,-0.2310353371614797,0.41888030922806024,-9.614155269309558,0.018322515632935004,0.005771426513180045,0.013185084503797719,34.020312711765285,23.198495705777823,28.902211318932363,31.72869437680675,1.0658429053629401,4.128114915929871,28.556250150032152,77.24000773834032,0.0,0.4373509446170116,30.550500667596616,1.2737382119654062,10.0
70700,-0.2695050589588117,1.0099025513498108,-9.536215787082384,-0.00012627432554711097,0.01019477482382646,0.010337181813367347,31.97217742182931,19.30136701729997,28.38460702738481,31.71954694201304,1.0658429053629401,4.128114915929871,28.556253330619764,77.24003913970432,0.0,0.0010220184212707652,32.869024967932106,4.491850698147157,7.0
70800,-0.04467840929167555,0.7094714565142597,-10.133427283679938,-0.006000432006087306,-0.006160550111368871,-0.00297522689465251,29.213887601885734,17.665966225224505,27.285197312701825,31.728074337594297,1.0658429053629401,4.128114915929871,28.556277946271077,77.23998442271066,0.0,0.0,33.34290161771834,4.851876761471912,11.0
70900,0.103044207536602,0.7961073343727365,-9.786822607771095,-0.002787051660788185,0.010285442814405207,-0.0005774375457248547,28.42886218368901,19.155219258425973,32.08870527187809,31.716051428945725,1.0658429053629401,4.128114915929871,28.556254498218443,77.24003081335742,0.0,0.9199527501429162,29.90657205306126,5.402371015975847,11.0
71000,0.4283528711402457,0.09588055858008215,-9.469854815248445,-0.0073113015818491245,0.03485662647601869,-0.0015252321301536843,31.274334331278872,19.460324535492312,27.117435835304065,31.714662209652758,1.0658429053629401,4.128114915929871,28.556240089430315,77.23998979771595,0.0,0.5738045059152596,29.95742562000571,5.309289255910127,13.0
71100,-0.011650256084360322,1.2604327681586822,-9.16280428624956,0.012963452304364905,0.010987030173877274,0.009195841683715122,31.306649831491228,19.329598781119746,30.59978224416411,31.73160984654144,1.0658429053629401,4.128114915929871,28.55629227490596,77.24008363165747,0.0,0.5733526886371956,30.90725422504789,3.317131765298246,6.0
71200,0.2819819507910267,0.7322004446267358,-9.557635252261498,0.0018012262389504334,0.01901978901170806,-0.004744490810009741,28.651641495309192,17.980988586335847,25.143035428403913,31.743977403550648,1.0658429053629401,4.128114915929871,28.556230539062906,77.23999054030855,0.0,0.0,28.400857579719045,0.09733417440125702,9.0
71300,0.16194101955875745,0.6732198030746113,-9.584864158656442,0.0026936952028597874,0.004218409749523371,-0.013248878413576849,29.80528632103892,17.63796677429526,27.920761029879987,31.749099045496784,1.0658429053629401,4.128114915929871,28.5562376736511,77.2400609257478,0.0,0.0,34.17460527724782,1.581569492035378,11.0
71400,0.42025975226860424,0.3782493673521203,-9.721796162923377,0.005618698352104208,-0.013991821273384084,0.013595778497573607,25.530238215502536,21.567088473380736,27.690422260334724,31.747872824201004,1.0658429053629401,4.128114915929871,28.556279560238032,77.24004132669288,0.0,0.11109831561992423,32.8453436130308,0.6531833839446111,8.0
71500,0.06407153853091346,0.6905723636196943,-9.964276638257738,0.0123625609172663,0.007756301291848165,-0.022924159654837527,30.673879203145713,18.783456466945836,30.191274782196636,31.73572602142763,1.0658429053629401,4.128114915929871,28.55626399486541,77.24003143720745,0.0,0.0,34.80047643792796,6.497967986754088,11.0
71600,0.08818822939288942,0.41787006976044205,-10.080336280506497,-0.01194542314530888,0.00020969706957936571,0.004759979357320362,30.210554754883056,18.62595875022324,26.902382657702542,31.735999785932933,1.0658429053629401,4.128114915929871,28.5562315687529,77.24000605022101,0.0,0.08946192899095316,31.631872024093038,4.647781058513855,10.0
71700,0.39096256327268086,0.11631854472050451,-10.021122581002052,-0.00628551879830973,0.006464688886352941,0.21952212480205596,28.20862794453066,18.1527727200002,27.138833116504898,31.740553849508842,1.0658429053629401,4.128114915929871,28.55624293072471,77.24004593177875,0.0,0.2837865923275458,30.663483907629782,4.597961142575605,10.0
71800,0.286070513767096,0.16739395165880083,-9.471099435671707,-0.013771402432756454,0.017019505483993485,0.43432246911459715,26.189829225723784,19.040965711140963,26.234342800062706,34.27998526592469,1.0658429053629401,4.128114915929871,28.55625158545128,77.24000870629669,0.0,0.304342710504589,33.90969223024884,1.1256964447712394,6.0
71900,0.16482618042614727,0.40523236453183803,-9.570371586775233,0.021373011451949052,0.0021178487409709537,0.42899299431956295,27.641786640041193,20.150023965662463,27.680350924064474,36.814470729288786,1.0658429053629401,4.128114915929871,28.556301791923268,77.24001620548549,0.0,0.0,35.45155709796601,4.341545527388633,8.0
72000,-0.24796007992044147,0.13053790894204886,-9.799334733811833,0.01160845200494828,0.0072042405204117465,0.46473879047272837,27.4349250131882,23.15979973974104,29.111979073120573,39.341034346800356,1.0658429053629401,4.128114915929871,28.556236422704956,77.24007034303627,0.0,0.0,40.91938904171147,4.220906349759998,8.0
72100,0.2534347745646876,0.8152842655715942,-10.02564353384999,0.002981242641611256,-0.013936912707624111,0.43461180246978076,23.9258880203212,21.941091838371335,28.3231894222619,41.874058809805476,1.0658429053629401,4.128114915929871,28.556262357453022,77.24003619895832,0.0,0.103907449532055,40.13180530762892,2.494681719288104,12.0
72200,0.6504331260430201,0.30629874514385447,-9.462412740975324,0.0069922548005768095,0.011884333947970872,0.46293193859781123,28.07561339047009,25.55448629156723,28.76367119889057,44.40476610143948,1.0658429053629401,4.128114915929871,28.556253630054957,77.24005555809636,0.0,0.0,45.31117897926489,2.9815725616467494,11.0
72300,0.3924691655736997,-0.023259397056296538,-9.459342145971823,0.00020911657106637786,0.011037302208797301,0.43284287946011146,23.220486555720584,24.0959253243376,29.254895007833262,46.91404650924095,1.0658429053629401,4.128114915929871,28.556255644724917,77.24009524291144,0.0,0.0,46.965593177509426,0.9059480421491997,6.0
72400,0.09846588331992363,0.9686587702702221,-10.253795555293438,-0.0013385023757607859,-0.007305812023219391,0.45321723027306876,23.612193942664852,29.12316931982925,26.585658760682687,49.45129008908881,1.0658429053629401,4.128114915929871,28.556307576053225,77.24002091062496,0.0,0.0,49.75781530814464,3.479691595069084,11.0
72500,0.6734244418454609,0.6366140120105717,-9.649603277496372,0.004429289374588699,0.003884265453139531,0.45036834584106034,22.43351240527378,29.984373825519672,29.605660807619007,51.96961179649284,1.0658429053629401,4.128114915929871,28.55623129886344,77.24005451789675,0.0,0.05143925189808289,51.201286063296365,1.9758332170059434,12.0
72600,0.32829759400474745,0.8312546437549568,-9.446445408999118,0.020211934664726563,-0.011141495542685013,0.4353477604981028,21.514984648766703,24.870442744798797,27.672124806594827,54.49643664072472,1.0658429053629401,4.128114915929871,28.556281266156947,77.24006831769246,0.0,0.0,56.45168724801993,4.961942341334797,13.0
72700,0.4608361791689142,0.3959661660389421,-9.417122750899646,-0.004692009387399698,0.0011613561007952156,0.4428044882951051,20.045420793067223,28.895980332381004,32.75160068618628,57.02162774122922,1.0658429053629401,4.128114915929871,28.556202044473295,77.24001401417475,0.0,0.02201052607506508,58.31515997255345,2.0906935095290127,10.0
72800,0.32128976124703074,0.4721376822211625,-9.124369265925065,0.010303712996118115,-0.0028980999361451487,0.4434286202220897,17.527263796700936,31.697954647836386,28.00188000591888,59.54454352904314,1.0658429053629401,4.128114915929871,28.556258580595248,77.2400785531925,0.0,0.0,57.48471126499334,5.159609839247253,6.0
72900,0.6694281556927697,0.37894330422165295,-9.25963227188506,0.0058897591683777315,0.006817535087202385,0.43030855653515127,14.313701859241094,30.138545204562174,27.823441755754892,62.07159313457616,1.0658429053629401,4.128114915929871,28.55629424713655,77.24001508244532,0.0,0.5766837096682652,60.51850102454374,3.461067294475247,7.0
73000,-0.31564263460559083,0.6707668777439493,-9.41419176817672,0.004092945565299565,0.0027556680148719515,0.45964669875713554,16.02731330151095,31.24017512367068,22.451336637386788,64.59217597241225,1.0658429053629401,4.128114915929871,28.55625081376251,77.2400684403607,0.0,0.0,67.71822792821676,3.5356252755892443,12.0
73100,-0.30251239214862335,0.8599526810096466,-10.09386148630492,-0.002867755001547968,0.0013874670451876096,0.45135156989100467,11.929310372898673,35.38791677749388,25.865120599429485,67.1262073611374,1.0658429053629401,4.128114915929871,28.55622160480422,77.24001125800848,0.0,0.0,66.2025563307638,3.273645487076898,11.0
73200,0.47736171357286805,0.698677642114234,-9.698257446125881,-0.0016479532503445833,0.001449270536748233,0.42796296795305605,13.530130162619393,35.08806810613746,26.823519323538136,69.65969206170132,1.0658429053629401,4.128114915929871,28.55626229318598,77.24002975242088,0.0,0.0,70.99036253293659,1.0286679168839061,12.0
73300,-0.1035437017098573,0.7117152719277111,-9.977723030481298,-0.006321942561902225,0.00898736438261116,0.4551472148120839,13.782013588667482,30.498297892481787,27.308131198425375,72.18135691984753,1.0658429053629401,4.128114915929871,28.556242471554768,77.24004367359798,0.0,0.0,70.23251427653958,2.6445497609778785,10.0
73400,0.42358301171856116,0.7257846696188114,-9.315135863814652,-0.0003745164517511934,0.016554142024088118,0.2274440090375941,8.913327890482114,36.38830988355975,29.902536679584625,74.71021360997888,1.0658429053629401,4.128114915929871,28.55627334039045,77.24004016298805,0.0,0.3688644033849582,74.11601344146173,3.580913071898562,12.0
73500,0.6586815143403144,0.9785280104029771,-10.568130260525775,0.02653841514947479,0.01422304351894733,0.01996453030908755,2.992228318491563,37.15828877646601,31.107113029650563,74.69997829951691,1.0658429053629401,4.128114915929871,28.556261422741716,77.24002655610533,0.0,0.38742408926881405,75.5057807547802,2.269190206974858,7.0
73600,0.011946222237010973,0.8965127185476739,-9.573560246900977,-0.0036890177346419455,-0.007718847127160366,0.014785786378952784,12.683347416522217,34.39611116477563,30.121649670403148,74.72407964203364,1.0658429053629401,4.128114915929871,28.556262857605237,77.2400211346464,0.0,1.3688914820374396,74.5785484985597,2.826932025982772,6.0
73700,0.9953639909241603,0.47992619294167427,-10.171442348640863,0.0043932530965830035,-0.005623515204668733,0.009853865924743837,7.751872962080231,34.15929823024834,27.648043366546446,74.72473624849826,1.0658429053629401,4.128114915929871,28.556249492372352,77.24005686445179,0.0,0.01381949231453411,75.97645599413514,1.1130101102473826,7.0
73800,0.5197088745409895,0.6245292039098888,-9.383285257138361,-0.004458917464683318,-0.010445959859431315,0.0065966737519808985,9.08538145801246,36.01130115466207,27.25700806748837,74.72563474208194,1.0658429053629401,4.128114915929871,28.556347223747053,77.24002712287594,0.0,0.7158750213581504,75.90639787464798,2.498958351215264,10.0
73900,0.4469442314061294,0.6995919069331448,-9.39214193038689,-0.02077210378360413,0.01928123596102776,0.007364745336188193,9.90717552726691,31.16026398947378,29.828250045634004,74.73776854301455,1.0658429053629401,4.128114915929871,28.556189603755726,77.24001364658126,0.0,0.5617403450711718,79.0234257202122,3.7765183285711568,9.0
74000,-0.24000795367405442,1.132233171184461,-10.198261849150693,0.009439458918258134,-0.006727238129006848,-0.0022355920850177357,9.785862565864857,30.656164020045765,25.4984472753332,74.73446371506367,1.0658429053629401,4.128114915929871,28.55629103685213,77.24004034510193,0.0,0.9153552459438014,73.01828418763556,0.9963088391771455,13.0
74100,0.6730889356875434,0.7137836147220772,-9.426780142922409,0.00670198845663974,0.0037779439021890827,0.008688194790827209,9.960902067639887,32.36543084774304,27.089777310154876,74.7292205399583,1.0658429053629401,4.128114915929871,28.556262942604246,77.24002963476606,0.0,0.475449411375271,74.24155605731428,4.203693527157615,7.0
74200,0.33001921413140983,0.8890463385934503,-9.77903980465965,0.008935594153860601,0.005321414103858562,-0.008497704952455106,6.019067251981359,34.44507333917024,32.56566902272712,74.72497471179481,1.0658429053629401,4.128114915929871,28.556237804658192,77.24000321026787,0.0,0.0,78.66004980116594,4.190141925677122,11.0
74300,-0.824800105705444,0.6715959886401027,-9.66555933213665,-0.002619778798074888,0.007308915272755294,-0.010604063069825243,7.8531482797677565,32.07454087456082,27.341674898140386,74.72085829326335,1.0658429053629401,4.128114915929871,28.55625572682665,77.24002715695931,0.0,0.08419148346502331,74.60477665705616,3.1938897118164773,9.0
74400,0.34744360321884843,0.4700163920902345,-9.600573866420792,-0.0004834000611589045,0.006094800780142138,0.025144478985715403,11.39265837005638,32.21900080805305,28.548120451478614,74.71365609762131,1.0658429053629401,4.128114915929871,28.55625480944141,77.24006150337857,0.0,0.02811535947470928,79.73028209520214,4.081343001254308,7.0
74500,0.2006032857110816,0.8722480284041265,-9.608952705519258,-0.008385464843575673,0.004050906351757386,0.017467896346367428,7.703048304081361,32.125160648506764,29.719347625529295,74.70801304142901,1.0658429053629401,4.128114915929871,28.556225199265274,77.24004722771853,0.0,0.9811462002703919,74.73856855165744,1.6463011017031683,8.0
74600,0.006107739378678548,0.4195341791337003,-9.738293534454767,0.0069263723099211565,0.012047817030186125,0.007162077723341601,12.747815185226697,33.109194676520204,23.2827820601449,74.7018607394428,1.0658429053629401,4.128114915929871,28.55625470173778,77.24002978719477,0.0,1.0782011151312114,72.60149451291171,2.6659012502812276,13.0
74700,0.7405622295621935,0.3361022262817333,-9.806588143788751,-0.014034155139973352,0.011379478625183494,-0.0020843204635831833,7.273415211826998,34.4568190302419,31.259544682811885,74.68872616087683,1.0658429053629401,4.128114915929871,28.556279043855284,77.24003227736395,0.0,0.0,73.52729517421726,5.655827930399615,8.0
74800,0.05231763758654408,1.0430487148912986,-9.468269824645695,0.003137236312615024,-0.00510536406186289,0.01786230071098444,6.6261365623624675,33.76378983486048,28.784657347313853,74.6883795945122,1.0658429053629401,4.128114915929871,28.556213835920545,77.2400507235616,0.0,1.0603240279824624,73.13458808429621,3.2720752395203663,10.0
74900,0.4655218189915439,0.5825712926370166,-9.709359920122507,0.021628146497918714,0.013112584553224445,0.008506398476997839,7.551403837396302,39.58146346387689,27.212150512280676,74.6874028466682,1.0658429053629401,4.128114915929871,28.556214474910174,77.24003451245311,0.0,0.0,73.59929000703147,1.209580953675268,9.0
75000,0.34533316859485386,0.5766825916444316,-9.737530234177983,0.012832178860211079,0.016000683229863595,0.009964943089876343,10.918309860890634,36.307283932909314,31.4731083654072,74.67444573894608,1.0658429053629401,4.128114915929871,28.556282537849977,77.24003450722486,0.0,0.3040273488768612,76.60764220662024,1.6112649900066867,9.0
75100,0.04487228920030399,-0.012160097523931768,-9.319735960574713,-0.003114294840309415,0.007309493533172891,0.004238816065748319,7.770803416614761,34.64767847048483,32.95102130401401,74.67361085299028,1.0658429053629401,4.128114915929871,28.556260346875124,77.24000960272794,0.0,0.3712591521201433,72.02168566614633,1.2801401910193195,13.0
75200,-0.14593553458851963,1.1492043154140719,-9.69570371593937,-0.0017484623378681533,0.006955706900247355,0.020802636304676575,9.149628773555396,33.30753962464804,28.340930652274803,74.67447321461081,1.0658429053629401,4.128114915929871,28.556242463700066,77.24008630824446,0.0,0.22833405571293192,69.55817390243962,3.3810214691080342,12.0
75300,0.18590261490818327,0.4708847314714081,-9.722970901066361,-0.005248721841556527,0.014034204283962726,-0.004849379945466371,9.206458867547408,35.05498308789177,24.5947031275996,74.67137260406825,1.0658429053629401,4.128114915929871,28.55624430749985,77.24006202450448,0.0,0.481751295929832,73.87416088987912,3.6129602705637014,6.0
75400,-0.5060639156234836,0.9777444919285911,-10.104163641561541,-0.014211181151621122,0.01272619580239167,0.003729549165834605,11.63330433673205,35.517605950216804,25.435724256545043,74.65365509688979,1.0658429053629401,4.128114915929871,28.556218174576763,77.24004226165576,0.0,0.11777462800971673,76.55740187125424,0.662723123468326,9.0
75500,0.14481143898320445,0.7982262750198853,-9.959479737875412,0.0023281368511488118,-0.000629892646964344,0.004340516371236162,6.586043231733125,35.212144811254284,26.900565229687945,74.66979281335375,1.0658429053629401,4.128114915929871,28.556273086567217,77.24001257480671,0.0,0.6347621995122542,76.91187291553517,3.9779065574990256,13.0
75600,-0.09164357016501726,1.1633066289649896,-10.036206875027467,-0.0014090430535353498,0.01785515393253515,0.0005483980102188655,12.195068174798319,32.936953311300854,27.545308000858086,74.67345304219573,1.0658429053629401,4.128114915929871,28.55627940118342,77.23999295515293,0.0,0.0,75.5960758229017,3.0461737656908467,11.0
75700,0.33087132684602427,0.618784513962258,-9.506373441877086,-0.008166079536946234,5.199554785288111e-05,-0.000667128275755879,10.347158364926113,29.990990953012236,27.464367984630154,74.67237572647741,1.0658429053629401,4.128114915929871,28.556293635718458,77.24010410325263,0.0,0.36507767326046153,72.80877830830556,0.9404119190068556,6.0
75800,-0.1487212641495869,1.0291237832292848,-9.814176590971687,-0.011317910017617474,0.014978732401249247,-0.008254758128627318,7.27614375785735,35.54166411978923,30.731417353115653,74.67081873472392,1.0658429053629401,4.128114915929871,28.55624739655589,77.23998238994423,0.0,0.2752013496226697,77.9057117535582,2.2018894600061354,11.0
75900,0.012831534491078933,0.9849404882563118,-9.61671049072737,0.0058678501838027005,0.0046905459147673105,0.011763277453701981,10.551222537106831,34.20339240310171,28.467790039583555,74.67425280767708,1.0658429053629401,4.128114915929871,28.556254177514013,77.24002320284313,0.0,0.3174794868494332,74.22216499861469,3.198096368697519,7.0
76000,0.2353737447522518,0.4467529737228835,-9.717937555969252,-0.007034580055655303,0.0153425360725539,0.012899888426129089,10.801866315077323,34.06790122712691,25.960090867544675,74.67093783553013,1.0658429053629401,4.128114915929871,28.556271173714713,77.24002748395598,0.0,0.0,76.54468495743068,7.070750476960155,10.0
76100,-0.09472002701731136,0.9093978372658582,-9.749127058002037,-0.0018837754267024007,0.01031862600586084,-0.013029815890554314,9.774496457684991,30.018209704168065,28.346186786292353,74.6742825083873,1.0658429053629401,4.128114915929871,28.55623612506751,77.23996774607521,0.0,0.0,75.86419171412767,1.2703640498886526,12.0
76200,0.04711520941677286,0.2921983273323494,-9.556380933483446,0.011705016251098859,-0.009444332871439746,-0.010085359224191487,9.702639199825633,29.53063964985767,28.52580351126451,74.67702298860887,1.0658429053629401,4.128114915929871,28.55626309359971,77.23998318650075,0.0,0.0,72.19821469073297,0.30243056994834916,8.0
76300,0.5110441057260635,0.35081122732165865,-9.845893641677284,0.006241427826510584,-0.007184139326533618,-0.0018043164530437469,10.002839175112506,36.82965829765397,29.670892468971033,74.67602815219686,1.0658429053629401,4.128114915929871,28.556251774462968,77.24007046538325,0.0,0.37422527292630015,77.6731006368806,2.5237821282402795,9.0
76400,0.03871271812536868,0.5068807358731293,-9.812729610387727,0.010896792157509841,-0.009085463536405151,-0.0014700206276608975,10.681276106094986,33.99405568608938,28.560287810416312,74.67989677196994,1.0658429053629401,4.128114915929871,28.556261163295783,77.24005100091561,0.0,0.0,73.33186480957635,5.5624172763297395,11.0
76500,-0.4975649621422098,0.3646056689981358,-9.619563625622026,0.003239414589785336,-0.007521719546011688,-0.010993623232766273,7.469544780260871,36.22374122786819,27.96198425291879,74.67394078751411,1.0658429053629401,4.128114915929871,28.556211024495916,77.24011752993641,0.0,0.0,73.69411041777418,2.736976907454077,7.0
76600,-0.36769780206377745,0.840082839243908,-9.211514318688021,-0.014771622705384665,-0.004856094453859723,-0.0024832776192512136,5.828051791701754,37.35834324623593,25.566691400245777,74.67781545782002,1.0658429053629401,4.128114915929871,28.5562435839852,77.24001768482884,0.0,0.0,75.60800228865767,2.1735475838368834,12.0
76700,0.08181077541387607,0.0739112531520576,-9.731666312487969,0.0010766077680620502,0.00909787648685366,0.004724902989671037,10.27532428162176,34.000386119759696,25.36041560973151,74.6746490965898,1.0658429053629401,4.128114915929871,28.556288559638748,77.24007550996339,0.0,0.0,76.67103292410991,3.3974627568131677,11.0
76800,0.059178596693108015,0.8530769355654135,-9.997609719917312,0.00023981832025747824,0.024439238977052788,-0.005137440470877885,8.34276983728495,34.04228239504568,25.582709378691668,74.6707912366599,1.0658429053629401,4.128114915929871,28.556326694163655,77.24002353931941,0.0,0.0,77.8995710177603,1.8598780635228946,6.0
76900,0.19809378123538282,0.49782864350062933,-9.666261790883375,0.004351555387695062,0.008133097377034496,-0.018037269241533305,7.970077550324314,36.09126871588579,28.08670949417327,74.66609355799727,1.0658429053629401,4.128114915929871,28.55626300341866,77.24000642328527,0.0,0.7574215677971186,76.84644496633484,5.6355073515838985,7.0
77000,0.15065688625109178,0.9933942552998837,-9.843938269679374,-0.00966654906576226,0.015339033398686513,-0.010370544477168609,8.589888787256491,34.05827273516914,30.333294085500626,74.65282599160564,1.0658429053629401,4.128114915929871,28.556274620884995,77.2400769725888,0.0,0.0,74.449068203279,6.123391869711666,9.0
77100,-0.12114589474252854,0.8119665553942405,-9.360313838122375,0.025140769882434195,0.024505643039043654,0.002679348115950546,13.125516718909704,34.85537792497577,28.537424213446936,74.6535669933017,1.0658429053629401,4.128114915929871,28.55620814830248,77.2401366135457,0.0,0.048476838695368764,78.68749095708401,4.033473876808689,10.0
77200,-0.15508018199282644,0.8187850891552002,-10.1274443253374,0.0035636358364449314,0.010281956851280366,-0.005942135465925677,15.224753715596233,33.4726081318013,25.233248027867305,74.64882839063404,1.0658429053629401,4.128114915929871,28.556238699660042,77.24003448461677,0.0,0.0,76.94779668963925,2.384765852459788,9.0
77300,-0.5988204145543563,0.4055704090087848,-9.808844069083419,-0.003751444896231395,0.0075414166895739244,-0.007518106292624618,7.749762227226896,32.369679734979016,25.52968358754499,74.64719121499793,1.0658429053629401,4.128114915929871,28.556289545971666,77.24000842159161,0.0,0.0,72.41113387150722,5.508525052948116,11.0
77400,0.2788616591814031,1.0882944298202943,-9.766229597307165,-0.006570475547425152,0.000894079933403168,-0.0024534663459463363,9.69876505185642,34.92132585501374,24.630275947424654,74.64432721862053,1.0658429053629401,4.128114915929871,28.55629273895597,77.24002440216647,0.0,0.0795674639592461,78.07855538299717,2.9296602519114754,11.0
77500,-0.013113845177080724,0.6736662910103426,-10.109314029426862,-0.004269620979876701,0.0173402631896517,0.00989517334124481,9.683063374968077,32.90847889387389,25.898376602950044,74.65343201025104,1.0658429053629401,4.128114915929871,28.55630368073529,77.24006511938815,0.0,0.4736264513812763,75.45745744095603,4.708289981611187,6.0
77600,-0.2295967041532912,0.35787835125832895,-9.912264994952668,-0.007092330215751835,0.0046836582573911946,0.010704692095458383,9.9013060640806,34.99174942244531,29.19667529161771,74.65126198924098,1.0658429053629401,4.128114915929871,28.55624796813289,77.24002708371314,0.0,0.9814034975986387,76.99698056671468,2.323907049723462,9.0
77700,-0.02964119709810159,1.0006909193186146,-9.333613404785307,-0.008935174014951652,0.013397364163291764,0.0062955012273607,8.629345425443798,32.62639403696975,32.09804767859685,74.65014750103747,1.0658429053629401,4.128114915929871,28.556254809870584,77.23998395058531,0.0,0.5869857221627132,74.8733576199617,1.1527553447477912,7.0
77800,0.33137908759797974,0.23640919861549942,-10.443190394267258,-0.011921842290659075,-0.0027380771310227935,0.015186942451475664,8.534315326331544,35.61786902316095,27.18807642296467,74.64907439060212,1.0658429053629401,4.128114915929871,28.55630896585617,77.24006743124562,0.0,0.0,71.96461253240923,1.516741583734468,7.0
77900,0.653576385898298,0.6903650313779502,-9.317376404144591,0.006457193986041227,0.0026113845920149037,-0.003879393227158915,7.398219808657068,32.01827676712166,26.830146671079472,74.6431549813252,1.0658429053629401,4.128114915929871,28.556265185560655,77.23999359767699,0.0,0.2789539471277128,71.37455815828113,3.532074740116901,12.0
78000,0.6474631501954742,0.40043157253205314,-9.726586290275321,-0.006818826961512957,0.0055441224385483,0.005648179115627097,12.257390736179698,34.042047119932676,30.390825203974984,74.6233768148368,1.0658429053629401,4.128114915929871,28.55626584369006,77.24009043886815,0.0,0.0,78.80979168585725,2.8742570866869177,10.0
78100,0.3956631838889515,0.9670243531589444,-9.74035481677459,0.015507474445477482,-0.0037816677620814134,0.01110442353919535,13.223478377734132,32.911696859378694,31.636254399346114,74.64024803632306,1.0658429053629401,4.128114915929871,28.556269949750927,77.24005128786166,0.0,0.23593744484568274,76.45674490326815,2.095731028945548,12.0
78200,0.15422376821889855,0.6922035162072467,-9.964761586352008,0.014431376159006352,0.01730794217847601,0.012119381767969159,5.198163514076541,38.27454517506639,27.851843762653022,74.63660881389362,1.0658429053629401,4.128114915929871,28.55625617714543,77.24002382325145,0.0,0.0,77.00475831794446,4.889305329553832,11.0
78300,0.6880521667269223,0.25310078626745663,-9.337466534962648,-0.004170251848915714,0.013174331497762783,-0.001516455949000879,11.442961823228615,32.809474609035455,25.089787112534395,74.6404887030712,1.0658429053629401,4.128114915929871,28.556308926589818,77.2400775470582,0.0,1.4163971824033446,72.3441009955076,0.9942020904551132,10.0
78400,-0.2575486870664863,0.15748600968876497,-9.853061588492645,0.01574173259870399,0.015910632494272346,-0.008569413598541,11.603934567222117,30.33146404756232,27.221618645050683,74.62757162784527,1.0658429053629401,4.128114915929871,28.556289759114264,77.2400875220864,0.0,0.4446916812503689,75.90878261801414,3.6488874197560444,8.0
78500,-0.5723064253065562,0.7276578486219955,-10.216831741768464,-0.0025219879649541763,0.004915406034379661,0.013923204211188991,10.473010892144002,33.530501120012346,28.954355923202318,74.63658064786254,1.0658429053629401,4.128114915929871,28.556325806885777,77.24008246889544,0.0,0.6734485385112474,75.02447953158,5.686549598466451,13.0
78600,0.2774477637042796,0.6043161139531887,-9.61790390976308,-0.006690519068230244,0.001994807280388413,0.012455481671247721,10.584197434647253,30.227258487006818,29.197182537519996,74.64657528232935,1.0658429053629401,4.128114915929871,28.55625785095536,77.23999903179073,0.0,0.12174310519330134,75.19787257719197,0.7126376017249214,11.0
78700,0.2780021613971354,0.7640028600710141,-9.879753429515478,-0.007572725362912998,-0.003067701588719382,-0.005288838088023866,5.320600443838857,34.20129094785586,28.30415578424168,74.64598566131434,1.0658429053629401,4.128114915929871,28.55628233142793,77.24003965795269,0.0,0.8661963335388678,74.42452994727533,1.7025760603927793,12.0
78800,-0.0527291527991916,0.730582319516159,-9.80810102532154,0.006523808514304452,0.0021762971359103045,-0.0008874494869699104,9.646937883538095,31.282181549116977,26.419900422080918,74.65353607825051,1.0658429053629401,4.128114915929871,28.556209716565714,77.24004220396817,0.0,0.5432298282794337,71.89246793023052,2.593042992698078,13.0
78900,0.8217734505273897,0.5473258676415881,-9.43745002095904,0.016561517750993026,0.024951170108093324,-0.0007250898884502929,7.863018077709543,37.91498523849149,27.323235741222376,74.64552564130855,1.0658429053629401,4.128114915929871,28.556282713551045,77.2400506028847,0.0,1.364220672157329,75.39043809409073,2.1006055043812077,13.0
79000,0.8414851076571818,0.6720763368593577,-9.86058377301389,-0.008128526262784264,0.016138984651787428,0.003384864918752393,9.95754408889095,32.20050611515802,26.443808897356796,74.6282772647759,1.0658429053629401,4.128114915929871,28.55630761150933,77.24004895094798,0.0,0.10763491568251704,71.64213932128764,4.466683621889382,10.0
79100,0.1333191608624738,0.6203448141791007,-9.964711060822138,-0.00344535884930021,0.011788409302294751,-0.005706766122234453,10.115041785160525,36.232768722737575,28.85024470639733,74.6161748302041,1.0658429053629401,4.128114915929871,28.556210009596988,77.24003077530242,0.0,0.8891969556972766,73.96816502028042,1.9646531972125718,11.0
79200,0.6435431649784997,0.5870328598888427,-9.548423242503475,0.0017822002424488937,0.016707940164800147,-0.0013749816637299728,11.815014860906249,32.171949346755376,30.89126670759564,74.59433333097688,1.0658429053629401,4.128114915929871,28.556303560372626,77.24003157974192,0.0,0.5595978908558458,74.15665553393431,4.429619308755696,6.0
79300,-0.12991023797461332,0.8460283102410673,-9.83769525719639,0.0008887838564025688,-0.009531014667560803,-0.008817670058952926,8.499723530143406,34.265785062648334,27.246262407974367,74.57577142453528,1.0658429053629401,4.128114915929871,28.556249433452297,77.24002146803738,0.0,1.1206183231216678,74.64265174177366,1.1690981324025225,12.0
79400,0.268973069195068,0.5599621158174153,-9.92184109971126,-0.010666795114849636,-0.01117736824884336,0.01973196338049428,11.124884152543776,37.173308795929444,27.30762947028308,74.57904273578448,1.0658429053629401,4.128114915929871,28.556278385215098,77.24003169725006,0.0,1.1108562845702035,76.97591950908149,4.0042438527318085,7.0
79500,0.0627848118038915,0.9444814509129598,-9.772602391892473,-0.010492404645868734,-0.00729537037263918,-0.018733147562278757,9.571442563206926,31.30132359319275,26.69330476875119,74.58580931413645,1.0658429053629401,4.128114915929871,28.556242757750095,77.24000403232102,0.0,0.8111056200003214,76.8910677704009,2.2432902180210177,13.0
79600,-0.07706260687332622,0.2584483324329348,-9.972830026452991,0.004438679562564501,0.0014557853823853007,0.0025570901427906926,10.882090563916398,32.67319799980287,23.714988447023273,74.57171687340771,1.0658429053629401,4.128114915929871,28.55631032470745,77.24003248504522,0.0,0.42864927452338897,74.5073633092672,4.095900694583001,11.0
79700,0.8821637400318219,1.3293576981278088,-9.890682821213575,0.0012404441885876846,-6.58350101996677e-05,0.007738476582631378,8.920484923167763,32.488440028022026,29.389507995182782,74.58000840632897,1.0658429053629401,4.128114915929871,28.556258807094896,77.2400835398967,0.0,0.2778163938785678,72.63987003968437,1.9624649988049936,7.0
79800,0.5146461587433723,0.9574337311785559,-9.650026105226583,-0.004906437675417344,0.006910108772464844,0.004901433908601031,9.81191635978764,29.373319881802743,26.590807606543844,74.58759915072285,1.0658429053629401,4.128114915929871,28.556273756466236,77.24003574592746,0.0,0.06647717865532243,73.00330443159348,4.200606304904805,11.0
79900,-0.23360200978027046,0.3734108139792207,-9.667661997303153,0.009238643378276495,-0.008769210948121917,-0.000463491006943434,11.32589386142234,37.5161983714834,27.781881137324778,74.5748703264586,1.0658429053629401,4.128114915929871,28.55621803689213,77.24006693201783,0.0,0.599799793209954,72.88301184336042,0.041531982197295925,8.0
80000,0.3465926799666657,0.9188859071746642,-9.633524162726859,0.016134126452188143,-0.0074371552803794245,-0.0022046836942547585,8.351128788789882,35.4965928942385,26.601600324607816,74.58783488651589,1.0658429053629401,4.128114915929871,28.556264440324924,77.24004508937132,0.0,0.0,72.72869495403921,2.1636882300635083,6.0
80100,0.2177778424500814,0.7116743510759835,-9.968481891852063,0.00441898977869564,0.010516754356475887,-0.0019872276308851664,11.700610910432689,32.682846062801254,26.779388361182246,74.59543529231168,1.0658429053629401,4.128114915929871,28.556312811116868,77.24007959482857,0.0,0.8289881375286559,73.29125610004857,1.3132377960278088,11.0
80200,-0.19492000764306328,0.6916014737571815,-9.444993158061376,0.007617576494600362,0.0028123390583803666,0.013744763780839837,8.482584874303111,36.601060875516495,31.231653392297808,74.60555282843644,1.0658429053629401,4.128114915929871,28.556272061708203,77.24012856882902,0.0,0.7945209932687964,71.9874509322603,1.471357137251388,7.0
80300,0.5468581643946981,0.7238819779663027,-9.725426103454499,0.009000665134816625,0.010135010145924172,0.010389066689122366,7.691951161958284,32.37343482977436,31.691590742786335,74.61018658208219,1.0658429053629401,4.128114915929871,28.556270774328972,77.24007081884365,0.0,1.3639604212897178,77.15873549036718,4.5269673037751375,13.0
80400,0.9493392186139995,0.7185060069193879,-10.028715522079516,-0.02268662481192459,0.02007206878896043,-0.0016232785042852456,7.222512403296623,35.21030754736184,26.238014069322325,74.59916670360872,1.0658429053629401,4.128114915929871,28.556237807346236,77.24001870095663,0.0,0.6087208176368489,76.89809564696242,2.9904936242116915,7.0
80500,-0.07345682452133387,0.8202609504895138,-9.478073891267966,0.010273543450655016,0.010375219001738028,0.005183899446646453,11.487869005874101,35.48010553864917,28.297922581003405,74.59884244686779,1.0658429053629401,4.128114915929871,28.55623632785377,77.24008696799568,0.0,0.9503942846130529,74.87729728626296,3.4594907639177506,7.0
80600,0.22898691206202396,0.4403898687154477,-9.616151645017764,0.0035024221310203337,0.01419921169436357,0.01343387971781591,10.616278229502987,36.437167175659724,25.837006400482135,74.59085876803573,1.0658429053629401,4.128114915929871,28.55625756352501,77.24006235417893,0.0,0.3975030678254503,72.35828443449361,6.384600507607268,11.0
80700,-0.6070845238125622,0.2918894001156387,-9.849098698552806,-0.017307064811313947,0.013202142923180175,-0.005325088385546953,6.173075872839524,33.081650635806696,29.007672848659737,74.59679704449937,1.0658429053629401,4.128114915929871,28.556240258158184,77.23999741306864,0.0,1.4869143699013967,73.97791763140918,3.3636724913765144,6.0
80800,-0.35812294795722655,0.8252901276105771,-9.721443959107626,-0.009996117896874067,0.0017744770183611655,0.00015905149266620157,8.595003833982892,34.31588042492306,29.961413825730094,74.60330075187093,1.0658429053629401,4.128114915929871,28.556231767022872,77.24000341689175,0.0,1.2631215669763578,73.04158632231308,4.041374811147529,9.0
80900,0.820430596840874,0.449405179704076,-9.224215131480522,0.00822249420671382,0.006928328633725606,-0.00627614670195989,9.079342391964374,31.511199636413224,29.11033182632468,74.61473029685293,1.0658429053629401,4.128114915929871,28.55624812846112,77.24006317509651,0.0,0.7348984775353642,76.39181197753699,5.652010089970499,7.0
81000,-0.18006873272218038,1.3075734833614645,-10.107533830803268,-0.00038127933415030486,0.011000587442389121,0.008898570189949849,11.367185877490442,34.61841550796733,30.26032598008293,74.61725562399582,1.0658429053629401,4.128114915929871,28.556265537079952,77.24002969052384,0.0,0.5251387929354756,72.59605915176222,3.842203099886568,10.0
81100,-0.11283147843686997,0.1101259011260618,-9.678293412242216,0.013348728181364677,0.0042430423160697926,0.008667649650825986,7.679083425469318,32.58744163473544,24.89620309150457,74.62839149698311,1.0658429053629401,4.128114915929871,28.556228436347578,77.24007263584949,0.0,0.6946207542980045,75.48348591684996,1.1898736978504676,8.0
81200,0.2586520822129151,0.8195643839942981,-9.69120901466855,-0.0025385436083534474,9.966649700972503e-05,0.011469937737830366,6.7873497542089165,35.811416525048294,28.60024700981007,74.62382404522045,1.0658429053629401,4.128114915929871,28.55626169787121,77.24004936598108,0.0,0.7524440119189518,73.99235262584774,3.305787331984254,6.0
81300,-0.05863853100489265,0.6500597172346507,-9.75766301324392,0.0004616737469680754,0.008920629145116125,4.896557362136372e-05,10.781258919998447,36.59077912848442,26.29722316135386,74.62824106119754,1.0658429053629401,4.128114915929871,28.556307236629113,77.24005430434637,0.0,1.3967113900917894,74.70109457773965,0.44945052752411785,11.0
81400,-0.16241870064475525,0.07894746538399988,-9.86640488223373,-0.018581208851800812,0.0032302723512490253,0.0014242249099860357,10.958084064776461,32.26622000273195,25.19925791155403,74.63455710564155,1.0658429053629401,4.128114915929871,28.556252654328045,77.23999277038206,0.0,0.9575367779979714,74.49988135733427,3.4408907217298266,6.0
81500,0.20030489482526936,0.5775760084997322,-10.081881335738599,0.01449846936993603,-0.011906663249527136,0.013592229414273436,9.42148254460013,30.329701168130768,24.959701321296606,74.62658814827907,1.0658429053629401,4.128114915929871,28.55624167005196,77.2400362142554,0.0,0.5065139127223233,72.01443794954325,1.5255034303921977,8.0
81600,0.16304901095932048,0.6256184656662038,-9.857949319634871,0.008390107344328395,0.013150300375996665,0.007248323319012359,9.340531387188651,31.836346567817444,30.653269802059384,74.62372976954782,1.0658429053629401,4.128114915929871,28.55623974516503,77.24004812230946,0.0,1.3922588303466157,72.32911090607791,2.654630809238413,10.0
81700,0.06732871041637567,1.0067029648522257,-9.838522032982883,0.011434630205151862,-0.0021212026111576505,0.001324971326874009,7.278248479302112,35.89421213800787,26.5050896406271,74.6413311794609,1.0658429053629401,4.128114915929871,28.556256778207523,77.24004814115364,0.0,0.25943011385185044,76.87481925257812,1.9694960738928775,8.0
81800,-0.045967773618996066,0.5260693119151394,-9.620434078815002,0.004424173770226746,0.0008109350050009428,-0.002983553148782449,9.277094408995422,31.41676214432495,27.264890229133613,74.62840215640026,1.0658429053629401,4.128114915929871,28.556235243910542,77.24010330398737,0.0,0.5180015028377603,74.96464104931225,3.103736202465917,9.0
81900,0.6494653448992691,0.5299862509898724,-10.013256943662705,0.018102583588069012,-0.00028669828157169754,-0.0062415956448046515,10.101596775768092,34.029227782631494,27.088707037763886,74.59594750799029,1.0658429053629401,4.128114915929871,28.556309054848374,77.2400558740058,0.0,0.3581895981838296,75.20552375999677,4.03553563065832,6.0
82000,0.4311342511541474,0.2361591572129383,-9.912957780707936,-0.007029969426539045,-0.0003172102112437023,-0.004575937657011934,9.669723660259967,29.182840292504217,25.53384717625546,74.60762033737667,1.0658429053629401,4.128114915929871,28.55627786305932,77.2400501441241,0.0,0.5696650797903128,75.03588627855343,5.403073861213565,6.0
82100,-0.0020974203702256444,0.38365568037902853,-9.87515593747501,-0.003932903042770739,-0.017001473476887807,-0.0065879741497467765,6.593196397813395,32.59501542257918,28.08466676533384,74.60557589305299,1.0658429053629401,4.128114915929871,28.556246219286873,77.24007854279404,0.0,1.086514293388249,78.16315197142922,3.1681766739787016,10.0
82200,-0.31101624288824004,0.8678005890713467,-9.506679196921244,-0.008463598532321218,0.011505342823379557,0.01729724981266353,11.173737841995578,32.05752186249849,28.178423346471998,74.6167738910826,1.0658429053629401,4.128114915929871,28.556216958352085,77.24001282060581,0.0,1.0605987229369918,74.62732804983249,2.8695135313505507,9.0
82300,0.5568074501269293,0.9317058087932393,-9.974042502576733,-0.007243514767422341,-0.003847964822801337,0.01276536235141889,11.363700486057452,34.73512717852313,30.715618497079213,74.64163666838844,1.0658429053629401,4.128114915929871,28.55624216360206,77.24009492341072,0.0,1.0060293271759104,74.06490296927834,4.342871414154663,13.0
82400,0.04352388078474445,0.8246679397440093,-9.960307739232348,-0.010835340821956172,0.0025000269720789094,0.02722981762086739,10.124797285925519,31.91340381458767,28.759308445244862,74.63903096337404,1.0658429053629401,4.128114915929871,28.556240178055077,77.24004992787002,0.0,0.28144135374124846,71.85854156348061,4.579567166635201,12.0
82500,-1.010394809023605,0.8338943427850996,-10.13355118033895,-0.002619593803274334,-0.005158485150433475,0.001748159577870333,8.760327502792778,34.37051012616087,30.117225509788707,74.64632226394771,1.0658429053629401,4.128114915929871,28.55626808778671,77.2400359822347,0.0,0.8469799790865205,77.37464964441544,0.1389053520981154,8.0
82600,0.28487249180304347,0.6729318368914141,-9.371043327627028,0.005459426155257621,0.011901670543802301,-0.0026896667785856103,6.148056969886557,36.808646112774724,29.499857563264754,74.64071728702633,1.0658429053629401,4.128114915929871,28.556287478390075,77.24002455057331,0.0,0.29594563782216676,76.23327686475629,3.4418357641589052,11.0
82700,-0.11328699863745023,0.5301159820150465,-9.501806666193737,0.018183596140962974,0.001664456171028858,0.0003786491104728522,11.037964240799006,36.52382430765736,28.153487775327083,74.63506843698019,1.0658429053629401,4.128114915929871,28.55625897741324,77.24004661777856,0.0,0.9582328628949441,78.49951801326641,3.5197675341909447,11.0
82800,0.22674948987342214,-0.00078691499560124,-9.944863634150577,0.003995304801156826,-0.0011982397026989618,0.010428373649007783,10.40836998774273,33.28210248003829,27.729730419848014,74.63798153387674,1.0658429053629401,4.128114915929871,28.556225115582585,77.24005807063979,0.0,0.0,75.74841942863011,4.608620132255764,11.0
82900,0.40654670918840397,0.8489933897361569,-9.23432055662347,-0.0011683852708021707,0.013199199234133454,-0.006467642542965922,4.368058851960131,32.15967664347145,30.611239344202318,74.6286133538471,1.0658429053629401,4.128114915929871,28.556308152027526,77.24009133741814,0.0,0.0,70.89391964493447,3.861185434263877,9.0
83000,0.07811545249603091,0.9354793827669727,-9.315183283089974,-0.005767119504922323,-0.006380741662658886,0.009589472611811294,7.992357327872124,34.829953901029675,30.565322882620166,74.63002731602147,1.0658429053629401,4.128114915929871,28.556230788250158,77.24003490327108,0.0,0.6788667028542444,74.3816674537174,2.466666736266945,13.0
83100,0.25313847707127435,0.18144787070850038,-9.443908323533213,0.010819395522245642,0.006121867981403469,0.010448723836598804,14.181402724445993,35.69052184197691,28.092037848601624,74.62715351367439,1.0658429053629401,4.128114915929871,28.55623393514897,77.24000892770955,0.0,0.0,77.70401544230239,3.125784553748794,11.0
83200,0.33848103104100086,0.31506185489532995,-9.552805246861805,-0.0003781712666964044,-2.8202145619602055e-05,-0.008891106341706513,11.262657889428976,33.100388955525965,28.485390273364832,74.61458046629596,1.0658429053629401,4.128114915929871,28.556243683507297,77.24003120434145,0.0,0.19208266245800298,72.1429328889937,3.526090950481747,6.0
83300,0.2877958701683592,0.9158777549135021,-10.48235008801788,0.008026597247075606,0.008935159680090475,0.006999625892877798,10.713777766275987,32.34806983023695,28.370834177866637,74.61581225078476,1.0658429053629401,4.128114915929871,28.55629308204751,77.24001538976442,0.0,0.0,73.35073511721313,2.5767992806630398,6.0
83400,0.8370076336959446,0.30003856928915745,-9.45370843297981,0.012854266797866006,0.014722629572822717,0.005573230591209847,10.734651996133998,34.02802818053649,25.509582220823585,74.61887277031924,1.0658429053629401,4.128114915929871,28.556202568091756,77.23997688837083,0.0,1.152100910746098,75.63757998137017,4.987798400493582,13.0
83500,0.30654680340313456,0.6073402641065665,-9.568661646509607,-0.002148522973012292,-0.0007187849992978182,0.011802967446087354,5.759637846377257,36.48422108370583,24.841346492556788,74.63265638451792,1.0658429053629401,4.128114915929871,28.556242808619327,77.2400901004641,0.0,0.7652907221727462,72.03733801498971,3.443770216522529,11.0
83600,0.2627090689664887,-0.08283328407144541,-9.693468537744069,0.015189435499234346,0.0198051650579404,0.013089200999936382,11.250896341351627,31.078517071478977,26.199331362357253,74.63801166276434,1.0658429053629401,4.128114915929871,28.55626769615532,77.24006022287041,0.0,0.649592943510681,80.1009121245688,5.337359931839445,12.0
83700,-0.23671111782662146,0.8687749606351379,-9.907823791969003,0.02000574456997647,-0.007522073166462528,0.006193182837561689,7.641313015392438,36.06448533453335,25.61121164520495,74.65232562592232,1.0658429053629401,4.128114915929871,28.556212308227504,77.2400767087296,0.0,0.0,72.40079652817153,4.031073340006932,9.0
83800,0.6307797326627792,0.695841543504332,-9.90283255128728,0.016487538230846255,-0.0077832318520827766,-0.006769120999878349,7.817496687137942,35.13299285361782,28.236446199070013,74.64680110641694,1.0658429053629401,4.128114915929871,28.55626448354765,77.24009702221745,0.0,0.0,75.86814488468731,2.611664509298764,8.0
83900,0.4166479157045263,0.8061662291699903,-9.741859687671644,0.009785517307993406,-0.009482129922711042,-0.005608523040959017,10.669510986326,33.29155190829273,28.969003008708313,74.65659070605103,1.0658429053629401,4.128114915929871,28.55623762429225,77.24012231317519,0.0,0.23687157002353193,73.40216767973546,1.3595144568090927,12.0
84000,0.06081105050005775,0.9800074278483002,-10.006223738962651,0.006802793275280964,0.014641729587430066,0.007269565504244199,3.77716728050366,33.15798088447429,28.02098070906671,74.65173805562023,1.0658429053629401,4.128114915929871,28.556250157659072,77.24009408282295,0.0,0.0,75.91554204216935,2.0327497979600304,6.0
84100,-0.15888748156998783,0.6336510869361215,-10.254268911015012,-0.01909469482439372,0.00948994427287476,-0.00018025661369186962,6.700000867810077,33.93648683662102,27.56031914858291,74.6397640840848,1.0658429053629401,4.128114915929871,28.55622224625978,77.24005371594939,0.0,0.0,73.68023411136038,1.6957678415429802,6.0
84200,-0.13161898743117686,0.9162650951720968,-10.045295102190577,0.004614305751225092,0.00022072263944882767,0.005025183820748963,6.189264707993495,32.920425490878884,29.951754168869755,74.6432128955119,1.0658429053629401,4.128114915929871,28.556258154707297,77.24006462967805,0.0,1.0411864457058986,72.06227084483073,4.026234691070799,10.0
84300,-0.03789875461472951,0.6007712838688853,-9.774837347726635,0.004473827422205538,-0.000784290641207443,0.03125952609995133,10.142885718597226,34.163761704372085,31.001101433750513,74.6474311727395,1.0658429053629401,4.128114915929871,28.55629298882393,77.24006801587443,0.0,1.1327291548364267,75.28402020477401,2.516664696597907,8.0
84400,0.49971086622030303,0.7276889299848891,-9.49704421827948,0.01536712997281348,0.007578915551282683,-0.007894631239067057,8.975343913736655,32.97827236329004,24.68811664884824,74.66147911052964,1.0658429053629401,4.128114915929871,28.556250700359616,77.24008049466181,0.0,0.4542153315473778,70.46709858781557,3.006243474471237,13.0
84500,0.8844474174595205,1.1105432211661788,-9.262734806898553,0.00855449555418606,0.0013020641853798216,0.010177220068091748,9.49056719863234,31.256908695258055,27.97831516727667,74.66055631887139,1.0658429053629401,4.128114915929871,28.55623424057994,77.24005247871746,0.0,0.1740860998201234,73.11038221641977,4.259676420989961,10.0
84600,-0.15532797777783516,0.7052996478398982,-9.711277893318437,-0.0015372499871849866,-0.007580182992740966,0.008441946471429231,13.132986492883699,37.28695263596252,27.40761252638834,74.64865895176897,1.0658429053629401,4.128114915929871,28.55624478166696,77.24007243464123,0.0,1.118884725603828,78.62546747751689,0.7006711368255769,11.0
84700,0.10297519497881716,0.6675876707510274,-9.796188251103601,-0.002824976006775607,0.012843985029675337,0.005802698917076175,8.731262786295812,33.66173366985396,25.706721677345648,74.66454289390163,1.0658429053629401,4.128114915929871,28.556265120215333,77.24004668800586,0.0,0.050794879958665086,73.1367254452259,5.810041830544809,9.0
84800,-0.1109537361717777,0.6342082232096851,-9.383161362241934,-0.005956931872389716,0.013710603816888212,0.011996971406654972,12.316532277237698,29.87932804223176,25.89463376098402,74.66473859180545,1.0658429053629401,4.128114915929871,28.556189898329063,77.24005297340639,0.0,0.3546780883120053,72.1840742397071,0.6395333341418228,10.0
84900,0.5469608958759772,0.4042773012589751,-9.88515362500634,-0.001573809533291184,0.012244705319689245,0.002958581301377314,7.0542593883302604,34.778762689457025,30.23269041632935,74.68345747389277,1.0658429053629401,4.128114915929871,28.556296200702352,77.24006075944479,0.0,0.0,73.29153842825286,4.9843266767138035,11.0
85000,-0.2306173060681199,0.6453625687032764,-9.79005159171268,0.006503165770553887,-0.011547036390884419,-0.0025082213305677404,11.630037025020222,36.49887099875096,24.506043042444063,74.69009499098242,1.0658429053629401,4.128114915929871,28.556219671425048,77.24006851361996,0.0,0.06918706098172352,76.46953019705445,5.259673818770441,13.0
85100,-0.2546118044373036,0.4778889392128345,-9.38869839700573,-0.009006760334039458,-0.0038670259244559654,0.021482081817601098,6.942270444330274,34.99073340137427,29.81009685380378,74.69056190871179,1.0658429053629401,4.128114915929871,28.556279857184755,77.24005786877905,0.0,0.0,75.95859030760478,0.28551653306740654,13.0
85200,0.37805169701939256,0.5801098339723576,-9.516727438468081,0.006280923847199889,-0.0010921125497868767,-0.0017204250972875452,10.25591722849308,35.22654952547858,27.99209845341756,74.67000763734605,1.0658429053629401,4.128114915929871,28.55627459119853,77.24004243530868,0.0,0.5463231296645306,78.7854122109501,3.476569568070226,6.0
85300,0.37366365801111345,-0.22201727098101876,-9.918330937300833,-0.007472417291247199,0.009741884037445449,-0.0023029226348445695,5.917569327689579,33.462236899376336,25.56770057857611,74.65409427579837,1.0658429053629401,4.128114915929871,28.55627105131478,77.2400371508163,0.0,0.003996094620889001,77.87146948452974,2.9386107639098644,11.0
85400,0.21001899954040928,0.056045006555901056,-10.027508913985086,0.007496180743958138,0.017919887656637552,0.013244595200361753,9.225285579906343,33.689940943787526,27.624592027958112,74.64728520559392,1.0658429053629401,4.128114915929871,28.556257882977988,77.24005093757711,0.0,0.3163132188448605,75.43880320684382,2.1804655511636617,6.0
85500,-0.19391503288151715,-0.2136630672179296,-9.975442722376815,0.004570062895056738,0.00343720893187114,0.0031020208161324767,11.955137101437938,36.27378137311811,24.844456916114485,74.64344178401277,1.0658429053629401,4.128114915929871,28.55627763094103,77.24004219540069,0.0,0.14654814386037932,73.8499881286616,1.7579575419056914,12.0
85600,-0.1573086054847918,0.5298978990202633,-9.731556316410302,0.007478274697580123,-0.01477416074985019,-0.0010956790551792778,10.97342770822404,35.76850846244007,26.626854771215147,74.63107997087391,1.0658429053629401,4.128114915929871,28.556250787484075,77.24004977345871,0.0,0.0,73.3304152537155,3.8342489547376495,8.0
85700,0.3298657583444691,0.2593199995675678,-9.640467129378319,-0.004583067177743456,0.009286874301577645,0.02021756466526211,10.355096195377326,34.02426398279477,28.814817158095988,74.6387117930607,1.0658429053629401,4.128114915929871,28.55628855634744,77.24009733084355,0.0,0.0,76.93540241184513,2.1568288622336738,8.0
85800,0.33525827779388984,0.7082986939674647,-9.759735671955374,-0.001313182086877304,0.004605313950359364,0.02942624750083175,10.411512287767891,36.99085545757433,28.501648586789724,74.63870726439423,1.0658429053629401,4.128114915929871,28.556281246584344,77.24002738988136,0.0,0.20553310838590427,74.44380116744745,0.9559950346327226,6.0
85900,-0.024338059530223836,0.47381021974005255,-9.93489927266486,0.009367712690757122,0.00807029308082022,-0.009957049060294182,7.6023232516297075,33.671613237553125,27.785759795002605,74.64476842003859,1.0658429053629401,4.128114915929871,28.556275042285304,77.24004348199126,0.0,0.45082476823624273,73.1609994710234,2.6507179518603734,11.0
86000,-0.1568718533116265,0.8621106014679921,-10.231543549246227,0.011583798581309323,0.002142386922426803,0.018452661059658374,11.791619448955288,34.77418217707121,27.89813771822017,74.6411046846302,1.0658429053629401,4.128114915929871,28.55632697129672,77.24004341571303,0.0,0.26116470871432185,77.1883810737165,4.31878391412242,10.0
86100,0.10039066835420939,0.4401357312061953,-10.263416168021323,0.006735078586042503,0.005524442812563502,0.021217031667513077,8.705294858312843,30.449833379658678,29.846835703557133,74.63971070735147,1.0658429053629401,4.128114915929871,28.55630381641862,77.24008114885635,0.0,0.0,75.77968795368514,1.5271617106017419,7.0
86200,0.4477375632846732,1.2737612626726138,-9.867981831284286,0.004225167066130499,0.0011527022001989874,0.014692272381849204,13.269521128223907,35.714757159705734,25.949744043518642,74.64837448950655,1.0658429053629401,4.128114915929871,28.556283062263006,77.24003251333396,0.0,0.0,71.49933641819165,2.3988226232119714,8.0
86300,-0.036838627624546955,0.4124963647482264,-9.701380939812427,0.020247087156764418,-0.0061872104408682285,-0.0005664894340234937,9.029511754597635,35.05468788146764,29.672548215433974,74.65234789235187,1.0658429053629401,4.128114915929871,28.556298038027727,77.24004559162476,0.0,1.0280376643300089,77.13516545463473,4.403491013111851,13.0
86400,0.3260796341345883,0.715861927633365,-9.692115025606194,-0.0023795541628103315,-0.0023934721385874165,-0.008652813618189665,6.036503662351446,35.459452926501726,28.907933207074166,74.6486071713428,1.0658429053629401,4.128114915929871,28.556301913642187,77.24004794764771,0.0,0.0,74.47612177570207,2.9996937670188077,13.0
86500,0.397720027689906,0.8137668223513332,-9.68721921173538,-0.016226191454798734,-0.005736867236578337,-0.008643976803567637,8.325027983875048,32.13357835077525,30.141284341524802,74.6361712851588,1.0658429053629401,4.128114915929871,28.556263797430194,77.24008763054529,0.0,0.5213988421142074,76.32286539704111,2.4318272720821468,11.0
86600,0.0018973180136230283,0.8172644857124844,-9.91919405148737,0.00780729037449905,-0.003047044044545256,0.004047816536585701,7.555371875777862,32.71377040239535,28.6750205653373,74.6406805709983,1.0658429053629401,4.128114915929871,28.556230857029867,77.24004777395487,0.0,0.0,76.50183170321776,0.24621477799829616,9.0
86700,-0.03316978585061095,0.47859771808157114,-9.582686702304368,0.011699682888484837,-0.0018071025076512688,0.00851238948927451,8.327931640060871,35.58683000206523,29.406717329984904,74.63514242932524,1.0658429053629401,4.128114915929871,28.55624254448839,77.24006740967175,0.0,0.0,73.16203253633053,2.3321201722631857,10.0
86800,-0.03864104914423358,-0.16910079969059832,-9.598260547188383,-0.006263806844126713,-0.016978112875309963,0.003131352013467991,6.236854266736351,36.52601320868006,26.965860007601616,74.64689207515785,1.0658429053629401,4.128114915929871,28.55632079323356,77.24008611794432,0.0,0.5160148544242149,76.20988053214239,4.937516832571417,11.0
86900,0.07045495981851424,0.4680183270491866,-9.487984836563419,0.003163635663999472,0.008570869424073509,-0.010884179509742579,7.2261322116640105,32.65377489700615,25.851784114570762,74.638246554735,1.0658429053629401,4.128114915929871,28.556227741603568,77.24004143287632,0.0,0.0,72.71867471772936,4.024900639344796,12.0
87000,0.41469877912387076,0.6813798046674482,-10.180516135530732,0.007986418709389372,0.011831465565061688,0.011894152582577425,8.84603544993493,35.999336447109876,29.78223678952608,74.63477519267371,1.0658429053629401,4.128114915929871,28.556243279638537,77.24011679999309,0.0,0.0,75.53190687016593,3.1410520739971197,11.0
87100,-0.06449673775618492,0.37505244918944197,-9.500480647840654,-0.005050675576399006,0.003743563848627754,-0.02137598152908144,7.600254378473801,34.159186097789394,31.33269427302023,74.63620562613498,1.0658429053629401,4.128114915929871,28.556285948063802,77.24008436519149,0.0,0.0,74.03571916990836,4.993346532784425,9.0
87200,0.24732732001773555,0.01040462687926147,-9.921060949168256,-0.007605659279073289,0.0035717638706190516,0.001024660123412515,8.246839886788784,36.933741378000946,29.680536391413384,74.63795623816635,1.0658429053629401,4.128114915929871,28.556271618207468,77.24006302800814,0.0,0.23032232533723804,76.24435404006469,2.4204629299227367,8.0
87300,0.4790092802192053,0.7456013587813776,-9.712118694058352,0.013427244336669517,0.00025592158282911146,-0.013075107082158897,8.255281701694528,36.60097022311934,26.54315170964813,74.6396340264068,1.0658429053629401,4.128114915929871,28.556266752803587,77.24008635840607,0.0,0.0,72.40765260781262,5.514922850552364,12.0
87400,0.28232216241441876,0.6027688764938286,-9.086483979574659,-0.010101348547784626,0.006527600901358191,0.018684701196861938,12.11968726152379,35.81279940283253,31.99725096245798,74.63118380628681,1.0658429053629401,4.128114915929871,28.556225329762242,77.24006115644607,0.0,0.0,77.10854906134914,2.77388357284619,13.0
87500,0.2486687678193521,0.998583598219702,-10.119423415706008,0.00954404451429764,0.022282410009994164,-0.006298297486154643,12.691058155830625,31.395057816456607,28.597975017246775,74.61842755587028,1.0658429053629401,4.128114915929871,28.556267419974425,77.24006630310681,0.0,0.04779036434968511,71.09657707164833,3.4737432145037306,13.0
87600,0.0313845157062245,0.7185702913902378,-9.912240407453465,-0.012462216836272744,0.02282028941000033,-0.00217607842600495,8.012049084867515,33.295797304280654,26.970083201940636,74.6137954606086,1.0658429053629401,4.128114915929871,28.556279196641245,77.24007852926447,0.0,1.4108784870117874,74.92660957429919,2.221192503153368,11.0
87700,-0.011906025904636297,0.8283570772742034,-9.347081856424223,-0.003382460298045016,-0.013121989960818366,-0.00013096912801560906,9.642430175900188,32.42519527454249,29.038986096488557,74.59568370915805,1.0658429053629401,4.128114915929871,28.55623256053263,77.24005117077446,0.0,0.05989060841659346,73.95843453832536,5.252628338001855,7.0
87800,0.05866062080136751,0.7209984681598653,-9.951907810856982,-0.0038519409731303357,-0.008980955495955456,0.010664935066388978,13.658741961998533,33.08707456201202,27.82548766614134,74.5966316526199,1.0658429053629401,4.128114915929871,28.556285427500647,77.24007099439282,0.0,0.7689044809565003,73.38989945539278,1.3269995041814493,7.0
87900,-0.03466818772245481,0.8177226080413806,-9.518189407502087,-0.004343493722019509,-0.005788555000677373,0.0026081094732342447,9.379418963643916,36.45617278866689,28.35363446922704,74.59791883540589,1.0658429053629401,4.128114915929871,28.55627537503397,77.24010798067474,0.0,0.0,75.49516626870839,1.9023667426525555,13.0
88000,-0.051888848782575075,0.7719822165120384,-10.099199657030091,0.0011286156894982921,0.01370706383974921,0.005756602169059688,12.75428544130005,34.6200861248749,28.98486553542363,74.5944924767847,1.0658429053629401,4.128114915929871,28.55630152821076,77.24009653361605,0.0,0.14780920199161476,72.6784787619532,2.2101114112598053,8.0
88100,0.14999399791515827,0.8251634843656958,-10.29348544450157,-0.007440602020916918,0.008416723097416038,-0.10848435511792985,8.399519348538645,30.239755708742496,24.98734197360544,74.60463657436097,1.0658429053629401,4.128114915929871,28.556245749125043,77.2400315260184,0.0,0.7575354236191078,73.13952028240288,4.0701170670135225,9.0
88200,0.45481570214223754,0.9569063190295384,-10.067621759338277,-0.0019588573813032993,0.02171310120075452,-0.21619065662610878,10.002386956267376,31.28808558324384,26.619776769446734,73.2934206625603,1.0658429053629401,4.128114915929871,28.55624360220468,77.24003628239018,0.0,0.10465700349366965,72.16555468284787,3.216875282243584,8.0
88300,-0.003271045811032963,1.2121490632532914,-9.855761088671969,0.001347628342408953,-0.006237299504051805,-0.2279443164913467,11.584051167078881,33.18588998614373,31.37393136632018,72.00827581838426,1.0658429053629401,4.128114915929871,28.556266712231228,77.23998301055241,0.0,0.0,71.45989535999003,2.3210934552423974,13.0
88400,-0.04174277263509746,0.6660877673171632,-10.309057737869562,0.0014936569318536384,-0.007304389016217047,-0.22371825484185331,10.564852941786398,32.01033714213232,27.252744425349945,70.70723262731829,1.0658429053629401,4.128114915929871,28.55623359576394,77.24004861465164,0.0,0.004714092066135128,71.91863884511089,0.17483147276382738,13.0
88500,0.4645620085921063,0.46401147048075075,-9.702343323935462,-0.0033890388440866353,-0.006668068548655522,-0.22610130403203238,15.35129246690095,31.220084810221575,29.006456405151507,69.40514428780328,1.0658429053629401,4.128114915929871,28.55627244206994,77.2400329011241,0.0,0.0,68.2745964984277,2.7313574040206046,13.0
88600,0.15990285264248627,0.1960830993722683,-9.923135612598738,-0.011856352499630744,0.006592029967873573,-0.21341172970991354,10.713410205247195,37.44595263315328,28.195645278776105,68.1254101631687,1.0658429053629401,4.128114915929871,28.556271447624113,77.2400324288119,0.0,0.0,68.44133727923332,3.4491325222263294,6.0
88700,0.7120581929467713,0.8235980068373204,-9.595375991639685,-0.005510837609242354,0.020435161255260067,-0.2285861305166271,11.438519915986959,33.00133796073781,27.7452543231318,66.83660749705916,1.0658429053629401,4.128114915929871,28.556252882875885,77.24005147616116,0.0,0.48078254771945833,69.98653935783162,2.826924417836054,8.0
88800,0.17232672437227203,0.8285348789631769,-9.929703159372883,-0.0031707627814963396,0.01463774925221292,-0.24339592210916236,14.714787421523884,31.795475715064047,27.703001202288917,65.5502490417534,1.0658429053629401,4.128114915929871,28.5562317949369,77.24004652109649,0.0,0.8157681329173682,66.03797263322086,4.227694627949894,6.0
88900,-0.0035014202654113924,1.2092361003840766,-9.562746739634456,0.010158199949488238,0.012480818677388383,-0.23896239271701109,13.19706520540937,31.907435725799186,26.95645805942197,64.24158979214982,1.0658429053629401,4.128114915929871,28.556227726568043,77.2400514247702,0.0,0.12327601704181615,65.75709195457743,1.3409803959294324,6.0
89000,-0.11414514011432035,0.40881391217781465,-10.14338741471995,0.004246546095805101,0.0097110967045924,-0.2168874043116263,16.502865494307517,30.7266920001892,27.26760418832083,62.94166060888704,1.0658429053629401,4.128114915929871,28.55627304209967,77.2400676924418,0.0,0.0,63.628880617138236,1.8780713332608303,11.0
89100,-0.24190344468318806,0.8079310219664341,-10.037915767194695,-0.003618829630827416,0.01670436230796239,-0.21301668267056767,16.283825219616734,30.87216396195432,29.033066734368457,61.65534056504328,1.0658429053629401,4.128114915929871,28.556267742500747,77.2400381932252,0.0,0.5543184046459585,64.39064515046307,1.8874989199993317,12.0
89200,0.18754479812558258,0.38326957573692205,-9.752174103493225,0.008161484322642293,0.009929304590580147,-0.23769328074013654,18.203284546607726,28.662956990119966,25.025980376956493,60.35745973585701,1.0658429053629401,4.128114915929871,28.556268473211528,77.2400624346081,0.0,0.0,62.45619717778831,3.700019159766736,7.0
89300,0.031201811766554233,0.9143753892461457,-9.749925919881898,0.0050695935277837965,0.013471371258652519,-0.22830361961784826,20.64253648290002,26.32451047075881,27.372942768033035,59.0569986635274,1.0658429053629401,4.128114915929871,28.556248137911926,77.24007638220067,0.0,0.8839807500350714,62.48135720424314,3.3865600220282577,13.0
89400,-0.03253295169815329,0.8156539133378201,-9.851152595957691,-0.006043719359177016,0.02279251369097877,-0.19835366784468353,22.004836542928857,30.927849231312262,26.35814567346659,57.75455187265864,1.0658429053629401,4.128114915929871,28.55627558027041,77.24001400849703,0.0,0.034531616723750824,56.03130769518129,1.220143296064318,8.0
89500,-0.27654717904879633,0.8130582840132207,-9.538324554074375,0.007775688736670584,-0.007292443819581335,-0.2069646619577384,19.618327588525606,27.152455903630027,29.049445251089043,56.47422866293422,1.0658429053629401,4.128114915929871,28.55627028168934,77.24003167910963,0.0,1.6746441305119117,55.53828321895309,3.2580200354364552,13.0
89600,-0.6795507557921906,0.9193236683472222,-9.750741965965258,-0.005811500706160777,0.015557467845213818,-0.10857219696314552,19.57380031231926,30.66615955042328,25.575106752673378,55.16817634439206,1.0658429053629401,4.128114915929871,28.556247383338707,77.24003334038599,0.0,0.0,54.45013569290844,2.6779326584323533,12.0
89700,0.35208559685134927,0.13426670089497145,-9.781667460509224,-0.01484932905808084,0.0029997041478090555,0.006393260059821908,21.76502756316905,32.90724795357711,26.824219528719418,55.15413602608755,1.0658429053629401,4.128114915929871,28.55627590195976,77.24008200337397,0.0,0.21014411467231525,53.6663054701496,3.523076392684365,8.0
89800,0.5428334048264457,0.884311661195705,-9.685458019633565,0.002110063409911448,-0.010356759778354624,-0.005429900014553636,18.247013462198,26.047077794530257,25.322164186831646,55.15171739540693,1.0658429053629401,4.128114915929871,28.55627828643928,77.24003042690704,0.0,0.766537801968089,55.78619327476984,4.0203487250627825,11.0
89900,0.5474390470181568,1.3822831385581704,-9.973521768542467,-0.005566496147937313,-0.004711267376516085,0.011090370905003956,21.573253432818767,27.265479291440027,28.852200490624224,55.1515747085579,1.0658429053629401,4.128114915929871,28.55622828638222,77.23998500134509,0.0,0.7391527501759199,59.5568906443275,5.730013661691549,9.0
90000,0.5707352507832809,0.7718926274977783,-9.868856268554232,-0.0016757307251158236,0.008079939749021409,0.012060727412811636,21.761870556726485,29.927928878153732,28.772209128091866,55.170255080375746,1.0658429053629401,4.128114915929871,28.556208565414476,77.24003090789557,0.0,0.8386367438516895,54.787249380495105,6.076430510237881,10.0
90100,0.31903716534398374,0.7680698074463452,-9.505044936562465,0.013922800192860619,-0.0066099480353177835,0.011956960162935869,21.00099974117945,26.651684795647892,30.916842335261123,55.188446933493964,1.0658429053629401,4.128114915929871,28.556254384260484,77.24002486262049,0.0,0.8768856690468225,55.665109098739066,1.9046502296122707,7.0
90200,-0.37983461532788076,0.9371130252347004,-9.96017930564448,-0.013201809414931251,-0.002417988863268641,-0.015292126929072412,16.739636117192,31.94893113826537,31.339429140121958,55.18191749235441,1.0658429053629401,4.128114915929871,28.556280640109897,77.24006460534439,0.0,0.27791927926812554,52.84532135291603,3.856227418842928,9.0
90300,0.23674838916505986,0.6158092059209149,-9.875091807631875,0.006899936482667241,-0.004025342184301623,-0.003882217180878107,19.29995602082529,32.33202911724594,29.6989726894598,55.18335388025384,1.0658429053629401,4.128114915929871,28.556268105142156,77.24008645772987,0.0,0.3369808484100461,57.73393307813308,3.7751072840601365,6.0
90400,-0.05024828254747252,0.7833455306079651,-9.220125250571808,-0.0025728181941819194,0.005500439555642369,0.00740638122143672,18.250696099593974,27.51567111559925,26.86754781198609,55.188404512506295,1.0658429053629401,4.128114915929871,28.55628845503653,77.24005009907295,0.0,0.16155901200864042,54.03622279540492,1.8248260447119637,11.0
90500,0.8714623606044705,0.47139588692420153,-9.951031131622173,0.008409352296138754,-0.007895479601132786,1.3315451849713316e-05,21.906026798160497,30.048884490039658,27.192279037859468,55.18990846024537,1.0658429053629401,4.128114915929871,28.55625935631109,77.2400824107718,0.0,1.1814089196483128,52.71061795895389,2.918135541882312,6.0
90600,0.08681027147034748,0.45506352575274456,-10.12173667321625,0.002067296218849704,0.009463837060865399,0.015200724055630898,16.655810129439917,27.477279308803777,25.333756148061834,55.19073899913773,1.0658429053629401,4.128114915929871,28.556274685775094,77.2400249386404,0.0,0.48111024336418173,57.76448653226119,3.919314830982934,12.0
90700,0.4127130616651612,1.0342686811020738,-9.917864704150416,0.004974597445144885,0.015534829149635544,-0.0009153106313184423,22.269051171158317,30.204541182076024,27.60635628184512,55.18197567128796,1.0658429053629401,4.128114915929871,28.556256676337604,77.2400643654458,0.0,0.675865427376361,54.03168681709075,2.447252107400436,12.0
90800,0.27690119035132665,0.9996141458044657,-9.796081938818109,-0.005874282655535525,-0.0035074608061546548,0.001430776700891249,19.026986741391536,34.55111311833333,34.170724358457335,55.185275287517484,1.0658429053629401,4.128114915929871,28.5562576365322,77.2399836368676,0.0,1.5305063203283114,55.720261787091665,4.2890095042760485,7.0
90900,0.5163991331657687,0.5832049973254956,-9.3435393312219,-0.007449374830857129,0.007636119766963117,0.004072127350211567,19.681770216519702,31.0546048661698,29.821660583962654,55.17746861360489,1.0658429053629401,4.128114915929871,28.556263966165726,77.24006157081274,0.0,1.2359667282337934,54.46743752907138,1.1874075031453906,11.0
91000,0.3987439826957938,1.3166428898037976,-9.36347344423519,0.010962478502914482,0.010980068155003025,-0.009153542869165202,22.23618300941548,30.645614160690222,28.19671809578862,55.18748409958613,1.0658429053629401,4.128114915929871,28.55628095836735,77.24009854387678,0.0,0.27171072102115845,53.459507273456936,4.954082945107336,11.0
91100,0.5456278691663251,0.45670563729153846,-9.853964668742766,-0.008293898776512935,-0.0020668374881882357,0.008302162963859801,20.40924467029031,26.663055421289943,24.86770312986849,55.17816706365562,1.0658429053629401,4.128114915929871,28.55626427175449,77.24000147967617,0.0,1.199279076221626,53.541442084888686,3.3444521928371387,11.0
91200,0.19623510288917018,0.49073551140841665,-10.1375635737846,-0.008653817286897948,-0.005261792672466607,-0.010005619834922808,19.826640672634245,29.1706695970249,29.31952201803129,55.185246458212156,1.0658429053629401,4.128114915929871,28.556257344020096,77.24004622682735,0.0,1.167074814833119,51.71165682282591,2.7311579712381375,11.0
91300,-0.30460065060462227,0.6927157742093162,-9.808073428451266,0.015299769353492181,0.00048750722642531153,-0.005879561700768214,20.930296847222724,26.283021397159214,31.570119667833687,55.1799460813802,1.0658429053629401,4.128114915929871,28.556263617889574,77.24006690793999,0.0,0.0,54.46800678937785,2.5455495111532103,6.0
91400,0.15344514735734824,0.25554012416932353,-9.0933860199673,0.01183536220991378,0.0030802234890010393,0.0031346675286030388,20.009287408408493,28.35774383195619,29.975526018327482,55.203029181456955,1.0658429053629401,4.128114915929871,28.55624969143398,77.23997061767463,0.0,1.4507684343639924,56.22832111863536,1.6995528956063273,8.0
91500,0.010916884048586744,0.5408991494031784,-9.584310647844202,0.005015761981398042,0.005699616884092904,0.003634569571731674,22.589115524438295,30.798134968319836,26.93572911312472,55.20069467326763,1.0658429053629401,4.128114915929871,28.55622094206469,77.24005349022615,0.0,1.243966233559526,56.539743520260565,4.517452627235894,13.0
91600,-0.0671608099525712,0.5572133109534614,-9.887523364730841,0.027039664150004458,0.015566907130395276,0.005954767691549167,21.773851993459374,27.537300322184045,30.020247380963976,55.20299333522671,1.0658429053629401,4.128114915929871,28.556211324495976,77.24005964107279,0.0,1.257060261759003,56.436707822788335,2.7152128929197534,6.0
91700,0.4635349366088102,0.9383945833494538,-10.158443381134838,-0.0009763344774922716,-0.00788593840072603,-0.012018516352434526,19.893035105802063,29.229440693376496,26.18202995282715,55.19821600219262,1.0658429053629401,4.128114915929871,28.556284950015296,77.24008722287299,0.0,0.3261768531506277,55.96180135773201,2.99641113675604,11.0
91800,0.6729391644682216,1.2351944144520655,-9.219866164132716,-0.019306040461021582,-0.007430195490693465,0.010437140952076235,16.46804119027548,28.458462862719742,29.371654573545577,55.18208941382517,1.0658429053629401,4.128114915929871,28.556314712569236,77.2400678625041,0.0,0.13483086604527827,56.283383808884174,1.571092227063489,7.0
91900,-0.2405137190548141,0.8037578708574643,-9.68347523187535,0.014421155734564973,0.005183252313183462,0.012063374604030615,25.59318988244354,29.33123502398106,27.628588122745015,55.19557525962239,1.0658429053629401,4.128114915929871,28.556227145489686,77.24008378189409,0.0,0.8557013353351572,57.348790797856644,3.505257998711821,9.0
92000,0.22463085870301655,0.8095943795222018,-8.933723199893425,0.023357263526478277,-0.004738382532030368,-0.0003909060066708929,19.379558025553997,31.531780810495935,29.508297081103002,55.185716943192155,1.0658429053629401,4.128114915929871,28.556257676601245,77.24006510743334,0.0,0.6405925790327226,54.61015390330353,1.5582958567055758,6.0
92100,-0.8498640474915082,0.4391306855540514,-9.550370434317525,0.015962006100473113,-0.002884889938828886,0.011357128264996068,21.937280665916663,28.27708987697993,29.98865623035896,55.18219949055163,1.0658429053629401,4.128114915929871,28.55621969270579,77.24000715613506,0.0,0.3414488715593805,55.1339597903968,5.458313335749479,11.0
92200,-1.2056301835782788,-0.09747028232616428,-9.421704407111978,-0.012608677379602615,0.012346323487602905,-0.0017357719810266216,22.456612519489777,30.564026694972792,28.976291637908197,55.173617494365686,1.0658429053629401,4.128114915929871,28.55626276551575,77.24002772853885,0.0,0.0,57.950061700899866,1.8038010660497155,11.0
92300,0.26540170073062336,0.6744086395703828,-9.196934284204016,0.0016717036978782698,0.004919713401686306,0.013235639418633365,21.747400921422283,26.434821262472454,26.812133592379787,55.18334552675942,1.0658429053629401,4.128114915929871,28.556270685971562,77.24008369660632,0.0,0.0,56.18667096756485,3.4335242957983643,8.0
92400,-0.21715938006376595,0.23792244439733523,-9.664174633111633,0.016051344066015816,0.007639761140798484,0.013474469239176026,21.695693055311857,27.646826171899153,28.345636436494424,55.18356358429439,1.0658429053629401,4.128114915929871,28.556294135884748,77.24008776224373,0.0,0.0,56.81647833004541,2.7270585608396587,9.0
92500,0.3418251516870022,0.5852660384297006,-10.111071506207862,-0.007548774936336377,0.003831092724457902,-0.02454118165818139,20.68465179326682,31.386128885707585,29.55668724072956,55.1854945525637,1.0658429053629401,4.128114915929871,28.556293002829968,77.24009916966645,0.0,0.24391254688438258,50.26987322144166,3.2351046096288254,9.0
92600,0.22478798264910604,1.0384950983764107,-9.409470249890616,-0.012329180239265467,0.005956331441730581,0.004564415080079018,16.69216228082608,25.950735315613546,31.97892766980701,55.19793839257868,1.0658429053629401,4.128114915929871,28.55620397640075,77.24003077877913,0.0,0.6257424272452999,55.828573154560175,3.942053948837549,12.0
92700,0.7627190949466871,0.3841989640422967,-9.907331198923147,-0.0028647829489223033,-0.00519486991424098,0.0014692979491518513,18.09360012822884,30.850958909425348,25.992301311357686,55.207979251566094,1.0658429053629401,4.128114915929871,28.556255859530715,77.2400723173139,0.0,0.0,53.094615262300685,0.40079224096849986,7.0
92800,0.24549193931028016,0.7375863840612773,-9.736160854703185,0.016938963830564892,-0.01689637447898374,0.012586548128182228,21.05287286196036,29.498361547315454,23.428262951967035,55.204504959646044,1.0658429053629401,4.128114915929871,28.556232474318463,77.24008321384399,0.0,0.0,54.28875157416959,1.8965154387910292,11.0
92900,0.8008400288697082,0.077590903490245,-9.711358616248349,0.006426253857251575,0.012785863625222015,0.019688095470719463,21.478250534176844,29.033593504943685,29.76696223037758,55.202293834494114,1.0658429053629401,4.128114915929871,28.55627149178754,77.24002070948342,0.0,0.6319832363950378,56.608933986702404,5.020349505719545,8.0
93000,-0.43636035448693034,0.4026452194621545,-10.112188997224823,0.015329477686015652,0.002565064106019898,-0.01340328294154862,21.221049484711,25.823178597046795,28.658898514227428,55.18732870224218,1.0658429053629401,4.128114915929871,28.556233812459404,77.24004319771471,0.0,0.0,54.532627861112,1.8920465298935107,13.0
93100,-0.020945595192467525,0.8180840040209213,-9.757693577587457,0.00891171197786057,-0.0050574116174560675,-0.01317275083843503,18.285865007967598,26.714420304504003,29.850455185128265,55.200989848991895,1.0658429053629401,4.128114915929871,28.556243953363815,77.24003490671197,0.0,0.0,56.02571083766506,2.8335640179288903,7.0
93200,0.20855051684319242,1.105331541643673,-9.648745114440828,-0.007394793950319087,0.004578832626532032,0.00040094878839255733,22.883622966719372,28.875442588282343,28.9141172160668,55.212080579798425,1.0658429053629401,4.128114915929871,28.55625608534276,77.24003507341229,0.0,0.0,54.76574010045151,0.5978422801487615,12.0
93300,0.47749758849533874,0.31181946849391995,-9.904571026619605,-0.018714712960321293,0.003601607253535877,0.009165267444609514,18.178358786199652,29.52887387435505,31.216784759959967,55.201798151188456,1.0658429053629401,4.128114915929871,28.55624361461862,77.23999729059207,0.0,0.0,55.97630060895368,2.6911475669132146,7.0
93400,0.1135240506777965,0.4998321874127838,-10.063433934606962,-0.004816532725469054,-0.0006973070971134261,0.015079148913364728,22.49749740518023,30.108567032164004,27.536702008643893,55.19422449455999,1.0658429053629401,4.128114915929871,28.556233411237468,77.24003408277638,0.0,0.0,56.65435559088538,3.7113800299313837,8.0
93500,-0.37567300243223944,0.3456508925177904,-9.676478461924027,0.0005101506082216015,0.0015446337866548915,0.012639942032041294,18.69880311555287,27.888982526955033,30.25749029511581,55.192460887803534,1.0658429053629401,4.128114915929871,28.55625548440502,77.24006064479428,0.0,0.2262270739856775,54.1225704053118,3.4327676064784987,6.0
93600,0.11500029636149837,0.9803559030460656,-9.822955852933799,0.02018692035068049,-0.0002107573318641115,0.001847713893242378,17.17707224373504,31.712267991336045,29.40524365994319,55.181596396267324,1.0658429053629401,4.128114915929871,28.556258295207968,77.24003651632927,0.0,0.05862105720610927,56.05132139940846,2.5261369240375644,11.0
93700,-0.31417290573141776,0.9313384380308665,-9.783005712355331,-0.006274357281217589,0.00833447524446549,0.00895295450811686,18.94872649505964,29.299490118801224,28.063186888060596,55.18081029167993,1.0658429053629401,4.128114915929871,28.556249976930008,77.2400291321083,0.0,0.44857218778959174,54.94503642964017,0.10475914746330206,13.0
93800,0.7685214573444792,0.44091742260674727,-9.408712199849596,-0.008149431473169159,0.01609399415449149,-0.0033271353321072876,21.856938651134275,32.91867970052529,30.51001031767844,55.159927082323435,1.0658429053629401,4.128114915929871,28.5562485120433,77.2400904998595,0.0,0.9806449501252257,52.35491013601966,4.912714944128082,10.0
93900,0.9136128609706322,0.4240134497333084,-9.721733059061345,-0.0030031653755674204,0.009238706609883495,0.009497651264223101,20.408081173001356,31.509314952544095,26.885101948905938,55.150891541788866,1.0658429053629401,4.128114915929871,28.55622833132037,77.24006271957889,0.0,0.0,51.364289336841495,3.5508445699136915,7.0
94000,-0.42845020868372174,0.970067739814273,-10.136046106993534,-0.0019426654834436,-0.005078408154285016,-0.0017119727234162926,19.09517067380312,29.239132053120116,31.29839011091684,55.13912544064567,1.0658429053629401,4.128114915929871,28.556297327923396,77.24003652078935,0.0,0.0,55.503460716462754,0.7670038775242891,12.0
94100,0.1059197762978898,0.7081676180543769,-9.732336151031394,0.00394770890955645,0.0049624484808888925,0.01246111117790542,17.716249828476077,27.703980107628947,28.02689622753779,55.138502191364125,1.0658429053629401,4.128114915929871,28.556280795478862,77.24012094849438,0.0,0.11542665066514522,54.71795964715132,3.9843951691793413,12.0
94200,0.22232662994790586,0.8291789460645327,-9.796126024924751,0.013212684174992287,0.01003785571994107,0.003919282173051942,18.642003655565492,23.515622941149438,27.04685883711348,55.14675099838565,1.0658429053629401,4.128114915929871,28.55627994158865,77.24002167339978,0.0,0.7234735782532533,52.55289018706696,2.531634565602185,8.0
94300,0.29168908327614557,0.7323011842620071,-9.648562773370235,0.003424747304158208,-0.008255034542423365,0.011266954122570477,21.602707745480295,28.124590939291725,32.03608221885038,55.1560024413097,1.0658429053629401,4.128114915929871,28.556268363654674,77.24002570911699,0.0,0.19318826971056974,58.53178346633842,2.6256487949178475,7.0
94400,-0.21211114128190747,0.35314575781600105,-10.25168960507458,0.011421109931454763,0.0063195314846945455,0.013514498593332203,19.284183411908252,27.717707247405105,26.36950992516183,55.16611844881545,1.0658429053629401,4.128114915929871,28.55620195467427,77.24007146592166,0.0,0.0,53.40358301362101,0.66170073569055,9.0
94500,0.28469927024463204,0.4553278875554295,-9.400599571436723,0.006805151958697374,0.00807023915319651,-0.007138888961564212,16.369540840090526,30.276864752176614,28.31882131434284,55.16189363331032,1.0658429053629401,4.128114915929871,28.55625360236288,77.24007072928697,0.0,0.21932151749880896,54.48835487150162,3.38859578643457,10.0
94600,0.20821253475744175,0.3692916858221595,-9.706044677711546,-0.013381386497905295,-0.007018492914679758,0.024375341566215666,21.192270202603364,28.72187095044088,30.312378460234502,55.1681222069569,1.0658429053629401,4.128114915929871,28.556257774943823,77.23999426796043,0.0,0.0,53.69350893913695,7.396766432207954,10.0
94700,0.4877066917447318,1.0246954633921321,-9.864910057010599,0.01959870666329352,-0.0017547748190508156,-0.004960563953689288,18.723575574756932,24.753762456593883,26.23729781789152,55.16189607833512,1.0658429053629401,4.128114915929871,28.556251341079406,77.24010525910091,0.0,0.0,54.9492454970355,3.536898885671747,10.0
94800,1.12637453157356,0.9892008007355766,-9.620354626360026,0.017005875994600867,0.0017146630745944785,0.0004893833805376035,18.01440862605183,25.185766373173262,31.99271179759389,55.16904247110507,1.0658429053629401,4.128114915929871,28.55623029801384,77.24009136403646,0.0,0.10228011494504795,55.06821318207142,0.5521660786940199,9.0
94900,0.08686850834779582,1.3628917416950006,-9.48167823312351,0.005811714376650835,0.00018556573652145792,-0.02424937980999327,19.468813842491457,27.85915219272592,25.935642564772273,55.150010937339054,1.0658429053629401,4.128114915929871,28.556260103697532,77.2400253822639,0.0,0.310449083972358,56.528969175351676,0.23681207883467792,7.0
95000,0.1520510108189889,0.717553113590942,-9.974031137210511,0.008622664968432437,-0.0013932941615010892,0.013539678109690076,18.109999259546747,29.237988747631256,26.566643762262785,55.14346877197379,1.0658429053629401,4.128114915929871,28.556213271362058,77.24003373611934,0.0,0.4139053169374358,56.74025590274656,2.298703699080185,13.0
95100,-0.07697526358719387,1.0953006266752214,-9.777850961637196,0.001761950378665739,0.004785726805026891,-0.006360184182436485,18.681246169484794,28.095842326204107,25.441155966982464,55.14633461914285,1.0658429053629401,4.128114915929871,28.556312031580756,77.24007607685155,0.0,0.5673959622483377,58.22685362117443,0.8164050040204138,10.0
95200,-0.028090127874050935,1.0106999458853223,-9.164013420025457,0.010117162446820815,0.013238096062186688,0.003585538301153162,21.31002690354296,30.199330964116623,23.26732321108557,55.15824132844058,1.0658429053629401,4.128114915929871,28.556232835600017,77.24004540806963,0.0,0.3820053947950951,55.19436872534564,7.573105391202885,8.0
95300,0.24812819147563447,0.7017499261180932,-8.975922171068854,-0.008403665115672285,0.0011055753777641049,-0.011441712000480404,17.624715664910788,27.052646256247144,28.60113790258234,55.16326530656404,1.0658429053629401,4.128114915929871,28.556272696512167,77.24007984599835,0.0,0.0,54.360418531641095,1.7402835779116619,7.0
95400,0.5590054804591843,0.3238675333925835,-9.477131038357397,-0.00029441745672049687,0.011403720889231334,-0.008762677389435147,18.5267864195528,28.705104093534036,25.855022120185424,55.152858157290886,1.0658429053629401,4.128114915929871,28.556311609466334,77.24006188063224,0.0,0.0,54.031956357816725,4.31016656297667,12.0
95500,0.33960112470765824,0.8048347979111239,-9.946709451429266,-0.025186280313217405,0.004618316796872419,0.022231102797023672,19.69076065716191,28.964090933240037,27.63390478818685,55.15792499845822,1.0658429053629401,4.128114915929871,28.55626027289709,77.24005465362751,0.0,0.0,55.165347135264774,4.6955096298187184,6.0
95600,0.16934613871405496,0.7411461577707237,-9.695953737754829,-0.011007028805202594,0.004050238348790511,0.01670937351796663,23.821909064132107,30.636688169915228,33.41911043035586,55.17077628852999,1.0658429053629401,4.128114915929871,28.556287001513777,77.24008032959,0.0,0.0,54.209517815645036,1.7627178884614134,6.0
95700,0.08224051172431585,0.5523480565910356,-10.061458742510935,-0.005274806509754435,-0.001559952469889065,0.004669762498443111,16.605627080655854,27.829462842726684,27.988095779623368,55.17158418610094,1.0658429053629401,4.128114915929871,28.556263327746322,77.24007286839881,0.0,0.0,57.1439110638661,3.9951041068379274,7.0
95800,0.2721574301808797,0.968020722978334,-9.392380794185282,0.013161598220344278,-0.0032000110361091,0.008349526200915287,23.410447772276832,28.516876171835207,28.928995494624285,55.1677022759192,1.0658429053629401,4.128114915929871,28.556239600457143,77.24001441800281,0.0,0.46990250836766445,61.57348636201127,1.61087454697357,7.0
95900,0.43725200232855477,0.4625081408434344,-9.946554271712163,-0.009197609873616518,0.004466994112581468,0.011894273304109389,20.529065415690702,31.665359061390667,30.507344956614737,55.18534752207689,1.0658429053629401,4.128114915929871,28.55623689424218,77.24009099202517,0.0,0.7792935492885766,54.05220705555503,0.8813587425559617,7.0
96000,0.29724088170760044,0.3441390422027723,-9.423404790136367,-0.006373011983434977,0.012771766153232281,0.006361478580487984,22.12476005948557,28.493722616654438,26.753902892414153,55.19622969790232,1.0658429053629401,4.128114915929871,28.55623882413385,77.24006143499888,0.0,0.09634887430409937,55.95869639590518,5.030498792766455,6.0
96100,-0.44878148320979794,0.5383977438926524,-9.614884264769486,-0.006961269542725703,-0.012620478860205682,0.005146864707310684,19.44213924907667,27.9631595495087,30.070518920840716,55.20583010219996,1.0658429053629401,4.128114915929871,28.556302793694183,77.2400188804792,0.0,0.7475362645104978,54.86118078438659,3.272354976130334,7.0
96200,0.33195598665576653,0.8044795545150102,-10.376474666021076,0.011438547514129708,-0.008986231522133285,0.009528665421199067,16.577658030245807,27.827456025141593,27.818021803369543,55.206773381968475,1.0658429053629401,4.128114915929871,28.556253026048207,77.2399736221911,0.0,0.0,56.155136832449045,3.9349645596924807,8.0
96300,0.08622049195442602,0.39033555853662355,-9.977653610675171,-0.008136736994667923,-0.0022629699037853314,-0.0127575784228798,20.188164814113268,26.94202504052846,31.38628913477578,55.19921012889236,1.0658429053629401,4.128114915929871,28.55628231118183,77.24003870536384,0.0,1.1611373950083415,53.863044680805366,4.537379457546321,10.0
96400,0.13187839880502256,0.7200147011315601,-9.519780760143787,0.012614383644908689,0.014910478425094617,-0.011928501273283022,16.246394909095663,30.68153269065121,28.232976486072335,55.20283644035733,1.0658429053629401,4.128114915929871,28.55629450709689,77.24005345853675,0.0,0.29187092954688254,55.2837708904129,2.400303154301602,11.0
96500,0.10076319120137789,0.730352243245942,-10.35056843088707,-0.008942292948797653,0.0009662885680919494,0.02519196140362652,18.466389640800788,31.912332236619896,29.793807710902335,55.22758883442284,1.0658429053629401,4.128114915929871,28.556253917403534,77.24005612690885,0.0,0.17252772574810604,56.04714966375887,3.1402165780905458,8.0
96600,0.5453780409756391,0.7600158003915163,-9.505473226447116,0.0014691322191369047,0.018284461576053804,0.02117053665489644,20.408390039994853,29.711537100346042,30.773504215464897,55.23614783020475,1.0658429053629401,4.128114915929871,28.55619553141557,77.2400934077107,0.0,0.0,52.82354317244601,4.711382270247872,7.0
96700,0.7797474947658898,1.0159048144487703,-10.053371348364175,0.019712255065424487,0.004049314453546581,0.005892927358961899,16.80664681860011,30.068997969668263,32.17632378303978,55.23769159792999,1.0658429053629401,4.128114915929871,28.55627891799824,77.24007462806155,0.0,0.13514916872924856,56.032687279421765,3.046753752606262,6.0
96800,0.274378319522538,0.6500159840394674,-9.395324705529614,-0.0022655228185346314,0.0012231633729121818,-0.008088133946243019,17.733082233529966,29.851853050558212,27.490838710974142,55.232043431736074,1.0658429053629401,4.128114915929871,28.556266210162853,77.24007719864623,0.0,0.0,56.297908863813774,1.07734503539917,13.0
96900,0.2744217997009494,0.47319267502307566,-9.82627242233559,0.0014253857404449225,-0.001811928393273229,-0.016700874160389758,22.669764140618447,31.21758776558504,28.485388137013945,55.22241703936277,1.0658429053629401,4.128114915929871,28.556293690799876,77.24007365741873,0.0,0.0,57.65304687243278,3.1515013190468624,6.0
97000,-0.2679344096900075,1.0427192182722325,-9.755594107811675,0.0011533835061331007,-0.013300388594892434,0.01112087394286301,21.989006751947144,28.71946600106127,29.134414094202285,55.21703705667552,1.0658429053629401,4.128114915929871,28.556261896894135,77.23998923411376,0.0,0.2760247558762509,55.29871270754679,4.165040741668844,12.0
97100,-0.2564617862473523,1.1565462177549324,-9.475563333963064,0.0022689240902616157,-0.018657522135488526,0.00996695612756501,16.217431660246454,26.831388830010184,23.328722244407096,55.22537868473355,1.0658429053629401,4.128114915929871,28.556265636243428,77.24004212262844,0.0,0.2510993261876955,55.7362608589789,1.4895763729633007,9.0
97200,0.41071001479018,0.6456943198865023,-9.595568262057155,0.008044571689455823,0.009010058265950293,0.0007990201251918778,18.856015529314405,29.67338216229633,31.197065753428493,55.24878864266764,1.0658429053629401,4.128114915929871,28.556266892177725,77.24005930502302,0.0,0.0,53.959606450171385,5.587712584292002,7.0
97300,0.5466610724595358,1.2137308271733054,-10.033016489641376,0.022282602732560632,-0.003926864195878343,0.02431643799987313,17.629464509110747,30.026340373454712,31.38609719444942,55.26036154880263,1.0658429053629401,4.128114915929871,28.556247149721692,77.24007656903618,0.0,0.0,56.38327253507948,4.473729103383077,9.0
97400,0.13378937480583697,0.4563123470587065,-9.591242214720452,-0.02598888105709795,-0.0008787695646839842,0.02336212050021101,21.390844418923475,27.70294382313973,32.94666006755026,55.27324856883355,1.0658429053629401,4.128114915929871,28.55629317114161,77.2400546103496,0.0,0.057829364676776775,49.88016475676562,4.2561969478516275,10.0
97500,-0.0473966209454697,1.1240533380955922,-9.916664613963306,-0.009853488539294804,0.020040083598742042,0.003363428313613046,20.3453072041459,31.87328722021148,27.5543781581959,55.27398325144128,1.0658429053629401,4.128114915929871,28.556213943579138,77.24000676152343,0.0,0.14099167346603333,53.681154140782674,3.173658263825527,8.0
97600,0.575154951048193,0.4721372906046939,-9.918881168193556,0.003092847301928249,-0.0005093554558761055,-0.0040584854814110565,18.109146995506077,26.63526800572701,24.933551626007933,55.2682924520663,1.0658429053629401,4.128114915929871,28.556248510441886,77.24000134913277,0.0,0.0,57.268353009146296,0.6281865299992138,6.0
97700,0.38713593682421865,0.8499547569615498,-9.529944038739337,-0.006182251032455823,0.01472589205193348,0.001800987010150106,19.59492016375051,27.497544630211348,28.67105524106794,55.270179145138634,1.0658429053629401,4.128114915929871,28.55624366995475,77.2400433438557,0.0,0.0,58.230460150831775,4.849004729868392,10.0
97800,-0.18132684798295126,0.7786153791167034,-9.957661868031327,-2.4256822848332717e-05,0.013306537095988911,-0.005840102435937679,20.869487203064168,36.10125839483252,26.224558253993923,55.2987738758767,1.0658429053629401,4.128114915929871,28.556288000988673,77.24003765792084,0.0,0.9335952803170149,52.07305400875372,4.473332721631855,7.0
97900,0.2828197524551527,1.1409756985935786,-9.593580486764978,0.012329876957851503,-0.002338889659307829,0.009422760842629116,19.86234332003555,27.74825040126408,29.669231101081962,55.30915331718846,1.0658429053629401,4.128114915929871,28.55623687806638,77.24008637037511,0.0,0.0,53.94896339610104,1.0442285054429417,8.0
98000,0.2109484095690901,0.7975731542708808,-9.506773053100197,-0.003444101006130137,0.01784582939958662,0.01678753139244448,24.177513670216328,28.97201824615669,28.68426051812349,55.29691105909147,1.0658429053629401,4.128114915929871,28.55625985011241,77.24003501852013,0.0,0.0,54.636073706977974,4.739932514790823,11.0
98100,0.18707556896376523,0.9580430622002403,-10.469278441813742,-0.014214957784242921,0.01317984761554137,-0.012142333113108205,22.831795073460704,26.886327624919787,28.04124108760253,55.27405381390317,1.0658429053629401,4.128114915929871,28.556224046272813,77.24006535724259,0.0,0.0,58.38506699256509,2.185218672713248,12.0
98200,-0.12052974791098905,0.8069028498962535,-9.65724145999268,0.0025962286657490907,-0.005276290826369855,0.00637148216321726,17.535492954779837,27.208423878709954,28.535619652200776,55.283626713288605,1.0658429053629401,4.128114915929871,28.556254582641184,77.24009230956142,0.0,0.0,56.131242969634904,4.0584895040002555,13.0
98300,0.23593989096816811,0.6974008436486869,-9.994638962644682,0.016869351330258624,-0.003370525060678235,-0.003679033838333799,15.351479972545867,27.239817273102584,25.59178729395006,55.261522369575005,1.0658429053629401,4.128114915929871,28.556224048251387,77.24002218013614,0.0,0.12436462914702144,60.14958203719557,1.974456251277136,7.0
98400,0.10446654928566793,1.1007922928166656,-10.08602989074625,0.0013195706304859312,-0.003249465300992284,-0.017305764159932385,15.226957375393283,30.19815708196521,30.51620634232167,55.2791359529869,1.0658429053629401,4.128114915929871,28.55629918280821,77.24003094924385,0.0,0.24797597498680368,54.434955252163114,3.948108102255313,12.0
98500,0.3400011960133177,0.5155702707101075,-9.791786676384525,-0.0023937744761717604,-0.0002872031120699113,0.011931851109891336,22.948571184659627,25.489059451366582,29.238743103704028,55.26510626475657,1.0658429053629401,4.128114915929871,28.55629965121615,77.24006463963104,0.0,0.0,54.2895253454997,2.367574255028785,11.0
98600,-0.03706407201094833,0.597904507801211,-9.640735578371578,-0.011334045450037845,0.01212120782711934,-0.0036556120247240444,19.69550744626716,30.088511850352543,28.145675153445826,55.24990021835775,1.0658429053629401,4.128114915929871,28.55624480063949,77.2401106456986,0.0,0.15373361488460244,53.02244078519968,4.389557633108245,6.0
98700,-0.04446366292766196,0.48855171644579054,-10.40864604300777,0.016756189167140015,0.025090347747178946,-0.010539840452641037,22.861287970673036,28.62076887236325,28.169436247136762,55.236774188801384,1.0658429053629401,4.128114915929871,28.556244990893525,77.24002975683096,0.0,0.04594235587462364,57.98910122603146,2.56171101054474,11.0
98800,-0.15504145702215513,0.9432439831029511,-9.56904105106382,-0.02344658916116036,0.007125448134071115,0.01004648156713897,18.213651090108215,27.44328378114876,24.138241559640793,55.22190460189934,1.0658429053629401,4.128114915929871,28.556267259835487,77.24007461049207,0.0,0.595978910416438,51.96315857663858,4.5659463797642195,11.0
98900,-0.720533659805757,0.9005490356700424,-9.997728987244221,0.0018497434089213057,0.001818273183277088,0.01755039626414019,19.558772949120918,30.933961057801838,26.44617018146972,55.21847891368382,1.0658429053629401,4.128114915929871,28.55630811686346,77.24008148022722,0.0,1.1190003871735292,55.54654836621279,4.362460272775982,6.0
99000,0.09775930523717866,0.27604757784596873,-10.009418156459319,0.011262482217601115,0.014998123155223461,0.018170568832146003,18.36055242919885,29.224486397606583,27.704479365899783,55.22905782071581,1.0658429053629401,4.128114915929871,28.556272022467518,77.24007471184152,0.0,0.12143240084491204,54.1262172066074,2.489440717372334,6.0
99100,-0.003989412158449224,0.4898627524213326,-9.82931865002046,-0.00034348744031564523,0.012213800216603975,0.0028088868507870858,18.546777877340503,30.068884998508256,28.635901281645015,55.23491745892417,1.0658429053629401,4.128114915929871,28.55622817316384,77.24006518601001,0.0,0.0,54.42750272507638,3.8577396436544555,7.0
99200,0.21960766518916358,0.6658672565427607,-9.930805555652425,-0.00021126112524329438,0.0021742545035457013,0.008796914236918339,24.041676078618483,26.37203113963124,26.650242519376867,55.229747941996415,1.0658429053629401,4.128114915929871,28.55627429746373,77.24006328269729,0.0,0.0,56.31297318607221,4.752800268297127,6.0
99300,0.08955529454002101,1.1336632357056087,-9.4138555016737,-0.009848642672418244,0.019624517683844486,-0.001867100121610862,18.875647678545427,28.56567287220196,27.23103470610883,55.226979413374764,1.0658429053629401,4.128114915929871,28.556255272357674,77.24008720782267,0.0,0.0,56.69689256171498,1.4159575272632972,10.0
99400,-0.3039527593451128,0.9836639395928966,-9.820516820356223,0.005196962123154957,-0.0050934973867093605,-0.015998728104605394,19.357379143337408,29.328894324456556,26.442839752350885,55.230882700665006,1.0658429053629401,4.128114915929871,28.55627304392133,77.24006358354262,0.0,0.10219038422585339,52.86469160360605,2.4939235786799667,12.0
99500,-0.37053743892498303,1.2557394800883879,-9.599321816478028,0.0035629313653492037,0.006531075766285754,0.0039314526796057,17.3278843437736,26.9317821565896,29.460169207950763,55.23855621634238,1.0658429053629401,4.128114915929871,28.556254789952636,77.2400270869103,0.0,0.3787739990508429,48.994368507627584,0.780372405386518,7.0
99600,0.43466076153709177,0.8640887905354839,-10.045749923337116,-0.002546482030072721,0.007006472217881815,0.01341749354956194,20.40254392090775,32.46497646054198,29.057592622745982,55.24883040939849,1.0658429053629401,4.128114915929871,28.556270927443364,77.24008329388418,0.0,0.18108038429335005,51.890110555904414,1.032662541404206,11.0
99700,0.3025318568223704,0.9376298198894737,-9.674205370142868,-0.010094811422903884,0.008356194725010768,0.020338197639159,17.43855948691506,32.237975314034436,29.700462634089288,55.249003533206526,1.0658429053629401,4.128114915929871,28.556276283213936,77.24002622178276,0.0,0.305178405043456,54.91319081880103,4.189394484577187,12.0
99800,0.3270822519771905,0.923219944493979,-10.248499671342584,-0.006212921987200865,0.00361804612209715,0.0045515605058418784,21.2698262557847,27.693381890728347,28.178878012667404,55.24642553315364,1.0658429053629401,4.128114915929871,28.556276785004655,77.24010729923711,0.0,0.0,55.538988546791096,3.963786042151577,11.0
99900,-0.09616199636544928,0.9733222421747736,-10.467604181024093,0.006478735706219527,-0.014016919512049985,-0.006366036779453737,20.980834585897632,29.719443748918266,24.80103519744755,55.26435216960869,1.0658429053629401,4.128114915929871,28.5562681320643,77.24002260238171,0.0,0.5692812797535785,56.13973217067361,3.024175413432407,13.0
100000,-0.07205230663481513,0.7127599247642477,-9.653419749307593,0.003026556792427507,0.00624411367645807,0.019172006576286153,21.73482817107588,29.209039722612662,29.399199507937166,55.27719593737846,1.0658429053629401,4.128114915929871,28.556234698098326,77.24008309942057,0.0,0.26264210124052595,53.13860509057267,0.3662592570945886,7.0
100100,-0.27961681808679195,0.8060256540739517,-9.77417035593903,0.009385579957401441,0.0007340571420509107,0.0141205976093677,19.28628164139484,29.8813110381261,27.252158228658857,55.28812248483216,1.0658429053629401,4.128114915929871,28.556267390346218,77.24003234948438,0.0,0.5487614385868045,53.017285591534886,1.3610898800179974,6.0
100200,0.12602868875086454,0.7943608516179146,-9.588503192740694,-0.012897736438527409,0.004366061671126404,-0.009248678462001357,21.373563062069252,32.343618511984445,25.658916178869536,55.29438293328555,1.0658429053629401,4.128114915929871,28.556288858621503,77.24005497021676,0.0,0.0906652017281432,55.360622336387394,4.887600511953876,11.0
100300,-0.47087331400061405,0.481340553952473,-9.727982544554935,0.0037956103918288355,0.020165202289831728,0.002338051337716796,23.334444115607408,31.05476599704393,25.79085080435147,55.294355349952696,1.0658429053629401,4.128114915929871,28.556253842814375,77.24001459341972,0.0,0.0,52.901127476252,2.7460172705567247,12.0
100400,-0.14114809104829193,0.9273366775321688,-10.098393088825244,-0.004883909009911843,-0.014738387611558865,0.011059723907578603,18.890537428230463,26.261026865243977,27.19045738023968,55.3015159198645,1.0658429053629401,4.128114915929871,28.556231711444184,77.2400327189647,0.0,0.2538905010466996,58.44900523117807,4.855374707685721,12.0
100500,0.28229253461363324,0.8397939396186416,-9.3325738422175,-0.005815521535640891,-0.003987358721603554,0.01376749015627874,23.723070081558586,27.657497943717576,27.7681991847656,55.301044707373705,1.0658429053629401,4.128114915929871,28.556250529840963,77.24001852855548,0.0,0.0,56.08770993303249,1.4472440361440737,12.0
100600,0.1992391186587407,0.8403586451763244,-9.585922619361815,0.009816802866029602,0.012916859170026145,0.0005583348100705093,22.59499845119746,31.10745393750059,31.92704434079251,55.298406327291886,1.0658429053629401,4.128114915929871,28.556248073817606,77.24006415790527,0.0,0.06825856931821239,56.24252135609282,1.6038753581354461,11.0
100700,0.39154759840927555,0.8425184765786242,-9.830236270700059,0.008331838891817413,-0.00685302888196995,0.014545080912620127,21.53664025192174,29.514022698273838,27.735357153290497,55.29802279098663,1.0658429053629401,4.128114915929871,28.55623377505648,77.24004947109383,0.0,0.0,55.11208340915793,3.4864144378265456,6.0
100800,0.014879578352041928,0.8463869251676359,-10.072121568895927,-0.011279169329322686,0.001125161342517412,-0.00016687194084831795,17.759977394453184,27.3786204842351,28.039286925922454,55.289669816798316,1.0658429053629401,4.128114915929871,28.55626467853551,77.24007790354318,0.0,0.0,56.64066359563899,2.3885943950524045,13.0
100900,0.23158212107478715,0.5734512027485217,-9.18912059311423,0.009896920334778039,0.0026407382885619258,0.01186343655336563,17.855440377766943,30.50480056209381,26.1427198466929,55.29689348197886,1.0658429053629401,4.128114915929871,28.556223098617473,77.24011089414243,0.0,0.0,55.39302818781504,0.6245172003972614,10.0
101000,0.28947822486697095,0.6265777986168994,-9.650428984274773,0.0016340766271157289,-0.0007858932425316998,0.015894970224689373,22.859760398454398,29.547942692244643,27.668419677203197,55.29730786473806,1.0658429053629401,4.128114915929871,28.556228524723167,77.24004413693918,0.0,0.20136909528819533,57.28469510525378,2.684976552712437,12.0
101100,-0.03193305444300798,0.861258010077413,-9.86736794328142,0.007533470184576724,0.006580951095750831,0.008595775487884948,19.292873801773915,32.3344401685684,26.72044533497581,55.30230696056883,1.0658429053629401,4.128114915929871,28.55624864443931,77.24002409793529,0.0,0.0,53.35542725999926,1.8748251478722464,6.0
101200,0.08602229485322356,0.8340741272732385,-10.1570720244494,-0.0023490445573604666,0.03392067715963318,0.03179886720805465,21.415927868480466,29.478465831340724,27.43834721819531,55.3027609314912,1.0658429053629401,4.128114915929871,28.556276265681554,77.24005773836736,0.0,0.5314016655095025,55.13884064543604,3.9725804050092774,7.0
101300,0.14609532661586555,0.4897320051762063,-9.727169945097632,-0.0005362996911627738,0.008552016840784262,-0.014027951591194337,18.15563543635563,30.325131024040164,32.020670215057145,55.31700591108751,1.0658429053629401,4.128114915929871,28.556238357124293,77.2399811649372,0.0,0.5853165802901007,57.07692401910141,4.238410230243698,9.0
101400,0.13187604697378108,0.858192252301816,-10.180386869285694,-0.010555223444264347,0.0045889539611569325,0.006121062572289013,20.217950178158514,31.942028637225732,29.846398907919447,55.318039340885925,1.0658429053629401,4.128114915929871,28.55622128171371,77.24008327888573,0.0,0.9601881356918313,55.37685105794856,3.0430981892518254,10.0
101500,0.39141407081414825,0.6584933863503063,-9.964988471223643,-0.002813101955739629,0.013905908806961142,-0.014473384595940629,18.044248690258463,28.20452685571003,29.192408578829532,55.324828947642246,1.0658429053629401,4.128114915929871,28.5562539094595,77.24007105877371,0.0,0.5571718761674758,55.186289565773734,5.55670644420939,9.0
101600,0.08685566741052912,0.7807202775211204,-9.153243253513303,0.008886060696475705,0.03123851304988084,0.02507913094012499,18.69196203666543,29.42158153538238,23.996552947105982,55.31662564985893,1.0658429053629401,4.128114915929871,28.556341451670207,77.24010148018348,0.0,0.26187079486807796,56.91191805212329,1.6695558528578838,12.0
101700,-0.17937057180688262,0.6175767368611946,-9.471223037215701,-0.00916953751467741,0.012415593860334289,-0.0025936330850641585,19.632147351516306,31.770538392516613,27.908016401046382,55.31991009519968,1.0658429053629401,4.128114915929871,28.556246084049416,77.24004599911895,0.0,0.5625726145610177,56.02717444141499,0.7806110287706725,12.0
101800,0.1639498057224905,0.724181809110102,-10.005733900727881,-0.005161892171871153,0.003705119551691518,-0.00861491557669537,21.27765102027851,34.87084943534585,31.035111376362476,55.31327019077411,1.0658429053629401,4.128114915929871,28.55625901570588,77.2400330142834,0.0,0.4443388174899734,53.08970967574388,2.344728917272217,10.0
101900,0.40568330644926287,0.8893580224546267,-9.641549054041374,0.0031431827540473645,-0.006171443604311744,0.0036497831318298406,21.064219196793612,31.439214928396222,28.281822206194317,55.33248770333862,1.0658429053629401,4.128114915929871,28.55624941189568,77.24012900129081,0.0,0.8515976948370377,56.65497282462111,1.4879313166813641,12.0
102000,-0.2559648228840278,1.0205933124622637,-9.905057574201745,-0.003997617498924281,-0.0015864474105129886,0.0005132685432448695,20.079682289745122,28.56115232155048,28.388678582350895,55.3436893847814,1.0658429053629401,4.128114915929871,28.55626485195441,77.24006114205021,0.0,0.2690564427306649,55.57539438670314,2.781732586896669,13.0
102100,0.1897778559436271,0.40546532961461995,-9.457255932764776,0.019676330268893316,0.005398198058228144,0.002100550306271499,20.561973625186702,29.65411739905898,28.64564948290535,55.347276221684005,1.0658429053629401,4.128114915929871,28.55624159377035,77.24006139966718,0.0,0.24668926176855058,55.46729572627763,1.673687185093057,13.0
102200,0.6777316598013882,0.106569824093945,-10.17686618799391,0.008071484734770035,0.0027457562306081665,-0.013727385603122089,24.275261483800083,29.173142635038424,30.365340233657328,55.352995730103515,1.0658429053629401,4.128114915929871,28.55628986451195,77.24006569612553,0.0,0.0,58.071715846693195,0.9953337726701812,12.0
102300,0.36729704910838423,1.1469128607819994,-10.365987283296407,0.00044434462004582973,0.010400914512134804,-0.009822282368622853,17.795838733153122,29.241990269321644,28.187429332798057,55.35973799228058,1.0658429053629401,4.128114915929871,28.55626830050299,77.24005173220124,0.0,0.0,52.91271078258312,4.199075388541853,13.0
102400,0.444732311737722,0.6432085861324728,-9.409901363298806,-0.013658082600732212,0.012214592822873696,0.02342204450521204,24.084149549254818,29.331596966183543,28.586708723915866,55.37263572706915,1.0658429053629401,4.128114915929871,28.556271412276903,77.24007066665723,0.0,0.3359908821251165,55.20609096047947,3.1878924971446074,12.0
102500,-0.010871373782845417,0.5696648087120445,-9.685773384989979,-0.008898417201353166,0.008082461455798898,0.012716760295601037,21.109244281029483,26.195134694842732,32.89790128364723,55.37350161441821,1.0658429053629401,4.128114915929871,28.556221402938412,77.24002117760067,0.0,0.0,58.176772311835435,3.3858397378494036,13.0
102600,-0.1606246375907023,0.47644875526540575,-9.893929583652643,0.008897767643106569,0.02113155245991343,0.008855240164498245,16.543842788204106,29.038973800133636,25.530870613330983,55.36739022399097,1.0658429053629401,4.128114915929871,28.55628714236994,77.24005673606028,0.0,0.0,53.13219754390489,2.3261716088459163,6.0
102700,-0.23238856114671233,0.7532152053627598,-9.945954728478227,0.008191969586358129,0.014481346892061046,-0.0016050299148559844,19.20523133299894,30.886194080526632,28.115087969397077,55.378534596486,1.0658429053629401,4.128114915929871,28.556294898858717,77.24007013803461,0.0,0.0,54.79977449954385,3.521749787710308,9.0
102800,-0.4868119390518887,0.49411060578852983,-9.95861158025637,-0.011671156182131562,0.008855714614271242,0.007953520143035523,24.43931141480723,29.288421305928658,24.577998096544473,55.39620748801977,1.0658429053629401,4.128114915929871,28.556319619147917,77.24001630715367,0.0,0.21891237269653419,55.25737404410639,4.425239677260409,11.0
102900,0.2673356402929148,0.15470502561532762,-9.657603477566415,-0.0005041300146620888,-0.0002622435315765576,0.01266024629420529,19.704112700268652,29.452882351292242,30.235316737828807,55.4181518638471,1.0658429053629401,4.128114915929871,28.556266853350404,77.24002193693194,0.0,0.6782128643297848,57.13502042076826,3.245528201169305,12.0
103000,0.07807846520705913,0.07016458638396672,-9.727665949563276,0.000369880566620402,0.02385190329419659,-0.0005154074946975944,16.433481946239045,31.514840535484694,25.987353115833134,55.42433969013168,1.0658429053629401,4.128114915929871,28.556263633117105,77.2400121838753,0.0,0.0,55.435304647484024,4.104635314116025,6.0
103100,0.03167227205606801,0.5109116031932422,-9.838323335043128,-0.004219855513595991,-0.0047137735642173535,0.0017724647985273131,17.57556878710718,25.704541443111097,29.439284760805062,55.42714586667114,1.0658429053629401,4.128114915929871,28.55622952725681,77.23999670390148,0.0,0.0,55.06564384020763,2.449379707571018,11.0
103200,0.378915519051663,0.9253074029046673,-9.608480224401408,0.007508443297103892,0.01855939456945218,-0.0036415281574675605,19.105989350617598,29.346537222826406,25.432266367565767,55.43213604024084,1.0658429053629401,4.128114915929871,28.556295573419852,77.2400149720062,0.0,0.0,55.1798649493893,1.9621619618903299,12.0
103300,0.5503459694379397,0.7700335452711344,-9.932886328086703,0.002365646306168274,0.03387269987248369,-0.002344145695819382,19.591976598103006,32.95082909765537,31.493063496959625,55.43903693684677,1.0658429053629401,4.128114915929871,28.556284504250687,77.24005935395441,0.0,0.26883910435344005,57.65352799245335,3.6558506553373205,6.0
103400,0.22444108182779693,0.44940836179805,-9.982694513985761,0.006054139956379535,-0.01550880010121887,0.015292401426996786,18.056294315557878,33.25499923447402,25.64026042275467,55.44049379585852,1.0658429053629401,4.128114915929871,28.556250639873365,77.24005232176248,0.0,0.0,57.0415942497746,2.604321826133765,8.0
103500,-0.49787876696835864,0.74190611442671,-9.387263961263857,-0.008725961607225947,0.007097653977325476,0.015754221876623828,19.833014982357682,26.966398662131176,24.555187067120553,55.434572010341896,1.0658429053629401,4.128114915929871,28.556293866022507,77.24008402902795,0.0,0.6188425443238104,56.59548725947526,5.840336800567291,9.0
103600,0.31139419149379766,0.9218227765904049,-9.40865452362784,0.012265540683005508,0.009639473007980078,-0.0024568851366906334,23.903846516658295,30.4367974189187,30.073989612929626,55.449940110581,1.0658429053629401,4.128114915929871,28.556270648127082,77.2400981719882,0.0,0.3246366606135936,52.16203186283366,3.5133891387606977,6.0
103700,0.8144956040153992,0.8077123580127382,-9.932340944324832,0.014012936071311325,0.0009510113288548269,0.004808681753861692,20.818203362609854,29.80300835883788,29.700057763742837,55.441343230905396,1.0658429053629401,4.128114915929871,28.556249686897353,77.24008334120428,0.0,0.9024792456451033,54.96033497749247,2.746309699558776,9.0
103800,0.29519600659371437,1.030898182821249,-9.818873026303287,-0.007826737493140314,-0.0035903791880894575,-0.0008620398760140965,22.818072908109894,24.643285795670927,28.659515820903806,55.44667130375237,1.0658429053629401,4.128114915929871,28.55628487735035,77.24005843067538,0.0,0.0,54.9122541753966,2.098586704783491,13.0
103900,0.2040198677895133,0.6132831891686246,-10.008520929915969,0.006661934236405795,0.004936403140732637,-0.00236362950031661,20.333634571769668,27.707167107851554,25.950368884399545,55.46079941815651,1.0658429053629401,4.128114915929871,28.556331120212658,77.24006935225182,0.0,0.3290927147846152,52.65323821054905,3.1868054649370974,6.0
104000,0.21463127200711116,0.5143049851803263,-9.967102663716577,0.012705027209509785,0.001499110631049507,0.0038280678881096293,15.948361711792904,28.599257233501998,29.265425896697245,55.45175388474068,1.0658429053629401,4.128114915929871,28.556261136843816,77.24008476218913,0.0,0.28674151312716534,56.72722882593246,3.82387111608133,6.0
104100,0.11362659119188981,0.9793806612928182,-9.470306075770335,0.005868743840731834,0.0057012919758228295,0.015504321081519591,20.597766354036324,27.905721957959138,25.572334354143013,55.456502059970205,1.0658429053629401,4.128114915929871,28.556249524847463,77.24004351517897,0.0,0.6752002650309216,54.1998503849169,3.373365830223443,11.0
104200,0.35646493525676165,0.463958646525205,-10.525610250630873,-0.009286376842993577,0.01026491484915943,-0.0004756081806775701,25.693846931104613,29.349636041578226,31.35989329255186,55.4522541469969,1.0658429053629401,4.128114915929871,28.55626942849986,77.24004272052476,0.0,0.0,55.5277694546389,0.9987512270111676,8.0
104300,0.35651669989723167,0.7213367375804095,-10.175039200824896,-0.0007915557891383499,0.006068946323492905,0.0050807585847950755,17.516387355107625,25.064232114203932,25.66648662167273,55.43714465882503,1.0658429053629401,4.128114915929871,28.55627627359241,77.24003972984693,0.0,0.3605559314568426,54.52697833573954,2.260894295623706,12.0
104400,0.16423351964552035,0.731913863562772,-9.558584744416832,-0.0085330848031617,-0.0017124291366157106,-0.003722897201545768,16.635748803825855,26.17183814409167,26.99990406824145,55.43520369031809,1.0658429053629401,4.128114915929871,28.55625771538642,77.24008200030224,0.0,1.193109205208403,53.4899525503287,2.2947935446224133,13.0
104500,0.7814876897453864,0.2943397078382439,-9.524478107949692,0.007494582059415482,-0.0022131222604504465,0.013367585685740736,23.260910471413407,27.769652453650185,28.627164302050964,55.443996675422426,1.0658429053629401,4.128114915929871,28.556259098456877,77.24006201379004,0.0,0.0,59.45526774331694,4.434988909756481,12.0
104600,0.14172507244670657,0.5738461853792208,-9.6471149387473,0.010024237302730898,0.010195080539936903,0.02098344972218514,19.746665209766743,24.13788421989532,30.564596643010223,55.455092201544645,1.0658429053629401,4.128114915929871,28.556284031149303,77.24000745788531,0.0,0.07479600624166094,51.893234198959405,2.6289748766324186,9.0
104700,0.7956450237578736,0.8878290410123424,-9.883998973286449,0.0027755434775367095,0.015502710001064055,-0.005595039685116013,21.36486905595684,26.119277854555936,30.828872942559354,55.45821937317613,1.0658429053629401,4.128114915929871,28.5562465454689,77.23997939158578,0.0,0.0,55.23851500827857,4.3194897111889485,13.0
104800,0.3502025234001494,0.41512872756374575,-9.339278739585522,-2.793327338520982e-05,0.0028123730272927765,0.02207201327488067,18.586484208241767,26.958969725955818,26.684313268184845,55.46827458970259,1.0658429053629401,4.128114915929871,28.556232593039642,77.24003089821908,0.0,0.625699757162848,59.14723144878246,3.9592093033019986,7.0
104900,-0.06323572009615688,0.5278692404878657,-9.74832888521814,0.002159127956986194,0.01520238160767571,0.008249695157743582,18.835547442901916,29.062661235339007,30.064611354183945,55.475544250166145,1.0658429053629401,4.128114915929871,28.55621456415475,77.24012245891934,0.0,0.7050533601251812,52.842872019101,4.10759125341958,9.0
105000,0.1142190343542061,0.9001790468971849,-9.888803240783414,0.011568375327517984,0.0017694868249982067,0.01791061759575744,18.69887447950109,26.691700333581736,29.45648386685392,55.490175023997026,1.0658429053629401,4.128114915929871,28.556255854399975,77.24005237079737,0.0,0.13258969381397906,57.40547279626631,3.4102114678910467,11.0
105100,-0.404562241087414,0.6204075498525005,-9.543541860941525,0.003777048652131566,-0.0007563120758002735,-0.021831088184521022,16.38315675347514,27.68202772903484,25.017457541180462,55.486913918931236,1.0658429053629401,4.128114915929871,28.55626182495855,77.24002411244193,0.0,0.0,53.91473612882626,3.8089103303478535,11.0
105200,0.023101859755306348,0.6343216855046532,-9.415546611260169,0.00493598702349886,0.0013450128717801017,0.010409065071902434,20.678895908931995,26.502201061221417,29.166390748473262,55.4826253754287,1.0658429053629401,4.128114915929871,28.556279898644103,77.24007435225364,0.0,0.20589382759727515,59.94273257848225,0.25099227161231275,12.0
105300,0.5861102278540703,0.40664966433537086,-10.058040698545694,-0.01131530273531662,0.017074034874202445,0.01931400946372252,19.36960369751159,27.96754213347817,29.093635298621763,55.48028611403205,1.0658429053629401,4.128114915929871,28.55628533534444,77.24006937902337,0.0,0.0,53.498856680786425,3.2395059279930645,9.0
105400,0.18068922901701664,0.6212654146802021,-10.11107672507789,0.00043314643188223703,0.01619846689475833,0.0003561991252837033,19.604986747523448,29.293031086209204,26.52246682410187,55.47344055086204,1.0658429053629401,4.128114915929871,28.5562906265947,77.2400971456474,0.0,0.0,56.34841333549343,1.1005259087857238,13.0
105500,-0.01888627528941733,0.7860162231738703,-9.448324894281912,0.00270476944203071,0.012868721659000694,0.00861704627684217,21.27650358228709,30.185407385527206,26.640421536012465,55.48141645673839,1.0658429053629401,4.128114915929871,28.556302167035852,77.24004705046745,0.0,0.0,51.720011847524084,1.2001648078982676,10.0
105600,-0.313924716477864,0.649710526135201,-9.918119425773924,0.002063140263852427,0.009378212571913618,0.012779926666937561,19.85334404322972,27.627055225714976,29.616864247305433,55.48348941520826,1.0658429053629401,4.128114915929871,28.55625063867507,77.2400080198065,0.0,0.38679096412807534,52.768947231366994,4.333490601836454,6.0
105700,-0.09900723723231614,0.5070056208305365,-9.958528074065116,0.018813322531958526,-0.00479435721399689,0.004899832581562482,20.159990676283506,32.3048165649612,27.474089373938078,55.49669084997024,1.0658429053629401,4.128114915929871,28.55630602133248,77.24001122854548,0.0,0.33380503705325565,60.53884107371471,2.900812111781393,10.0
105800,-0.11530157685253778,0.9921851145846128,-9.625347607561896,0.013035934387573146,0.0069257031620075255,0.004082290626075595,20.547844223094973,30.71036485366409,25.438743726926273,55.48987991803307,1.0658429053629401,4.128114915929871,28.556276256846512,77.24001177693972,0.0,0.7051241304496988,59.492102024063286,2.9714190642592078,7.0
105900,0.16317651575271538,0.3197196872922781,-9.855909607223333,-0.01620840928615807,0.012905034050746243,0.010783059928315575,19.803073837604625,28.032632335659713,27.607497385349138,55.475939877193895,1.0658429053629401,4.128114915929871,28.556257262799868,77.24001625232106,0.0,0.18994541525092784,53.40790094398646,2.1589513367160356,9.0
106000,-0.7734401554261409,0.12448221381536795,-10.13847342455919,0.005091035107982613,0.013159515344774792,0.008415444317749137,21.370671101158166,27.086694486778814,30.39970006803774,55.49087535695392,1.0658429053629401,4.128114915929871,28.55624524123749,77.24006932157512,0.0,0.016690636639823894,51.62160406497871,4.8549348851844565,9.0
106100,0.6808089339770619,0.49775552539032175,-9.398916974875762,0.012764614993485073,-0.0026581328857144,0.0072025204079967904,17.61819667409607,31.912959947237436,24.775266607973762,55.509122561173335,1.0658429053629401,4.128114915929871,28.556223286692155,77.24002942471536,0.0,0.0,59.58870861824533,3.9307811501071424,8.0
106200,-0.2352024665915309,0.6895344745943084,-9.649327580951077,0.0007645346885947052,0.002818907712381123,-0.0008390652219220978,20.162431374121155,27.806906431154566,26.23080497487468,55.487682664278765,1.0658429053629401,4.128114915929871,28.556261949060055,77.24006638940772,0.0,0.0,57.978641116017094,1.2804070420503997,13.0
106300,-0.08094600199843058,0.9975780430308836,-9.930292821772966,-0.004920437815243983,0.0011893737810974867,0.009501834608801472,21.17819021660136,28.938305979905117,30.84624803864676,55.48663595469141,1.0658429053629401,4.128114915929871,28.556243801779072,77.24010723106068,0.0,0.3147795652651165,56.45436055905517,4.501630939267635,9.0
106400,0.363068049884806,0.952242828567438,-9.83287466688681,-0.02281140051926579,-0.012802285154097308,0.01111438210270042,22.27705423846131,28.20009174469048,25.078115427364985,55.497341159101,1.0658429053629401,4.128114915929871,28.556222601278897,77.24005170272153,0.0,0.6776120270854911,54.07397293075778,5.274174051200215,11.0
106500,0.5901376562629581,0.6121561653192347,-9.474371309467596,-0.012602581473680402,0.0147011974432113,0.023672368801053,22.125460851735387,29.73767388392758,33.39296986243363,55.483311844110304,1.0658429053629401,4.128114915929871,28.556222085115305,77.24007080984804,0.0,0.5975313397937658,53.93668596982876,2.1045360203236374,6.0
106600,-0.32331416348304254,0.7826284816817977,-9.556685219732408,-0.0005766164114884211,0.021497126822378382,0.0009391827364388849,19.07375835952888,31.06718235964171,25.819591629813928,55.49492213187949,1.0658429053629401,4.128114915929871,28.55625260284352,77.24006116686866,0.0,0.565790244667801,57.182436675646585,2.6057631335414864,7.0
106700,0.09274195950022955,0.2679796484180437,-9.397023795498235,0.00010250985165563098,0.014000386267369533,-0.006875091773345725,18.761750565459916,29.809317142173292,31.52249321844886,55.494526923422306,1.0658429053629401,4.128114915929871,28.556278530026216,77.24006457384343,0.0,0.0,53.14141506478324,6.354000540652427,13.0
106800,0.06192443857804114,0.8309955678127311,-9.79285628307749,0.0025009500261985907,-0.020270404598507846,-0.00300083139828343,19.14046811718778,29.11949026870848,29.49981074234726,55.47577451430693,1.0658429053629401,4.128114915929871,28.556268863105483,77.24001175121673,0.0,0.4887475505320969,54.857836864558216,7.9791384749548335,10.0
106900,0.7424743268917776,0.8345848441752862,-9.802164610986397,-0.007365864263631914,0.005472736356073543,0.12046831929879664,20.03651284564326,31.93708021007715,27.893738159278847,55.46387915058409,1.0658429053629401,4.128114915929871,28.556262870962186,77.24008392424311,0.0,0.0,52.761454937085,3.9306743307162564,10.0
107000,0.17705539207797377,0.13176241304926706,-9.856208145399247,0.007983841254878901,0.022547996646846254,0.27137355340367,20.843244432302487,27.558118623127054,30.17500781589827,56.91754097648518,1.0658429053629401,4.128114915929871,28.5562897948565,77.24002420548995,0.0,0.34442068971933393,59.67164568807879,2.057023114345452,6.0
107100,0.05371001936133034,1.0914961118777402,-9.80584169469105,0.01975195612155652,0.0087275935776925,0.25397090705440806,16.793479616547124,30.011347450322525,30.022840665687237,58.35810670889486,1.0658429053629401,4.128114915929871,28.55624971159791,77.24001138453998,0.0,0.5943838410531589,57.95371083738337,2.5455591895425567,10.0
107200,-0.23580834051720653,0.5074939612104816,-9.759088698359397,0.007951085821720258,-0.008378428484511098,0.2666273432405785,15.691677432690671,28.924337208630607,28.015197966433202,59.79127201550987,1.0658429053629401,4.128114915929871,28.55623039940765,77.24002398115029,0.0,0.0,55.55532384062639,2.886389799390816,9.0
107300,0.6099029810212164,-0.06491454976585764,-9.194430616501421,0.006547027229514783,0.00558125720353076,0.2610479601273851,16.810010239098045,25.98488335246593,26.59831641577624,61.21377507179308,1.0658429053629401,4.128114915929871,28.556249498523787,77.2400514524977,0.0,0.0,60.81835748018593,3.9916926586223638,13.0
107400,0.5205387695191759,0.6142222490717345,-9.76664186714177,0.011799228825964122,0.010945318593909684,0.2833321231303127,17.31518622124803,31.219473049463506,28.597343871564473,62.66213745288091,1.0658429053629401,4.128114915929871,28.556265045640753,77.24000260613919,0.0,0.0,64.14857768838719,3.8865846639709467,6.0
107500,-0.13972058502683807,0.9823986787217971,-9.614026388252416,0.0010413245510354702,-0.003242331495766284,0.2514669892568534,14.742180902754022,33.18520957739004,28.91138998617257,64.08178625701473,1.0658429053629401,4.128114915929871,28.55624485313904,77.24004558243091,0.0,0.6585686206641117,62.298902384056035,2.1163258709466657,13.0
107600,0.727906412654548,0.7479186179799358,-9.80760590892594,-0.012590188900855535,0.0247475626327507,0.2558647405575749,14.975050972194804,31.399623005758137,27.781713570712647,65.52863301018682,1.0658429053629401,4.128114915929871,28.556235442719032,77.24004658283731,0.0,0.3905364679982023,65.21884032370116,3.6406958982255775,8.0
107700,0.0287181531820052,0.6894127183278558,-9.64604012541587,0.006392499483130669,-0.014355784256509182,0.24867986476461607,11.793209225182398,32.57121258872134,29.337851310421023,66.967468575403,1.0658429053629401,4.128114915929871,28.55626505230777,77.24009330806192,0.0,0.0,66.76972045330368,2.5363059688645535,7.0
107800,0.18820151520748507,0.7038465991055796,-9.814067567494753,0.0076131972556691355,0.024447388697242264,0.2616625058374785,11.475781730859946,32.665805578532115,25.990522957726355,68.40215968883228,1.0658429053629401,4.128114915929871,28.556231399921618,77.24002713027669,0.0,0.4017737410323926,70.46827262863832,3.022198513359699,7.0
107900,-0.0955074685416861,0.8199158588741436,-9.929966931733464,0.0007233352356717464,0.013078096748682287,0.2550381918421657,13.200473160808162,31.72321861067334,28.26161581998859,69.83970037793628,1.0658429053629401,4.128114915929871,28.556277466025577,77.23998657736857,0.0,0.06930778560679135,66.90612766496263,2.549914562113,13.0
108000,0.2625854565497808,0.6571695081452147,-9.647189932691521,-0.013094452000534051,-0.009263029824528209,0.2579680655917342,11.405336332365694,32.583095572151336,28.57078720254232,71.28172628459966,1.0658429053629401,4.128114915929871,28.5562959539013,77.24001614707507,0.0,0.5651237065126011,69.46954064312234,2.7376714961380997,11.0
108100,0.12045474653606451,0.9582748131087249,-9.460657338544213,0.00380578412919851,-0.005894348544485682,0.12271542773907035,11.35082536562107,31.099198499448946,28.80689694682404,72.72765420840506,1.0658429053629401,4.128114915929871,28.556283165032255,77.23999849253549,0.0,0.011972552938930993,72.32799254577665,2.4527110834225976,11.0
108200,0.3408337245802391,0.47487011428753945,-9.728324460669786,0.02314042264724281,0.015866541437430413,0.00931070220971033,9.520695030410787,28.754116244979244,29.830535749187927,72.74514656260993,1.0658429053629401,4.128114915929871,28.55628229335603,77.24003664953419,0.0,1.3552243253770258,72.14785387069826,4.855082415740393,7.0
108300,0.2210083397842071,0.5411584576531063,-9.475260853656277,0.010914402300241748,0.02145232201389579,0.002028537188333086,9.75038869726715,33.01200578649326,26.208937218103753,72.7497602541164,1.0658429053629401,4.128114915929871,28.55627211107048,77.24009634409238,0.0,0.05960956416195968,73.19251215903786,4.1926588061405745,8.0
108400,-0.08789708496841059,0.6088470434754869,-9.810047372473363,0.008622282323822398,0.012142615215880094,-0.0037451062094605962,13.196010942758546,31.261267607315002,28.45734762820412,72.73006456509273,1.0658429053629401,4.128114915929871,28.556265216159677,77.24000625671516,0.0,0.0,72.61314509920537,0.0776285741730578,6.0
108500,0.4124471779662493,0.13782043276617983,-9.660156569544693,0.006274110751745625,0.000529082667679143,-0.001980681061595731,7.459610260040126,33.346075800599465,30.08041421490693,72.72690450278407,1.0658429053629401,4.128114915929871,28.556305062550543,77.24001468946888,0.0,0.0,72.80677878242027,1.7883428295014359,6.0
108600,0.8318647404625529,0.4979199193990125,-9.918355964253786,-0.0036423051337152613,0.006524356622046857,0.005939714140368628,14.181268105835388,31.99036270460935,28.18468574107539,72.72176551578633,1.0658429053629401,4.128114915929871,28.556260598234964,77.24002603153131,0.0,0.09921973634148432,72.00191419997947,2.609481142393021,11.0
108700,0.23459338410935865,0.17670489515532345,-9.678738492587502,0.011026212310560987,0.00040312825927702346,0.009211501333027478,11.054127588677416,32.03999844642039,28.32264479328014,72.72899866748838,1.0658429053629401,4.128114915929871,28.556237290823333,77.24009719539002,0.0,0.0,78.85563435350943,3.2795252515238595,6.0
108800,0.21042957995359884,0.9002689055041948,-9.773628260717938,0.008918822143861024,0.027235333498403055,0.028632663005154012,11.370235135402709,31.36929467466312,27.47314783411774,72.7402522266705,1.0658429053629401,4.128114915929871,28.556248723150617,77.24007514397539,0.0,0.3518174979717715,73.39881992543705,5.115829230124147,13.0
108900,-0.3390865976750689,0.37530460542514155,-10.274474942134606,-0.0037785350124339466,0.00033462694985877603,0.005066314331230625,13.858690899998143,31.140777620359792,27.53038879577149,72.74602238387902,1.0658429053629401,4.128114915929871,28.556257399836433,77.24005186976576,0.0,0.0,70.50869683279836,4.010369800037208,10.0
109000,-0.18991783590977848,0.9824057844106476,-9.73574088264248,0.016984063045645037,0.007957309176843686,-0.0035307501415145466,9.170348666746941,29.99601456164957,25.094754932741765,72.74022331079965,1.0658429053629401,4.128114915929871,28.556274330981374,77.2400739690139,0.0,0.4723819578142397,70.65059742507826,6.338024663611963,12.0
109100,-0.08004184076061643,1.1592278607909847,-9.91604932352254,0.0026171335298756076,-0.016696077348530593,-0.0017617539016644068,11.496345124233109,33.265172920170734,29.059272804358393,72.75300323706495,1.0658429053629401,4.128114915929871,28.556242436276452,77.24006766541811,0.0,0.4598294244649078,75.99514049464011,2.0761360486050386,12.0
109200,0.020225475446703944,0.2403612317862801,-9.644260695251589,0.007117953842276642,0.008634863698186696,3.505723429055225e-05,9.267164658800723,30.013195333772845,26.302492223645896,72.74261841567734,1.0658429053629401,4.128114915929871,28.556276439015384,77.24003312981529,0.0,0.0,69.366690522517,1.7665172190659282,10.0
109300,0.013747481944049983,0.8577461236595668,-9.168189366944251,0.013621541161354157,0.003311829389421884,0.005351913864717731,11.13988119616249,34.4921495518282,26.466991239257183,72.73745665282279,1.0658429053629401,4.128114915929871,28.55623752459637,77.24001144413558,0.0,0.5451638296757543,71.19807932469244,5.634884438222112,13.0
109400,0.9842635360384253,0.14456250392518688,-9.755621500671223,0.003703925171257015,-0.0023276916506723222,0.020269791933726595,10.406533205784912,37.930532277918076,28.718553856482348,72.743000891333,1.0658429053629401,4.128114915929871,28.556240508598798,77.24002706812736,0.0,0.0,72.4299546707479,2.910961578073584,10.0
109500,-0.09496159036267054,0.6303910531882062,-9.736165923116832,0.018103375689218888,0.006090284530973239,0.001196660250228306,10.918821637898711,34.370509405033374,27.760590795741564,72.72511389050227,1.0658429053629401,4.128114915929871,28.55626566561392,77.24007565870157,0.0,0.28407999429304,70.4982137267572,1.9903575197005245,10.0
109600,0.006810169014699691,0.04488287540727098,-9.83649985817366,-0.002692822517918421,-0.004171505009140365,0.01496903567710316,7.828306128855824,34.568543734521825,27.63599966869974,72.73352342541718,1.0658429053629401,4.128114915929871,28.556252777984536,77.2400740696511,0.0,0.0,72.67736998039558,2.157884420540947,12.0
109700,0.46571623233090087,0.44871028855179085,-9.86426470602121,-0.0028971937326085443,-0.000494331592196794,0.0026107502217631133,8.565534586182354,33.29481196548211,28.566045263817273,72.73297803975906,1.0658429053629401,4.128114915929871,28.556254025975,77.24005045854436,0.0,0.0,72.07783821218794,2.95745565354385,8.0
109800,0.24857144523514513,0.21692054411333533,-9.833331498026556,-0.006067715616383563,0.011988618872721447,0.02257876378098436,9.627194229289593,31.554088236553206,29.203152260346474,72.73944203460147,1.0658429053629401,4.128114915929871,28.556257504087572,77.24006210214607,0.0,0.8716680440203867,76.03901654550346,4.233051192166218,10.0
109900,0.4267837905166316,0.6952231181158449,-9.930865795289497,-0.0020080595989138304,0.02111666195950567,-0.005118934765014161,11.928904846687095,31.59002842266307,27.553395465913248,72.76366911926164,1.0658429053629401,4.128114915929871,28.556287681038953,77.24008404636093,0.0,0.18101725990436623,70.93299826760841,2.8764682312114025,6.0
110000,0.31381315830291223,0.46031390614011014,-10.27667896707027,0.009771764118506426,0.008960107723807485,0.016714161690864263,12.91851257441867,32.305318138599155,29.157105970106038,72.76996945377692,1.0658429053629401,4.128114915929871,28.556319611815585,77.24009753937653,0.0,0.0,73.63881882467962,2.3514566170541165,13.0
110100,0.7661662024325061,0.6069381841979566,-9.48526812887642,-0.012565093020729431,0.00970529431123872,-0.003510539159169367,9.127949507074678,34.27606296819583,26.394681603364372,72.77458554881642,1.0658429053629401,4.128114915929871,28.55625835267142,77.24004100272701,0.0,0.0,74.3522384678792,3.895176156437305,7.0
110200,0.2120268332314013,0.6362703866833158,-9.52762341901566,-0.0005811831601740172,0.014427724491151497,0.007274133470966614,11.990828120979856,33.835166777415544,29.96598771034067,72.77757804205983,1.0658429053629401,4.128114915929871,28.556265959109474,77.24006807423957,0.0,0.0,72.99631100149976,4.254393754848582,9.0
110300,0.489704147747573,0.22935459399624408,-10.024700489623182,0.008661968343182166,-0.00291973847530202,-0.0015187332083171374,10.997960804184016,34.351531557962424,27.641762543203914,72.77840718276792,1.0658429053629401,4.128114915929871,28.556309901388882,77.24012225503294,0.0,0.4484916797569199,70.90096411181551,2.048916053586006,11.0
110400,0.4268071505021144,0.5898362725308157,-9.99581564261817,0.0043962942984680795,-0.0016892527828002045,-0.02075073451470269,10.932090714050535,32.60254533855462,29.81052807191878,72.77638961422477,1.0658429053629401,4.128114915929871,28.55627486589682,77.24011056150694,0.0,0.0,68.18430806835809,4.214962504591915,6.0
110500,0.09630342629621516,0.7235021269868652,-10.483283909582612,-0.0028934327241895673,0.00873171084545933,-0.0046400628556752185,7.2265673929426235,35.569549532893696,27.740296060926987,72.7594519645763,1.0658429053629401,4.128114915929871,28.556242220758286,77.24005181505305,0.0,0.0,73.98983120084262,1.856102646971035,9.0
110600,0.09701653368695995,1.0094664649892495,-9.673166284499196,-0.011724437889779948,0.002896558348088608,0.009408854890353296,11.84716078545052,34.55345184905393,31.633476550141637,72.75522165242248,1.0658429053629401,4.128114915929871,28.556279981740403,77.24008056117866,0.0,0.0,75.94214943279205,5.166075275411424,8.0
110700,-0.35578915717211324,0.6825102808795999,-10.051756200554038,0.011336907709514388,0.028888323546341507,0.006903027551299664,13.429597775720792,32.52247302587007,28.286399152417523,72.77828343444979,1.0658429053629401,4.128114915929871,28.556273648162556,77.24007196879276,0.0,0.4977946251250106,72.98507225232605,3.2380597692777586,13.0
110800,0.5092930886318011,0.6609404091350557,-9.66768340345819,-0.006839396753777282,0.01873551733720239,-0.008913111045895261,11.180103994715546,32.34459000063367,28.290260104434044,72.77812668791374,1.0658429053629401,4.128114915929871,28.5562511008376,77.24011315002268,0.0,0.0,70.78163724979525,3.4346052761275048,10.0
110900,0.06235804056783874,1.0089729823398181,-9.630139467451682,0.006881688850745081,-0.019240839305504152,-0.018003875677115373,8.194231769459346,32.99635397813845,29.057864081197444,72.76049474921193,1.0658429053629401,4.128114915929871,28.556290086641926,77.24006801855491,0.0,0.0,74.8002892734306,1.1747207819107708,10.0
111000,0.3835302208883097,1.0272709123315797,-9.535608955641097,-0.016206423532651348,0.007372540590142874,0.0027828381676571453,9.259776191220956,35.656716568246196,27.356256699133677,72.76136261539399,1.0658429053629401,4.128114915929871,28.556255476390326,77.2400343459473,0.0,0.3875196653770133,73.17815164351533,4.476349183202584,10.0
111100,-0.03061086946702249,0.7658375251252326,-9.853048351994095,0.0076433263483388116,-0.0017461429508409468,-0.0022800295360964557,14.381318907914366,32.31480815854608,30.423049317280665,72.77146891627687,1.0658429053629401,4.128114915929871,28.556247259969002,77.24003815578665,0.0,0.4218352704911906,71.33944832772434,0.5014518456884183,10.0
111200,-0.19457156565170738,0.9208238487070384,-9.405731064324355,-0.009737521462179405,-0.009002150952931956,0.005463256258373872,11.717605351728063,32.9303818971532,29.932452814689142,72.77897700880807,1.0658429053629401,4.128114915929871,28.556255808373127,77.2399984121861,0.0,0.36743087056566026,73.07043761576489,1.809048632545694,8.0
111300,0.47406976042254445,0.41660682680824357,-9.406162537427866,0.0009363365385530676,0.0027280196332494138,-0.14824310052272222,7.3279476450934515,36.242185100379686,24.488401409245437,72.77030978106319,1.0658429053629401,4.128114915929871,28.556274598466196,77.24003459539931,0.0,0.0,69.93017649479546,2.510513601181182,12.0
111400,0.2067800988831437,0.4751378257182341,-10.181264040153925,-0.011252204523532091,0.003721065185902586,-0.3061344670106396,12.542197527161198,35.53071750392657,29.114335711497045,71.01864672935285,1.0658429053629401,4.128114915929871,28.55623084257333,77.24005224324435,0.0,0.0,68.76657102279468,0.7666743375285474,8.0
111500,0.6937027717828145,0.7863631268160376,-9.370885888161142,0.001779572194562139,-0.012579460420516178,-0.3045889907689284,11.929258367119207,30.962412898364622,29.43793287230893,69.26070695051266,1.0658429053629401,4.128114915929871,28.55629558135199,77.24005553824864,0.0,0.0,70.35023712769856,2.850423365448839,10.0
111600,0.012435463120828771,1.365587351659162,-9.833834393330084,0.01521618134796673,-0.000703814143976412,-0.3215549790958472,10.4963219424839,33.80105890180935,26.483857517093348,67.49745817561059,1.0658429053629401,4.128114915929871,28.556252442366784,77.24009876417394,0.0,0.0,70.31499659496743,3.8086082289832546,9.0
111700,0.5038477819949657,1.2549837106976764,-9.758413665419623,0.02471317390994622,0.01722839000734569,-0.2906049731182161,15.281304353915878,31.138852690249784,26.992767248451177,65.74946118928075,1.0658429053629401,4.128114915929871,28.556184186553065,77.2401281006373,0.0,0.4921428795086152,66.6326911460358,4.742422534667621,9.0
111800,0.5998775817610197,0.2675031784900787,-10.002758172151253,0.001319373952978469,0.0019107107143182078,-0.3149057551525703,13.50907775886624,33.46401578828404,32.313580484470755,63.97851759049406,1.0658429053629401,4.128114915929871,28.556281062117986,77.24009254046744,0.0,0.0,62.24879551369494,4.415703186280907,12.0
111900,0.05553772140184729,0.1429183881427517,-9.750583133352876,-0.00585177103376684,0.011196327053261351,-0.3230156839628952,18.696540108774634,31.389985809800386,27.41398722814568,62.2362321875898,1.0658429053629401,4.128114915929871,28.556294768276356,77.24001981929435,0.0,0.0,60.27798635188266,1.147967307090584,12.0
112000,0.05619165416798605,0.8222281267601196,-9.321358981370375,-0.011499907314343766,0.00939555870975244,-0.31907158234070954,14.76942500233546,32.25912841249776,29.19982468950961,60.46956221045708,1.0658429053629401,4.128114915929871,28.556245108300942,77.2400984418053,0.0,0.0,62.46575599016602,0.27552004080306425,12.0
112100,0.33140241812562965,0.26797090569836496,-8.927538819147898,0.012705568305766888,0.006286612777365145,-0.30459275824419363,19.13424258764524,27.27711282712236,30.44466370799417,58.71399582515238,1.0658429053629401,4.128114915929871,28.556242403545152,77.24006825494774,0.0,0.0,59.613052485284605,2.6250596092317813,8.0
112200,0.1061554255217712,0.937111185562963,-9.637719065094956,-0.0021947477318553284,-0.0034518222229802326,-0.32006083587785084,19.43173354170337,29.610607269384275,27.08321467508498,56.9530026272639,1.0658429053629401,4.128114915929871,28.55623802209366,77.24005580970167,0.0,0.6801783650806664,57.64099633250157,4.6198057162759625,12.0
112300,0.1430011748565701,0.535288140831624,-9.489388782329053,0.002961433587369419,0.013039620150396121,-0.3254669584597605,21.479851431281393,28.649275811752553,23.614278243556594,55.16822750732078,1.0658429053629401,4.128114915929871,28.55623962196868,77.23997027568605,0.0,0.0,52.19611068646672,3.287072806790879,12.0
112400,-0.2254679360083464,0.6875692041950022,-10.253716258438295,-0.0071096739825864215,-0.007813253312609531,-0.31313490506974967,20.790029735367554,27.56215402910655,24.941965585921682,53.41932410719503,1.0658429053629401,4.128114915929871,28.556329621593658,77.2400542606432,0.0,0.0,51.30320237492514,2.8963306170432013,6.0
112500,0.21254464306496507,0.9335791170694704,-9.54526147682577,0.0017257584915098157,0.007855477892134338,-0.31310455471378634,20.457555686211236,24.019086055081655,26.83534536037003,51.64639816998876,1.0658429053629401,4.128114915929871,28.556272161686163,77.2400054338438,0.0,0.0,54.61399733765945,6.069973655127,7.0
112600,-0.4518520966491887,0.6589556045889661,-9.679747306655356,0.003886429546629114,-0.0008221296568515224,-0.2958676982034477,21.637963874889767,27.009156774985332,28.76459999075675,49.879042393716176,1.0658429053629401,4.128114915929871,28.556264509178188,77.24011018656721,0.0,0.0,51.40552302072144,2.593906891618778,12.0
112700,0.016350287915971096,0.6091864080212068,-9.719617716122794,0.001042869741340041,-0.0006940751057919643,-0.31407075914245525,23.96991213754942,27.28074497738246,30.21719170753033,48.10234910633214,1.0658429053629401,4.128114915929871,28.55626347823059,77.2400697984682,0.0,0.0,47.25724807907969,3.09927787482328,7.0
112800,0.6949146400837802,0.5960043515072515,-9.584230060446814,-0.0086513630867746,-0.0060188328055245524,-0.3130773339794013,25.562627068344202,25.66641043272685,27.831078184934935,46.35155026152429,1.0658429053629401,4.128114915929871,28.55624551518659,77.23999431641184,0.0,0.0,47.176209413276865,1.141781042400201,9.0
112900,-0.18811656094309423,0.690051402215637,-9.786510957568524,-0.003298961975936798,-0.003969359962179284,-0.3106632752033142,24.6962045598213,25.9193967851226,27.57954397486695,44.58960531442606,1.0658429053629401,4.128114915929871,28.556262611236846,77.24006411277536,0.0,0.0,46.52737221434934,5.7668298584622715,7.0
113000,0.36120824854673816,0.28409101277042614,-9.488936908302726,-0.010050016407058451,-0.006605047932242608,-0.3107792275622208,26.14002016188458,19.466912402494305,31.73548293917126,42.82244100829295,1.0658429053629401,4.128114915929871,28.556281301052596,77.24006088712919,0.0,0.39657442651582214,43.411490129964804,3.531339445275576,12.0
113100,-0.21782625919412826,-0.010645180184313818,-9.840706507457236,-0.010915530816974876,-0.007012136121896425,-0.30231566173448937,24.993749443478812,22.313994687957543,24.58581479533192,41.056540476178384,1.0658429053629401,4.128114915929871,28.556268457237685,77.2400586666234,0.0,0.35852071760095666,38.49866526526989,6.390707092052558,9.0
113200,0.2387325414259336,0.5845420290915908,-10.132678333011581,4.3629782396935974e-05,0.0014669900357974813,-0.3093963329134042,24.247841100248856,23.736452661779207,29.844599687556062,39.282782616802294,1.0658429053629401,4.128114915929871,28.556220590114364,77.23997036567422,0.0,0.0,36.95895560493243,4.955258670832202,11.0
113300,-0.32112350065159645,0.6410600655956382,-10.192256138359594,0.019573777080693484,-0.007676803386817375,-0.31186701619224877,27.46246832565832,23.378160031175298,27.182901582125986,37.53406408400478,1.0658429053629401,4.128114915929871,28.556275272120683,77.24007408016946,0.0,0.16877917664352285,37.679857816901496,0.5088345808591512,6.0
113400,-0.11183755515294821,0.3364119475819905,-9.774725524208835,0.00845489825817566,0.009476943286529305,-0.29729333085657117,27.673865304411322,22.00840354917668,28.955433170163406,35.773843212212356,1.0658429053629401,4.128114915929871,28.556266936948138,77.24003950874484,0.0,0.041898988326895266,41.02996231375408,3.8393543031818274,8.0
113500,0.6020158406132001,0.38193028578693317,-9.757692791140604,0.007735651566807971,0.011988591264788745,-0.3102461069468209,30.27183028516567,19.112428134173935,28.625704698293685,34.01434384151142,1.0658429053629401,4.128114915929871,28.556251051519432,77.24001439475326,0.0,0.0,32.893487243305984,3.8955273805685726,12.0
113600,0.3793048254683612,0.3030787699656854,-9.556587512123699,-0.004043143846063612,0.0043851115789321025,-0.30685904573227873,28.46310828580712,16.49187425779818,24.085384977682484,32.2638866710663,1.0658429053629401,4.128114915929871,28.55629304521296,77.24005963116069,0.0,0.7314506357131235,30.97849917165796,2.809460128977514,8.0
113700,0.3785325895063515,0.5036620887511375,-9.570584284819798,-5.543132167030833e-05,0.002743603536684206,-0.3094404891566248,32.637901701534766,16.521039430302682,32.502067640885166,30.50244252606006,1.0658429053629401,4.128114915929871,28.556252321183596,77.24003614920935,0.0,0.0,27.891608751411596,3.0738424765851793,10.0
113800,0.021852620331111378,0.8228050012695788,-9.471574721307935,-0.004816235941478252,-0.001111349932658867,-0.3029769816055682,29.02635289955147,17.558662285122743,27.370969154985865,28.72447267218409,1.0658429053629401,4.128114915929871,28.55623617596017,77.2400243367643,0.0,0.24051033484850556,31.03426063478753,5.242823659614609,10.0
113900,0.12039021365445507,0.3625915018501756,-9.755586758811589,0.006861893613035553,0.009923824741129288,-0.29959807293123025,30.240652926235676,12.363761952551961,33.54455415147657,26.972664482414217,1.0658429053629401,4.128114915929871,28.556249941804907,77.24007241332083,0.0,0.8841613541010743,27.742676664131544,2.637571290789464,12.0
114000,0.43865006255540917,0.12294346021019542,-10.055683221720392,-0.007278032480738695,0.018104906675271766,-0.1391367679318838,33.2573234327549,14.219024775083183,31.79924730037229,25.211104277611902,1.0658429053629401,4.128114915929871,28.55625528936304,77.24003751602713,0.0,0.0,26.462884790347992,3.0333202781501605,6.0
114100,0.2902960328363393,0.03223752029218163,-9.420536730231802,-0.0035687531216723207,0.021990899654895337,0.025207808293009015,31.1111334026165,18.093352755995355,33.397794291155876,25.214045117933804,1.0658429053629401,4.128114915929871,28.556257462961128,77.24007324475004,0.0,0.0,23.49072692846486,2.0055297652641357,9.0
114200,0.12606340915935565,0.48190884519870103,-9.639315867956835,0.007249445358942943,-0.01782309787487631,0.019090728817364427,30.391364313200558,9.858236718616837,28.49530334049157,25.1964458512015,1.0658429053629401,4.128114915929871,28.556189184541335,77.24005788448807,0.0,0.41776979336097314,22.637261352910038,6.232030188519865,8.0
114300,0.10988417719856035,0.36599049080112406,-9.255594209829118,-0.012465155657900469,-0.008359756057382064,0.011909658947668812,30.96834066179164,14.060273158074159,25.631788770423398,25.190516437877527,1.0658429053629401,4.128114915929871,28.556226091732775,77.24007947293745,0.0,0.0,26.238914713245226,2.668107630528759,6.0
114400,-0.19994958268212984,0.6024745781390813,-9.981060282200096,0.004893602106122262,0.001149202296395814,0.023893788336738272,29.98929786031353,16.3090763894342,32.209327479883655,25.192164877998746,1.0658429053629401,4.128114915929871,28.556300836281615,77.24005796863163,0.0,0.5426996955623111,22.95761844485713,2.1418133335213296,7.0
114500,0.28855743469117934,0.8807310649879239,-9.911815082736318,-0.0003993043726400983,0.0008908651659329287,-0.004731555703851143,32.04862666656299,13.62127796663225,28.24907335387675,25.191845917030264,1.0658429053629401,4.128114915929871,28.556315925730477,77.24005372199284,0.0,1.2231733029574756,23.186306158100546,1.7111418957834594,6.0
114600,-0.08310899028962673,0.4743880791760687,-9.434600409367393,-0.011697522544605495,0.023913751473481588,0.0009859701296941312,33.95942802265161,18.949005307586777,28.667575106158903,25.200422777664997,1.0658429053629401,4.128114915929871,28.55637234169201,77.24007421479453,0.0,0.990459016744711,27.336098601345277,5.644969460822449,10.0
114700,0.43272610015336316,0.5213007653767473,-10.206393024906548,-0.0010373106670205322,0.007212317567322853,-0.002627010123286175,31.593911787494655,13.30576302104826,27.153344224782938,25.191537083439297,1.0658429053629401,4.128114915929871,28.556257146526413,77.24007192383986,0.0,0.0,25.57064954038441,0.29368492121419765,6.0
114800,0.7195698061262505,0.6785413297778922,-8.994884435109439,0.0005392383748765885,0.00607717300712709,0.003907048796710024,30.49492751903178,17.518477133963902,28.632647710298382,25.181352151338498,1.0658429053629401,4.128114915929871,28.556318582692292,77.24003330491581,0.0,0.0,22.476156095450683,3.898480795350552,9.0
114900,0.2403623966843166,0.5056520629958778,-9.594273231679248,0.010655614781048407,0.0028794816665405486,-0.00018331868083434205,30.224824188863742,14.819023615905463,27.791846729701714,25.16844271886379,1.0658429053629401,4.128114915929871,28.556296567894453,77.24007852212623,0.0,0.0,28.936547530489676,4.475798451150262,11.0
115000,-0.4023928365421777,0.9899008430120355,-9.998562763631329,0.005321005229591629,0.015674924845419894,0.002077812011563878,31.61125078010616,10.730237961260734,26.653290187404714,25.1794485259589,1.0658429053629401,4.128114915929871,28.556231406128873,77.24006453825493,0.0,0.0,24.964152045798627,2.0649351175395134,12.0
115100,0.6193413275615787,0.7556175794906481,-10.086673275102687,0.015391551665020414,0.0002794797660170467,-0.0009826894309420096,33.85094062680741,17.253476894493875,25.094447345989217,25.167665408107332,1.0658429053629401,4.128114915929871,28.556281151417533,77.2400785243964,0.0,0.0,24.60208217691465,1.3792816955392542,7.0
115200,-0.24202481393744826,0.1838569647850754,-9.979420761235788,-0.0015648858015357837,-0.006411763331132025,0.011557304701206833,28.49565528557191,11.462803950403837,28.75946796189656,25.165305439113492,1.0658429053629401,4.128114915929871,28.556278146673808,77.24003869906615,0.0,0.31992433363478234,25.426431993524023,1.6781138846123567,7.0
115300,0.4636940846176955,0.6130545908556134,-9.419668941183327,0.01955482578028067,0.007397170310014578,-0.0044189443238543645,31.991874844456525,14.099104029952784,30.32845420209238,25.174949028285063,1.0658429053629401,4.128114915929871,28.55628953177693,77.24005213016558,0.0,0.2956554820205017,25.893828606630322,5.112273915778222,6.0
115400,0.30877751952316634,0.6715205757407688,-9.288273509469136,0.014068486453055317,-0.0086766140352019,0.0004565887782186338,35.45428899657218,14.330029226675869,29.91830349339186,25.167543788777458,1.0658429053629401,4.128114915929871,28.55626083921102,77.24005538309123,0.0,0.07889631349834614,23.350911496495193,1.6146049986988216,13.0
115500,0.30104449706501324,-0.06792825408770231,-9.989336649592534,0.013281849179935214,0.024051333126518165,0.009041166320058419,34.04879223308672,14.158765677504642,28.245482907752145,25.15894762192665,1.0658429053629401,4.128114915929871,28.556287786541283,77.24005001060964,0.0,0.03289327549711393,24.002178922901702,4.4764681084668085,7.0
115600,0.6587088025644491,0.8996471334726105,-9.858413787792912,0.010641269448186358,-0.00571450777107282,0.01823809717486077,35.96505764440127,14.678255797646921,30.260956537980203,25.161288903787366,1.0658429053629401,4.128114915929871,28.55627041579303,77.24010745416237,0.0,0.33568440894483575,26.35820200122922,0.14333140235290154,13.0
115700,-0.5548221739038528,0.7848373780664175,-9.284595855853249,-0.0014632146327617744,0.005896455833067473,-0.0009634423808779179,32.35736589078631,13.724647449277189,30.886371722351036,25.18259445766605,1.0658429053629401,4.128114915929871,28.55628444805397,77.24003978473613,0.0,0.0,28.60825576687334,4.058645478257577,12.0
115800,0.479170780391327,0.542869623492687,-9.426336751038152,0.0047309425816095,-0.0010167880727618749,0.00959404623921857,31.806512341121458,14.481161843228358,28.196304765690698,25.186027717503297,1.0658429053629401,4.128114915929871,28.556268705369437,77.24007923778134,0.0,0.0,26.849983365105437,3.4868377096047527,11.0
115900,-0.009502095972978575,0.5588530654233236,-9.981773513655934,0.015199366532089642,0.0034463945684311452,-0.006000554413776654,31.805613594499533,10.563310789540019,30.514614233456726,25.194397195148905,1.0658429053629401,4.128114915929871,28.55623544900968,77.24007402969399,0.0,0.36092283881179904,27.355893995724305,2.2356514627982103,11.0
116000,0.004431113926259195,0.6726607457696723,-9.504055792616814,-0.0020111571503620787,0.013023920861827874,0.020842357163872918,29.514478425336307,19.176148403257844,30.51184697524351,25.195778483315674,1.0658429053629401,4.128114915929871,28.556248788812553,77.24004942394357,0.0,0.9339534733011515,26.865440628181773,3.6470590199105395,9.0
116100,0.33705968460746705,0.10836218464335412,-9.577122507031863,-0.0031069758985104315,0.00776652869781634,-0.004206466697086194,31.612093354656672,13.812984987365505,30.195784933071206,25.19706985753454,1.0658429053629401,4.128114915929871,28.556255215900944,77.24006018357605,0.0,0.5502000619171546,23.651565137796453,6.198774631777245,8.0
116200,-0.06738080068738951,0.8476550393365394,-8.920787035301375,-0.013153404539710131,-0.013738190123935273,-0.006546890309510546,28.88429173556687,16.358717152707115,28.55763923147404,25.197701884891764,1.0658429053629401,4.128114915929871,28.556282417568223,77.24009811567666,0.0,0.0,22.775635423618635,1.790714735448093,6.0
116300,0.7578217627551933,0.47564330950524436,-9.708598769110651,-0.0010695562140365699,-0.0025913485382705447,-0.011083174425140407,30.16455210253222,19.030855361575533,24.371448838903177,25.20013183814226,1.0658429053629401,4.128114915929871,28.556269028586705,77.24005353905538,0.0,0.0,23.129264225099078,3.2606586731582223,7.0
116400,0.16117443657494757,1.0109176967279159,-9.317248796553773,0.003329654353342289,0.012207775853262305,-0.009452397984787513,33.25384969821491,14.596763023472292,26.52715498637205,25.20602368739025,1.0658429053629401,4.128114915929871,28.55626305767276,77.24009209215554,0.0,0.04147629626583867,30.02205273888294,2.085770702974365,8.0
116500,0.2006698247698352,0.2766895451034875,-9.367764900447048,0.009832940816639019,0.01862758786935733,-0.0089796773732096,34.88948289883613,16.21113787628598,29.120939234083753,25.205276240090523,1.0658429053629401,4.128114915929871,28.55623768992756,77.24005232352162,0.0,0.41684497549267685,24.32506879930352,3.0046622182765654,13.0
116600,-0.2793497947671604,0.7491272489388425,-9.070733040462594,0.005260466536127619,0.011216971037242833,0.01824541465244237,34.118921730376485,14.99118996316656,29.225406607299597,25.235266928323398,1.0658429053629401,4.128114915929871,28.55624314394438,77.24002832576679,0.0,0.33385823962009903,27.84060706008873,2.915503282104224,13.0
116700,0.24312871520506968,0.6666304603934851,-10.267950356649978,0.00662404788319975,0.0025297785656218453,0.003259986159555215,27.88714798393768,14.594482951158334,28.980964431066823,25.233144405465193,1.0658429053629401,4.128114915929871,28.556271179163616,77.24006498677751,0.0,0.0752658666338635,28.820906335934193,3.338672425367379,9.0
116800,0.43458914977819374,1.0338002373157398,-9.343959983266652,0.01128396932107896,0.006827976720837942,-0.002937690096946286,31.568495033791418,15.097735990326505,27.298226098401994,25.215029264120755,1.0658429053629401,4.128114915929871,28.55626711405558,77.2400536929638,0.0,1.0912905331633667,23.114729009178575,2.8282196822457553,9.0
116900,-0.4607347840807564,0.6067742091258448,-9.43449019675002,0.007155854776187676,-0.009618137141700525,0.0031138739268063527,30.77994907422587,15.530725993731425,27.69370241095187,25.223251410405695,1.0658429053629401,4.128114915929871,28.55625637362072,77.24003206340528,0.0,0.5523442789684602,25.48645604895053,0.2726506612479458,9.0
117000,0.6403967636645015,0.7088010213224409,-10.110755611187045,0.014369698694655715,0.0007216599155774953,-0.01322542775420064,31.504779689127854,17.476708693749455,31.27149221941204,25.2269612728707,1.0658429053629401,4.128114915929871,28.556260280258606,77.24005209557662,0.0,0.0,24.174704950562823,3.0893743861077088,13.0
117100,0.02480887160004397,1.057966675678881,-9.41967985367472,-0.009682362746649211,0.006421437722488482,0.016870259315148173,32.595193137427124,17.60901481680996,26.127484964391478,25.22694106139,1.0658429053629401,4.128114915929871,28.55628330419723,77.24008426371243,0.0,0.8044958427080253,23.941953256486425,1.8830637791286744,9.0
117200,-0.24583752382087135,0.11956573872140186,-9.446076806802376,0.0006656958765764822,0.021839696750988673,-0.0021464768599743474,31.625386568122657,13.433231748661685,27.473219156803694,25.238595509569425,1.0658429053629401,4.128114915929871,28.55628657602237,77.24009995677613,0.0,0.0,23.765839291670158,3.6037814261923424,11.0
117300,0.06021175166373094,0.6701539740659666,-9.958843620318884,-0.007664342757412364,0.021260510568411783,-0.003147247823585688,31.250707224114937,15.113776572467673,27.409994792149682,25.252431058540832,1.0658429053629401,4.128114915929871,28.55629622772937,77.24000624699383,0.0,0.5766282493297512,25.160772976258496,2.6965696461294315,8.0
117400,-0.012973604141027287,0.34908214490354794,-9.68375006545312,-0.0064997895997952965,0.0013458011989930648,-0.13819318520697288,28.401272597061144,14.090575975510287,30.991626102564254,25.259243419826788,1.0658429053629401,4.128114915929871,28.556266244063394,77.2400866418693,0.0,0.5757694724548568,29.299123162314512,2.4223923791158066,8.0
117500,-0.8100613440152954,-0.14765069068236913,-10.056062796093958,0.0008520211560584146,0.008558017570093491,-0.2565793276938941,31.450179164764165,14.355228851745247,27.077049008494274,23.74936027102853,1.0658429053629401,4.128114915929871,28.556279800616323,77.24004437863475,0.0,0.869481813066694,27.003040883282953,2.0873913958247194,9.0
117600,0.34085809222018687,0.4138889296147056,-9.95774116220766,0.0009815980783519876,0.007451848363169793,-0.24805343593948,33.7003135073892,12.508600012115922,27.490989121210884,22.25410120872369,1.0658429053629401,4.128114915929871,28.556265972699904,77.24011028719418,0.0,0.5092738539822728,24.64957633036078,2.7279735125783366,11.0
117700,0.6104010660228832,1.01981853775977,-9.972827695264202,0.004366884596496984,0.0004983950904866351,-0.24943758625467957,30.674881953109747,10.783642601578027,26.738888924235184,20.75508491780896,1.0658429053629401,4.128114915929871,28.55628966064371,77.24007721829997,0.0,0.0165784159065272,18.52457021794958,3.136748751095606,11.0
117800,0.32155780287641283,0.5954427754660672,-10.043902785175531,-0.023548669647245918,0.02119899195865423,-0.2739710606942175,31.802487275881585,11.360533599679691,30.900059872614023,19.254221412508944,1.0658429053629401,4.128114915929871,28.556316053073793,77.24005240151654,0.0,0.05880275721657929,20.065418775728112,4.910628568474944,10.0
117900,0.014142969705063624,0.864784635398595,-9.369495675499687,-0.0019715787326987574,0.0029397622669336074,-0.2788523064745261,31.44755238643298,10.260473751965595,30.32155296406692,17.75379054884754,1.0658429053629401,4.128114915929871,28.55626464123714,77.24007489620978,0.0,0.0,18.88065918034698,2.886327993296328,10.0
118000,-0.09761332934006975,0.9172186156384883,-9.554282936717593,0.004416502562114363,-0.0033638306034148207,-0.24557150142461695,34.36393752598625,7.6075373116376,29.57483259033015,16.259025053425713,1.0658429053629401,4.128114915929871,28.55625210244891,77.24002862478149,0.0,0.0,17.203906131866386,1.1754717704360853,11.0
118100,0.22277687217356099,0.8455961770524976,-9.519895479683397,0.00038149381620295267,-0.0009171134334221131,-0.2690194666648579,31.734918028165787,10.89283691001745,28.278701202062354,14.765443795881534,1.0658429053629401,4.128114915929871,28.556257125104985,77.24006761429148,0.0,0.6049855435180347,16.15813745592158,4.012049393880591,6.0
118200,-0.49234809211191777,0.5660940044837064,-9.989670987965507,0.012841379335340214,0.017875726165045312,-0.26086684135963534,33.13805874934163,7.567078688276895,30.638442858283607,13.266852083001591,1.0658429053629401,4.128114915929871,28.556280469186532,77.24004148113634,0.0,0.0,13.641736588003862,0.6370073855511751,7.0
118300,-0.5414483040231772,0.2541881328413192,-10.684581327149791,-0.008893588750901137,-0.010237276799050857,-0.23811400014387277,33.552966084124044,9.700957321475919,27.278581747715673,11.781695283047599,1.0658429053629401,4.128114915929871,28.556253157348163,77.24006592751647,0.0,0.0,7.9040994368587665,4.577579998561564,8.0
118400,0.08497001449299871,0.029166500059212397,-9.649582482022739,0.006616458875379248,0.010436658315234097,-0.254254701958035,32.87692656925733,4.62713312873787,24.60510750475724,10.29319862893657,1.0658429053629401,4.128114915929871,28.556260656990876,77.24004220393337,0.0,0.0,10.337766035025673,3.5295288109714447,9.0
118500,0.30652340805064093,0.22021842393818203,-9.571964789513734,0.006640957146085674,-0.003064107477365478,-0.2680744991644943,33.907781577459275,4.1123757176158335,30.585958351609012,8.806094458862384,1.0658429053629401,4.128114915929871,28.556240685066875,77.2399864811572,0.0,0.06390964514975386,7.824648368680671,2.218709965764207,13.0
118600,-0.07570818289593365,0.7686617898227596,-9.593234207093877,0.008165695553156667,-0.003907650282614917,-0.2759511267576178,36.49177236712485,4.367389642596244,33.47761879220112,7.2909946420065985,1.0658429053629401,4.128114915929871,28.556243038358083,77.24007041524118,0.0,0.8380337595372032,10.435562963965282,2.3065535688419603,10.0
118700,-0.02016083205533689,0.7188019514296016,-9.430449881422545,-0.019471546768444356,-0.00470413293474982,-0.2682071045985354,31.54749531333245,6.834094609008815,26.900639865940274,5.786649099061307,1.0658429053629401,4.128114915929871,28.556279467347665,77.24008096953214,0.0,0.9144750662016452,8.812417180490357,2.1637030073980488,6.0
118800,-0.2861893891919315,0.8539269204302692,-9.446247223912845,-0.01255779252899893,0.010259981544326486,-0.24252627150565176,32.84717710916218,2.9670811927503693,27.07087242803348,4.290719137477462,1.0658429053629401,4.128114915929871,28.55622710591507,77.24002218146906,0.0,0.0,3.77612064128244,3.2515585479060425,10.0
118900,0.20890654518132384,0.6227990522605116,-10.196570052268756,-0.009147045314838186,0.007198831643577522,-0.2452695378822429,33.480819116736726,3.3134647712842935,27.45169652025314,2.7926217716127066,1.0658429053629401,4.128114915929871,28.55628626337622,77.2400541031364,0.0,0.2927995651736854,1.7933199760052356,0.4121632323122624,9.0
119000,0.0036745434641410613,0.5899008329713061,-9.569690475483672,0.02034030556569746,0.014689073768607251,31.16626510939449,36.09665012748749,0.12459649540408224,24.849490464098213,1.3039820861599116,1.0658429053629401,4.128114915929871,28.556283559679468,77.24007639664957,0.0,0.0,0.05221955574910342,3.903351881283038,7.0
119100,0.29404429947751276,0.4959371575730591,-9.544501307542431,-0.0007766712501934511,0.014333268329906796,31.148208154893723,36.04074524375193,2.433665910644865,30.009121820836967,359.79456115162117,1.0658429053629401,4.128114915929871,28.556252222499722,77.24007845875228,0.0,0.8139850862515453,359.18810319779965,3.620996414464445,7.0
119200,0.5644070336835809,0.448930675381809,-9.673342316643764,-0.011922348168801541,-0.003242824408551135,-0.2738955529192211,33.14886375735579,-0.36047993049556704,29.146612132457218,358.2935477819976,1.0658429053629401,4.128114915929871,28.55627287600518,77.2400398568077,0.0,0.06614666351629947,360.76374384832303,2.591866671464729,9.0
119300,0.3053830270405762,1.716230260825235,-9.8193002083487,-0.005881235311813362,-0.0009731464518741174,-0.2560203066838605,34.88092793301401,-2.597056771092686,28.741209942836278,356.7792333300071,1.0658429053629401,4.128114915929871,28.556238198135702,77.24002435973624,0.0,0.019825929094816955,352.08334094504943,1.4407026727207501,13.0
119400,0.4087750446670432,0.6631938618197303,-9.41904676378834,-0.004095630196667344,0.022542353781921938,-0.25859080443129223,35.14216315276324,-2.531275946616568,31.206360895550603,355.2809218948734,1.0658429053629401,4.128114915929871,28.55627624427466,77.24005750071416,0.0,0.7378373209317957,355.84618044910195,1.9153981299894087,13.0
119500,0.1423590794217648,0.6379456890083413,-9.638338315748452,0.01313017931130138,0.026656569427039544,-0.2562339420744034,36.28793876022845,-4.079694557619661,29.039781188271107,353.7925262256438,1.0658429053629401,4.128114915929871,28.556317316128478,77.24007000630141,0.0,0.4596700791288298,353.0262131007541,1.303253476869354,6.0
119600,0.15310731577606052,0.8181385168769438,-10.325971801546297,-0.031993559680286485,-0.01852379014582565,-0.24791545627709088,36.73834774151492,-7.226622335012422,27.449439657156624,352.28691084246014,1.0658429053629401,4.128114915929871,28.55626414032885,77.24008918583422,0.0,0.5343453524041388,352.69914509375513,3.079823979831897,9.0
119700,0.2231195266260227,0.1786562063772646,-10.37238367588047,-0.005975703258631768,-0.007966114013362103,-0.1335934395425316,37.33338067363536,-8.110955841327549,27.682333038892406,350.7810749771313,1.0658429053629401,4.128114915929871,28.55617429316744,77.24003846184647,0.0,0.0,353.84025905633223,3.965731312886744,6.0
119800,0.048562645142479904,0.8676605427059889,-10.189123709030165,-0.005071687575646364,0.006177254836101599,-0.011655229229294618,34.71803747093168,-6.914324346298726,28.608911815436088,350.7842097625219,1.0658429053629401,4.128114915929871,28.55627734699361,77.24007745810061,0.0,0.3609793269959348,351.06986137037705,3.239476225242772,7.0
119900,0.3903151734001445,0.3206624518140972,-9.87728279224206,-0.00128487977798837,0.005178637411601967,-0.009475392614780202,36.704163460979565,-7.504825179476715,27.939283706975502,350.7781388115611,1.0658429053629401,4.128114915929871,28.556255786265126,77.24007265173803,0.0,0.0,353.75035908290124,2.773524726127067,7.0
120000,-0.28357855129272236,0.4252652772642328,-9.696599497248291,-0.013254784863366287,-0.013219476397926241,-0.003811070111264578,34.842953338624866,-6.164505099830038,31.188165989118094,350.7792171803578,1.0658429053629401,4.128114915929871,28.556259901448804,77.24001621335002,0.0,0.0,351.12216161074053,2.4020099066315552,9.0
120100,0.6733655378955538,0.8550853737400861,-9.849001321271665,0.015653569997098674,0.009731666106261144,0.012297460838198594,35.23613977016937,-3.6688560111296096,27.60423133870028,350.787570176306,1.0658429053629401,4.128114915929871,28.556308243885333,77.24009496955625,0.0,0.5359113336023764,349.68713697518797,5.9356640301448405,7.0
120200,0.2539095537744963,0.6460237881569251,-9.885122756082119,0.010801886307815312,0.016029890166692467,0.011210452887198664,32.95425743790193,-5.074316340204486,26.06504069448023,350.7875117564588,1.0658429053629401,4.128114915929871,28.556264241341378,77.24003097301578,0.0,0.0,352.849103452482,3.230905600480699,12.0
120300,0.14708450074023277,0.7904883064821886,-9.974541738039317,0.010240740019111724,0.0028775458623843285,-0.00694955201551017,34.698775039340845,-7.586645982856652,28.131395490677566,350.78211601965853,1.0658429053629401,4.128114915929871,28.5562596487534,77.24006057091846,0.0,0.0,350.7325384399804,1.4582380483158333,13.0
120400,0.35027585061271954,1.1495331209489412,-9.66069993011727,0.0012432296348100981,0.008852916851061283,-5.751309741074779e-05,36.394056406372954,-6.469416237503725,28.987528459973944,350.7693554467736,1.0658429053629401,4.128114915929871,28.556251861227793,77.24004522513889,0.0,0.020397021444144972,348.4294711862286,2.468410078860286,10.0
120500,0.5918113099369138,0.4863849565964108,-9.66810388785033,0.000812716409900404,0.03253087958331758,0.1879861138924722,35.172905098792,-5.606514418699723,26.74932455582899,350.78026405729014,1.0658429053629401,4.128114915929871,28.556306119472705,77.24003801795902,0.0,0.19473079974760665,351.1811078055227,4.110015203084261,12.0
120600,0.5541044406158919,1.13727182253194,-9.877100010606311,0.0026067319325979686,-0.001630982827346676,0.3896656183280785,37.75659905884687,-4.0704112850339405,27.147238896844986,352.99478438195484,1.0658429053629401,4.128114915929871,28.55623711555487,77.24008783205875,0.0,0.0,350.98521969887463,2.5675738127613013,13.0
120700,0.02730318974999678,0.791941069380534,-9.215154093323662,-0.006343234748667686,0.005312525191581889,0.3892854426077941,32.367989675828284,-3.973692867700599,30.270937407246862,355.2067652555192,1.0658429053629401,4.128114915929871,28.556240464225716,77.24000397991219,0.0,1.2849619349293036,357.59737703709857,2.50580732240546,6.0
120800,-0.3405616627165149,0.36277570962982464,-9.23266555779865,-0.008326264015421261,-0.0018938277600635814,0.38454993623788114,33.24973146171237,-3.0161506843381134,29.441937908027597,357.43254112444356,1.0658429053629401,4.128114915929871,28.556261037818665,77.24005988350685,0.0,0.0,357.4541809020501,3.601170828146678,13.0
120900,0.17426686567270858,0.29787047203448375,-9.973677252314562,-0.00842110143611283,0.009179647678123291,-31.032319168892744,36.310570115425,0.7102368840892885,24.83437106480666,359.64776770065185,1.0658429053629401,4.128114915929871,28.55626893700786,77.24005484997389,0.0,0.4981021333811738,358.59068287302597,2.910804868584792,9.0
121000,0.599689743878645,0.6399735977333264,-9.847642142574143,-0.013901981909853985,0.004994720495459975,-31.009273689861914,34.26740673534491,3.9781791056781692,30.35470184337232,1.8603322545654288,1.0658429053629401,4.128114915929871,28.556226514592563,77.24010731147418,0.0,0.0,3.924256224630192,1.341491238625538,10.0
121100,0.32141555915155207,1.0281548929612225,-9.86774566614143,0.005242231968722969,-0.0005380694932921792,0.41134914484315616,37.08788595391388,2.4911915054548817,29.2336411352658,4.07384828209823,1.0658429053629401,4.128114915929871,28.556310587447733,77.24001950879828,0.0,0.009124652430439143,6.315402944744594,3.3378520108066403,10.0
121200,0.7880803334380311,0.916245370623568,-10.50679025921471,-0.004377980665197242,0.011061612432464708,0.3790173523612453,35.702015790511716,1.3561067646478162,27.05441731578011,6.271893345298563,1.0658429053629401,4.128114915929871,28.55627878396714,77.24010151728795,0.0,0.6519170790661711,8.83915266903832,5.425008061392404,9.0
121300,0.15210731903730443,0.7429175023347623,-9.54040375308378,-0.008990816208864223,0.022921476812385093,0.3992369980014131,34.51590949893237,7.085558005201951,28.408932585634904,8.48047619594606,1.0658429053629401,4.128114915929871,28.55625242821098,77.2400300337706,0.0,0.0,9.8214554532132,0.6085359092551954,6.0
121400,0.0921399825273164,0.41690790148834833,-9.560424014562578,-0.01239097335419953,0.00040362777942911515,0.3944994704922118,35.35254204646295,7.042690796186613,28.710510250178597,10.69627464726261,1.0658429053629401,4.128114915929871,28.556288941278577,77.24008763582319,0.0,0.9875808076013063,12.172889934047047,3.998365431740397,7.0
121500,0.04554757236634102,0.4425766256016844,-9.946086287129376,0.021049347269570022,-0.024001812955102456,0.38797864873788995,31.207828067514615,5.505654094573865,26.102577780504888,12.91670139825792,1.0658429053629401,4.128114915929871,28.55622845420639,77.24008536886325,0.0,0.0,14.175287771986117,0.2525546746583349,8.0
121600,0.2038089546931596,1.2155668784476603,-9.926870303837221,-0.0034945211997713423,-0.010269637240264494,0.39316373488801504,32.81610092601604,9.965486253488702,28.894296651347847,15.14157069886392,1.0658429053629401,4.128114915929871,28.556270577321314,77.24005416143673,0.0,0.7263190360517117,15.600258391009822,4.6090331890668015,12.0
121700,0.0616494562265134,1.0806889875755603,-9.584586210920815,0.02238795448103474,-0.0053900398994510415,0.3703855348959459,35.85809399642122,11.824148688832828,30.256516828617702,17.359722001388253,1.0658429053629401,4.128114915929871,28.556230660985957,77.24001907467132,0.0,0.0,15.280524923664197,3.386166835876889,12.0
121800,0.010077339377694033,0.4913906295656455,-9.776846577723001,-0.0008046909712928663,-0.011732735469846739,0.3894851276959173,36.1069743515492,10.366222509136946,27.689467736014414,19.586464647978893,1.0658429053629401,4.128114915929871,28.556222473047704,77.24003320205719,0.0,0.0,20.328602200563374,0.09799080248266723,11.0
121900,0.4608576982369157,0.47369852264704204,-9.360635864134782,0.018495337862140093,0.009716587454640317,0.40379684493196466,32.500024582321025,14.433837021337494,26.72982807489292,21.79300282239782,1.0658429053629401,4.128114915929871,28.556285814018715,77.2400454225504,0.0,0.0,22.091936821451483,4.948726162600709,8.0
122000,0.18751351900401042,0.8500257982855186,-9.497935348782947,0.01601544099936776,-0.0036572987027930345,0.38938740237399194,35.21216319359149,14.947782479218786,25.50253839198394,23.99708302740514,1.0658429053629401,4.128114915929871,28.55628095467977,77.24012802865732,0.0,0.0,25.577233092990358,3.1680253558711517,11.0
122100,-0.31307089817160316,0.7338615094623684,-9.654645514521391,-0.0008229000907089288,0.0184992791413561,0.3946130683524418,32.31095413682008,18.420773834076225,29.023352781268326,26.21676096463996,1.0658429053629401,4.128114915929871,28.5562610710527,77.24005858807858,0.0,0.0,24.801891655158272,2.6853483918032772,8.0
122200,-0.08222577908464818,0.7547368402558956,-9.315444893888397,-0.0002723171915177689,0.012808371763711229,0.39067024425757263,32.229716113750825,17.815874058394662,31.12869100094224,28.42042627280701,1.0658429053629401,4.128114915929871,28.5562499027663,77.23995523313847,0.0,0.0,28.047063437840176,3.2676868499837584,9.0
122300,0.1803887440643449,0.7950524654293373,-9.746165529202537,-0.023424099816225966,-0.00526498795467806,0.3878678931623687,29.85493987726859,17.736601937495816,30.316235397356774,30.628215687292204,1.0658429053629401,4.128114915929871,28.556264971584678,77.24004354471019,0.0,0.6871849959568399,30.99834453038753,2.6412000059300813,7.0
122400,0.4136036191632564,0.48437665885222986,-9.770466624902975,0.006321929134629948,0.0007998492983762664,0.2003176904356335,30.981215171344537,18.698303573354877,26.349882805066393,32.84167535222409,1.0658429053629401,4.128114915929871,28.556253709335326,77.24002813712033,0.0,0.3809116159409385,36.46842266491529,1.548733395998238,8.0
122500,-0.5069671921783364,0.6024997420093736,-9.850047212978343,-0.014022909587411488,-0.0012835591525378253,-0.003462412513551758,26.42660853599787,24.673471119493605,27.512285614517904,32.84379438060786,1.0658429053629401,4.128114915929871,28.5562347197249,77.24001427763021,0.0,0.0,29.975017078683116,1.605419685821496,6.0
122600,-0.04749541695194415,0.7194506535216076,-9.366885370009417,0.00232298321228928,0.005276104917304851,0.0011355089154801072,28.75503794053098,20.962801818718493,29.12666564896457,32.85190930253702,1.0658429053629401,4.128114915929871,28.556269193222732,77.24006072861582,0.0,0.5181025861027071,33.721178519343155,4.15282268794619,7.0
122700,0.11639660656129142,0.7555229831302318,-9.798204654441655,0.0008566533494743646,-0.0250269176744703,0.002133104652663505,28.22183711701939,21.285885764709846,25.82010612578555,32.83898928218148,1.0658429053629401,4.128114915929871,28.55621823752324,77.24002194123297,0.0,0.021573416050001574,33.43293495252649,3.203305368193579,7.0
122800,0.5027353860153909,0.8400399052779535,-9.403490224862583,-0.010451900314813002,0.00656187764121204,-0.011719743319524724,29.198081471655197,19.322027264245506,30.468733509807624,32.839407201199066,1.0658429053629401,4.128114915929871,28.55626521868442,77.24006251135182,0.0,0.056139490223072706,36.09686673378548,5.710780139095618,12.0
122900,0.263384073187799,0.8064190131653012,-9.678886451532062,0.015347006442373943,-0.002083099136398105,-0.006961559510169677,31.188593258873063,18.894940092598457,23.955608336431336,32.83169702719346,1.0658429053629401,4.128114915929871,28.55622190134874,77.24009516661228,0.0,0.0,31.494552480006224,2.4913683418178056,6.0
123000,-0.18326978156891308,0.8332335690699479,-9.684002375921658,-0.002978909367406915,-0.013065673730014264,-0.010448336580890089,28.00234482313308,16.641542680042036,29.398941968861283,32.83735399854991,1.0658429053629401,4.128114915929871,28.556240608697564,77.24003492580628,0.0,0.7833218992738834,35.865481968792565,2.328261226634957,7.0
123100,0.09167806386316138,0.8684110764700473,-9.90289084959649,0.0010176909961660593,0.00022675113767658787,-0.009796163939298757,28.844105685088824,18.38465328975225,26.427514578537107,32.83642035136206,1.0658429053629401,4.128114915929871,28.556233751417167,77.24004816713716,0.0,0.0,35.319315937933936,2.839978074308031,8.0
123200,-0.03855145132603771,0.5698658985851264,-9.5508016623367,-0.010657634344772352,0.0038430246847425504,0.006017404089357717,29.525377976512097,20.11984553346097,28.807333116379173,32.82178488996769,1.0658429053629401,4.128114915929871,28.556312655336814,77.2400609653428,0.0,0.24389598690644743,35.94360294280929,4.037056794375004,13.0
123300,-0.004957207833990562,0.5565798259238887,-9.949718890817161,0.0009007970161460811,0.017423437883044044,-0.006094200468929959,27.981575116905532,21.664539117787204,27.253659952798603,32.822737222111705,1.0658429053629401,4.128114915929871,28.556237421667458,77.24007908301351,0.0,0.0,32.06789858219646,5.1017907731045105,13.0
123400,0.5140667724164958,1.120384059561081,-10.306190413142525,0.0035996292276461866,-0.003771350117251714,0.0034027014758857806,29.657367517516025,20.6444329816305,27.66687808933818,32.817625958128005,1.0658429053629401,4.128114915929871,28.55624952483433,77.24006994388984,0.0,0.0,32.72427552401833,3.943128752468917,8.0
123500,0.33712399977263513,0.8717132563863217,-9.45823230652548,0.017668269366800875,0.008658860800534901,0.017735382752457694,30.146564168966023,18.848547978974345,29.09815172293453,32.81104661846092,1.0658429053629401,4.128114915929871,28.556222142648817,77.24002445965101,0.0,0.512712254292425,32.245043966753116,6.383511708385534,7.0
123600,0.1424106226914099,0.7129709438752028,-9.5638760383372,-0.0006571921542542309,-0.00463553293726797,-0.18389583799601347,30.886717894980944,20.900329361528005,29.38090932920925,32.80644650071781,1.0658429053629401,4.128114915929871,28.556284838575223,77.24005853284739,0.0,0.0,34.45366204002825,3.6815198647248586,11.0
123700,0.9013431664204451,0.17957873960859105,-9.53584274429959,0.01657159825117514,0.013380357087480265,-0.3295653222457031,26.673306619443935,18.643245708230086,28.367928346612626,30.73865752893475,1.0658429053629401,4.128114915929871,28.556340748905335,77.24005649520525,0.0,0.0,28.003278875025032,1.9017479307604992,13.0
123800,0.1770593539297245,0.6260221545994139,-10.04065514680816,-0.009094633212903214,0.003347894738961673,-0.3512670058589665,29.858313371205444,17.24380689754863,27.93771165067269,28.66741182077446,1.0658429053629401,4.128114915929871,28.55625065750302,77.24008156823882,0.0,0.0,28.53798923021771,0.9890177437078522,10.0
123900,-0.2414772073633916,0.5607736818900076,-9.467627926617308,-0.01560851409867198,0.0021844299681741167,-0.3644693382867739,33.863398777365646,17.32579727961744,25.925489004473807,26.61138569702132,1.0658429053629401,4.128114915929871,28.556307835092547,77.24006827244,0.0,0.0,26.772801805479276,3.5276582802939327,6.0
124000,-0.05127394154401464,0.7203499231058788,-10.116241181954114,-0.002249328806960066,-0.002800434106281212,-0.3595768958312057,29.995884917668434,13.137817370096723,28.487535675125578,24.544286535835894,1.0658429053629401,4.128114915929871,28.55626817972765,77.24009404573697,0.0,0.0,24.504874102945774,5.0074779362098045,6.0
124100,-0.2793934466808026,0.9004413727007411,-10.10292225996697,-0.013166259305102408,-0.006469464376236332,-0.36406019911644716,31.08053915691206,14.12745646349326,30.73539693253929,22.483160142173872,1.0658429053629401,4.128114915929871,28.556247475860147,77.24009295282005,0.0,0.0,25.22010935642998,4.194088583322324,6.0
124200,0.328429138919164,1.1407934503213237,-9.649159693815072,0.0057883217101775426,-0.0008042313420240678,-0.36454886487835414,31.0847581044977,15.152132783429686,28.90446601310285,20.412006320634386,1.0658429053629401,4.128114915929871,28.55626997202067,77.23999915357479,0.0,0.9135835809273974,22.890018112499643,3.1683657959520004,10.0
124300,-0.46888398312440305,0.14218947132910553,-9.879069038710018,-0.0034066061022213533,0.010678173388457519,-0.35811033072948756,34.154441298134124,9.757410266553604,29.4101265023189,18.349540811028653,1.0658429053629401,4.128114915929871,28.556214736363014,77.24002611708397,0.0,0.0,17.306865662001236,3.169701972493369,10.0
124400,0.3112152050103914,0.5809307613432017,-9.973352021072676,0.02699118774846687,0.014725770264127188,-0.3655677855537395,31.36769221483815,12.794818815826321,29.49665510213576,16.285040580074515,1.0658429053629401,4.128114915929871,28.55619444551391,77.2400847140782,0.0,0.48212683638849363,15.265301832885836,0.40012414481859837,8.0
124500,0.3306157810551456,0.6756304774984849,-9.837546552707012,-0.005274000549943378,-0.0024020352221503774,-0.34710479303583136,34.42029739137456,8.17990251972816,29.05710527136597,14.214937461301421,1.0658429053629401,4.128114915929871,28.55629711375431,77.24007332174108,0.0,0.1751093602254187,16.196471826420815,5.142411180218151,7.0
124600,-0.1982944874233066,0.204446990417343,-9.88115150274636,0.0012736721390713818,-0.000703677961376113,-0.35114500602126464,33.214597368981536,8.590428072311552,28.37788204566989,12.145395118415502,1.0658429053629401,4.128114915929871,28.55630727525091,77.24009193462626,0.0,0.0,13.680887437279155,4.924494280935274,12.0
124700,0.20054772699041076,0.4322983161282272,-9.280798006179406,0.016534003031756395,0.01686302327186821,-0.20008259677881712,32.235118112035636,8.12937714874433,29.038278169167686,10.066856421990488,1.0658429053629401,4.128114915929871,28.556299221024165,77.24001856325175,0.0,0.0,9.647274307086455,2.7963315722589055,7.0
124800,0.2245737183387649,0.5006032023605652,-9.332773261357703,0.007122701087217495,0.003485676152378017,7.645826808541038e-05,33.37839091757654,9.73442572227781,26.099380434428696,10.064327874280167,1.0658429053629401,4.128114915929871,28.556237093261313,77.24006053147116,0.0,0.1857706362617754,11.389834319741938,1.2954898855521995,11.0
124900,-0.45004834939219973,0.4473392328274556,-9.437225629586655,0.013120800598778022,-8.242363122286638e-05,0.0013817556270668235,34.363705955278924,4.800028805150994,27.68544902399264,10.064793817838384,1.0658429053629401,4.128114915929871,28.55629068665354,77.24009724531508,0.0,0.4040248706706765,8.979869347146282,2.8859072742602643,8.0
125000,0.10785694646887709,0.6154698178259139,-9.786141177702895,-0.01762941408824902,0.0020187901519766608,0.010401310173095063,34.91684835334767,5.515933333340417,32.71201459969184,10.080464931065478,1.0658429053629401,4.128114915929871,28.556292935417364,77.2399842369581,0.0,0.08376719860835713,5.434669377417409,4.662646698944375,10.0
125100,0.6077704405756073,0.6599139034269191,-10.349122220788242,-0.01018047177656388,-0.003715362804510917,0.006159264694894813,37.439453111482194,5.111952232631033,26.37152453387489,10.07200075791552,1.0658429053629401,4.128114915929871,28.55629871104612,77.24006792365542,0.0,0.9755956036486861,9.455373693789994,3.9893333735992753,9.0
125200,0.8430478100314134,0.361017042446203,-9.812786018478262,-0.004099700722609101,-0.005251481268037071,0.00981402702309896,36.07060027809861,7.237955163317525,31.19672917104205,10.072927521246815,1.0658429053629401,4.128114915929871,28.556281243956875,77.24007047897354,0.0,0.7607329031162678,8.453234946810644,0.6063869633011225,13.0
125300,-0.206846052596151,0.4876936774701547,-9.941840198259108,0.020103300358912418,0.017812417732949344,0.02028394877582416,36.419662125425404,5.982449685101669,30.47854359672424,10.07162998016589,1.0658429053629401,4.128114915929871,28.55627821087984,77.2400904902434,0.0,0.0,12.274914297565147,2.4168362574319535,10.0
125400,0.046547845435773116,0.7724467042704006,-9.73530774826268,0.015129310802039858,0.0073335616085325505,-0.005600186464767093,36.262556944698204,5.179920968478608,25.146305494535824,10.047449889391888,1.0658429053629401,4.128114915929871,28.556277061150432,77.24005088608644,0.0,0.05174889989254661,9.259848829596548,3.500323703495624,6.0
125500,0.28643277601390943,0.7686794318157956,-9.388835091257311,0.007101404572305505,-9.341565964043029e-05,0.013223329690894674,35.54445580178302,8.341242708494335,30.433259148685185,10.035504934188188,1.0658429053629401,4.128114915929871,28.556267813027194,77.24002215017211,0.0,0.0,10.668184562259494,3.1914301541977586,13.0
125600,0.10639345727107125,0.2783367561864444,-9.856788357573071,-0.00111884448012274,-0.002774435251989513,0.012345752351241222,31.093802875869677,5.402980466453743,28.963333463270896,10.033402984870781,1.0658429053629401,4.128114915929871,28.55622234197945,77.24007187306562,0.0,0.45567339905838355,8.745671469810475,0.9185007391706703,12.0
125700,0.38915056776012824,0.6382798953342957,-9.609323857429874,-0.004858636774469751,0.008053656942560692,0.0008132053623122578,34.79308665505562,3.058196692733537,29.606130658376866,10.035628817670124,1.0658429053629401,4.128114915929871,28.556204489872638,77.24003450719162,0.0,0.6574709940138093,8.399098665366184,4.4732301675508666,13.0
125800,-0.06524956071299656,0.3394528723850466,-9.364366087789552,-0.011624597761725114,-0.0071099948436715394,4.1819166057797735e-05,33.78241424334366,7.347031544631708,28.303349782445018,10.019398769507122,1.0658429053629401,4.128114915929871,28.556299537260493,77.24004434606448,0.0,0.0,11.228529655652595,3.2583447203120377,12.0
125900,0.25384345263814473,0.7162687491285056,-9.95631252217381,0.002171192265942318,0.006132635772264223,0.00867065098926435,33.679332610336175,7.8573688018179,27.979288848126053,10.023337632986003,1.0658429053629401,4.128114915929871,28.55626623480902,77.2400641224195,0.0,0.0,9.45702297358634,2.3942640209169563,11.0
126000,0.5118145394243325,1.0859906257115255,-9.161798001747158,-0.019385415721027942,-0.0016371341903031952,0.0030479648864728667,34.37743774477649,3.5133274210903505,29.815147077188854,10.018372679051684,1.0658429053629401,4.128114915929871,28.556315342352217,77.24003804743548,0.0,0.0,8.217219963164231,4.133293794390377,7.0
126100,-0.09101887508529258,0.11124286406010997,-9.26727493695878,-0.0005706775301689785,0.019192734143605512,0.00494963013033306,38.556150119060554,3.800191868111576,26.83123656482392,9.999520918009175,1.0658429053629401,4.128114915929871,28.556267946264004,77.24004379973583,0.0,0.0,8.002229311756958,3.299170970651904,9.0
126200,-0.05166233573497722,0.5518234170813755,-10.100561368441483,-0.0010731240396711817,-0.008829954297152921,0.007236534353681984,35.890257477194474,6.185069138568419,28.794352774645667,10.00917466550787,1.0658429053629401,4.128114915929871,28.55621325509385,77.24002118343296,0.0,0.8558471922155505,7.589242764147968,3.2987440249121374,9.0
126300,0.042613438062699044,1.1481750094182477,-9.4707116035018,-0.0018517549013641397,0.003443838084225624,0.0007046364888314872,35.382486510947444,8.776330782115473,28.649921997428603,10.021986149059114,1.0658429053629401,4.128114915929871,28.556274773018455,77.24005191363652,0.0,0.0,12.746060421348847,3.2275685327150336,12.0
126400,0.04205275381233968,0.7560651003469754,-9.686455829624027,0.003973396593984769,0.004649781894138571,-0.1611860069308061,35.371434897694485,7.991880343002364,28.28648573898679,10.01418177788872,1.0658429053629401,4.128114915929871,28.556264923037027,77.24002950113565,0.0,0.003371377219493163,8.999327760397797,2.602348302435513,12.0
126500,0.09537594667047244,0.4126101834227439,-9.433370820737585,0.005568174271838445,0.00936964299864151,-0.2789539367364871,37.19755400022611,6.634846228334904,27.81420473342414,8.357728657693693,1.0658429053629401,4.128114915929871,28.55625796413477,77.24004976510871,0.0,0.5822607401600641,9.0307015368969,4.449556946424364,9.0
126600,-0.26103490686362263,0.4911211073634457,-10.292604964491883,-0.0047390406767518845,-0.010188599651548322,-0.31475200904656647,35.86269480846776,4.798159685919395,30.33297759018472,6.688059668623557,1.0658429053629401,4.128114915929871,28.55619547262608,77.24010064594678,0.0,0.0,6.061066582919832,2.109140994337151,8.0
126700,0.10771019794328596,1.1639524238034546,-9.503185444160751,0.0008267510728723304,0.014237410609741399,-0.27328345485119826,32.062181493546866,5.252716861201613,27.677697538074117,5.029157581612258,1.0658429053629401,4.128114915929871,28.55626583602666,77.24007915535263,0.0,0.3772604430526928,5.938741222904915,2.1180075006810073,10.0
126800,0.5410853403413506,0.7904319982006196,-9.857494015236133,0.0021665754014718644,-0.011866193540125781,-0.2966801652785739,36.64277085664629,0.5449119802414293,25.659955055546114,3.3603255820769933,1.0658429053629401,4.128114915929871,28.556273725794803,77.24013006522223,0.0,0.0,4.803655835448151,3.1063389214079598,13.0
126900,0.025145405578629626,0.9808760468093487,-9.246779870695642,-0.011562897031238601,0.007114788946005611,-0.2879448240690052,32.32409216625702,2.010956899228738,27.73259631668045,1.6922059336378164,1.0658429053629401,4.128114915929871,28.556252650826643,77.24011961480117,0.0,0.0,0.7316773438580253,2.7589329883366336,10.0
127000,0.13686821798362073,1.357718702849806,-10.02123674116897,0.0020515121303171574,0.003648672769950641,31.126515803840366,33.497939427057005,2.037561663803369,26.818770830833383,0.03299990566213728,1.0658429053629401,4.128114915929871,28.55624414855987,77.24001289508408,0.0,0.450551316162011,-2.5976660839795667,2.3434815974209715,7.0
127100,0.05736828470663803,0.5216146062328804,-9.515628148215258,-0.019499604531463672,-0.006538389092000443,31.122940820919073,37.284646932476214,-0.15290042174477303,27.2417108496393,358.37282661479634,1.0658429053629401,4.128114915929871,28.55626118941718,77.24003225936785,0.0,0.0,360.1571463820858,1.5781798166271717,6.0
127200,-0.10876847201404224,1.1597068684888514,-9.880561524573306,0.0019488125801361148,-0.007956886393190091,-0.28824689449006374,34.28710213505977,2.4843382053582794,31.83807355995454,356.711661413071,1.0658429053629401,4.128114915929871,28.556299383143603,77.24007496458945,0.0,0.0,355.3890590773378,1.741278388838172,7.0
127300,0.40517218770755314,0.7645783183974633,-9.38804872304527,0.013746911144309593,0.013460879355823286,-0.28418144975346776,37.01406244348889,-4.760096444895777,23.3200865804072,355.06304967701305,1.0658429053629401,4.128114915929871,28.556302602696967,77.24006251164485,0.0,0.20584952104087426,353.05852484697846,4.861072877445399,12.0
127400,0.4794191612429203,0.025851146332026897,-9.93790472406937,0.002396710990352066,-0.008568076986039997,-0.28728590625738504,35.81108587741528,-4.454714176240631,27.912558958227383,353.3940335031834,1.0658429053629401,4.128114915929871,28.55624365637014,77.24007634264252,0.0,0.0,353.2156599116668,4.75889317292988,12.0
127500,-0.21232609628282975,1.2952850995126328,-9.438347829370343,0.011051373455405439,-0.0034666248463792954,-0.2991196075301145,34.27242511762659,-4.97381818287832,28.842922996431735,351.7268503308804,1.0658429053629401,4.128114915929871,28.55626971088631,77.24004072151276,0.0,0.0,354.80137076262935,5.793343489026725,12.0
127600,0.6414007628200427,0.697878196744542,-10.24219034483194,0.0029341012550552024,0.007909971850200133,-0.2986377951625005,31.715477076941042,-4.061798924518819,28.54974678672282,350.0503715125678,1.0658429053629401,4.128114915929871,28.55630852617036,77.24011002676303,0.0,0.478801639409316,354.61266058189835,5.19974311464977,13.0
127700,1.1291621452896725,0.25470903875279277,-9.888225571632988,0.01838078269423804,0.014582838711083217,-0.2933868306546978,34.76941028455563,-8.486448877725147,29.595741100462376,348.38909498058484,1.0658429053629401,4.128114915929871,28.556256622677466,77.24010569185917,0.0,0.09455551204096968,351.5577364826931,5.358960796427675,9.0
127800,-0.43807060844914925,0.6108840368142283,-9.27645758373846,-0.006222053763146699,0.007487842735301906,-0.29236656804732225,33.81730780730279,-5.684227538704425,28.369573360606083,346.7130984100381,1.0658429053629401,4.128114915929871,28.55622237432721,77.24008608127716,0.0,0.011430209100307395,349.2542518548921,5.28796290700153,9.0
127900,0.27597266140139376,0.7395916236766403,-9.90249345662921,-0.008224855311294601,0.0017379867060049337,-0.28803516658400974,33.24472944127687,-8.966913468315822,29.871101461299563,345.04121409191856,1.0658429053629401,4.128114915929871,28.556244266256876,77.24008238522322,0.0,0.0,347.51884917379385,1.029974604749578,13.0
128000,-0.3340946051836141,0.5938804038041353,-10.482138840199218,-0.001602550392236128,-0.008189366401214121,-0.27276334721118733,34.59018473941576,-14.535834071852001,29.980718131395733,343.37617708130756,1.0658429053629401,4.128114915929871,28.556247793298578,77.24005518303369,0.0,0.19298670545225657,340.6635363819821,0.20207901865511024,10.0
128100,0.5089606941612019,0.6636103061455285,-9.39632914471219,0.00984886477753439,0.020169221865186982,-0.14410898675911757,33.314288829008376,-11.363400984840005,27.31799253097466,341.7408311584787,1.0658429053629401,4.128114915929871,28.556260752990017,77.24003772883901,0.0,0.10817287499482185,343.1416799596859,2.999032921729744,12.0
128200,0.34930925750286057,0.98455031297294,-9.725340554697391,-0.0006982816832547408,0.00034984677781847457,0.002680739057737033,33.142053493462946,-12.700598825603695,27.65912999262934,341.73617384360995,1.0658429053629401,4.128114915929871,28.55626967198593,77.239998944647,0.0,0.4196126511724286,339.99042507994244,3.425555901254305,13.0
128300,-0.20083842484037676,0.593020563480385,-9.378133540850682,0.012257368315074606,0.032152124928896374,-0.0029475588991531654,32.907907523760265,-9.788196084107879,31.368296665090483,341.7390543585973,1.0658429053629401,4.128114915929871,28.556260605098064,77.24006344870884,0.0,0.0,339.5811105355597,0.9993989723804737,8.0
128400,0.4873767057594991,0.5585743153505456,-10.138329352884636,-0.0016625984406811781,-0.008563750997403356,-0.0034214196802278213,34.92961331176325,-9.525588920329733,30.111629722063423,341.74568952879645,1.0658429053629401,4.128114915929871,28.556234580402023,77.24001042108308,0.0,0.0,341.5859229551763,4.223892313963484,11.0
128500,0.014315729356631113,0.3246800315035419,-10.30980912071655,0.005818275952868583,-0.0074062962147362086,0.0023759406932255893,33.22107847167962,-13.531433857593974,26.411171901783142,341.73731878898525,1.0658429053629401,4.128114915929871,28.55627803752796,77.24008448755406,0.0,0.0,343.97457738365534,2.543229234603788,7.0
128600,0.5861554354898576,1.1622568091977903,-9.756726863728034,-0.0027092824953531486,0.013673185335578,-0.009353599070239062,33.10599445142541,-11.43462057473149,25.52951784987293,341.7261774976553,1.0658429053629401,4.128114915929871,28.556279947533337,77.24006681636251,0.0,0.7159505277415538,343.5930454703151,2.5061927254902967,7.0
128700,0.10330317739811687,0.5979089960992543,-10.257156318254193,-0.013170027868935858,0.009298831030428365,-0.0005836162932877568,33.49213537637357,-11.385417241512865,27.945156628518063,341.71473389833704,1.0658429053629401,4.128114915929871,28.556191439878244,77.24010808207217,0.0,0.3157185384724116,339.05208733076284,3.725082694671334,6.0
128800,0.005964147397901243,0.34783707804093245,-9.527669070786967,-0.0012324218600677818,-0.0002241082536245829,-0.008061415925771098,32.67056670337665,-11.808653239002194,26.364344291644024,341.71317089690683,1.0658429053629401,4.128114915929871,28.55623007279241,77.240060820623,0.0,0.5924194016334406,343.1962452640644,3.792425154228707,7.0
128900,-0.04073551644662121,0.6941966046840088,-9.882821718224534,-0.011490917462316431,0.011651598607706207,0.009357429252293423,29.209632748718274,-13.801764484005652,27.16769454739268,341.7062023423754,1.0658429053629401,4.128114915929871,28.55628950916121,77.24002600444346,0.0,0.01090378945138336,342.1578529755722,1.685795109464168,13.0
129000,-0.3624290694080803,0.3640246381370757,-10.199875386024639,0.012825812254166107,-0.0005425808772320994,-0.0037493470307070993,32.51703152527863,-12.682914869038026,28.666053206945808,341.71495954029507,1.0658429053629401,4.128114915929871,28.55624901438213,77.24008346965975,0.0,0.0,341.74877544753843,4.54334995894468,7.0
129100,-0.11859244736797117,1.2410259606548295,-9.97696649077517,0.01665067464450763,0.02059980531275917,-0.010824209220623719,33.761539330069056,-14.119020326715352,29.212458822354833,341.715382874876,1.0658429053629401,4.128114915929871,28.556282662453487,77.24001886721058,0.0,0.0,338.4165174123947,4.00943146884293,8.0
129200,-0.21174614213268236,1.2183674559667663,-9.99916971514074,0.019026096814470605,0.015582089827105357,0.012148423765377173,32.67033456889818,-10.383043875202493,27.523034437390915,341.70621440965664,1.0658429053629401,4.128114915929871,28.556284339237404,77.24010864094647,0.0,0.0,346.617121479575,0.46945138709650713,9.0
129300,0.37297054721588196,0.8462402917771676,-9.589510777727142,0.01339380570746112,0.012706998247338161,0.015855331264964443,34.021674700982516,-13.270219361428827,31.847241639964437,341.7005721605042,1.0658429053629401,4.128114915929871,28.55631508018524,77.24006192535809,0.0,0.47870055783902365,345.0295176759144,3.2283455224882114,8.0
129400,0.11040357554714757,0.19092952989051643,-10.153585922336859,0.013561378460154754,0.009163154789310134,-0.010019798736994073,33.75053357600779,-10.55679155332253,29.820007842456313,341.6887588489785,1.0658429053629401,4.128114915929871,28.556270192103245,77.24005455555975,0.0,0.02431068104314921,345.19217626416514,3.6014687192173085,7.0
129500,-0.6789807620389748,0.38124205851880416,-10.439527431446056,0.00020720238443471786,-0.004586835645536182,-0.008373622974566158,33.523757620129615,-10.21495789696671,27.63680655697293,341.68061400747877,1.0658429053629401,4.128114915929871,28.556284954475093,77.24007858094814,0.0,0.35562934564015075,338.1659906526121,2.9843767709060263,13.0
129600,0.28661842462967246,1.1488494207202613,-9.537748469266415,0.010375479423925239,0.0020673454726541215,0.025183240911208177,34.832902830556385,-11.829815819670774,29.60269608250632,341.6782506828965,1.0658429053629401,4.128114915929871,28.556293810267846,77.2400671646792,0.0,0.0,342.51502119601815,4.583710222073607,7.0
129700,0.7108406329361453,0.5478077150609264,-9.823853472203936,-0.01732632339572013,0.0029310050012128436,0.005951321738624577,31.558008158712816,-10.760139881553112,29.08330847968062,341.686192277488,1.0658429053629401,4.128114915929871,28.556237115964095,77.24009915302345,0.0,0.1972352385425189,341.2968384971765,0.3084420029102688,6.0
129800,0.06630068260560576,0.6989856638188502,-10.000056267523522,-0.013833485739641858,0.014741232508997885,0.007414979326739198,34.84029529391301,-10.903725242035986,30.923381294082258,341.6922517691027,1.0658429053629401,4.128114915929871,28.556293231941808,77.24006961522755,0.0,0.20373117182548406,340.21928965759383,3.228788060179923,10.0
129900,0.1899008768666943,1.2364981501963321,-9.872327485074388,0.004278382116097096,0.018234275765489045,-0.006080940837757864,34.5377734845518,-12.861682582853712,31.157352233398345,341.69917228597836,1.0658429053629401,4.128114915929871,28.556191401841584,77.24005596650295,0.0,0.15201217606179757,340.95196358119233,2.0475482412640496,11.0
130000,-0.3066033078119794,0.6220101457011094,-9.776593146906984,0.005453685769001659,0.019381397499578457,-0.00503665470811195,36.45487208339128,-15.251351248644244,28.02296262165919,341.68744391185885,1.0658429053629401,4.128114915929871,28.55627066000998,77.24003129345319,0.0,0.0,340.8093173126047,3.0961163646314374,12.0
130100,0.4442348880823953,0.8873416522646429,-9.676204657442705,-0.0029244900926921847,0.0074419306743105755,0.004201988817277717,34.591985170086865,-8.371554703989469,25.823777374926443,341.6863750644094,1.0658429053629401,4.128114915929871,28.556272249094587,77.23997970905795,0.0,0.0,339.74947644344405,1.0395692569594022,7.0
130200,-0.151583932244906,0.9423790463456994,-9.413949056325555,0.009757297880064335,0.004807220545639152,0.01001761041734121,31.347001874707974,-12.86169259973319,27.2622285649419,341.6858549052747,1.0658429053629401,4.128114915929871,28.556287369851983,77.24008419589262,0.0,0.0,344.6474498236487,3.6830700934320877,6.0
130300,-0.029220642543711317,0.46937002085713175,-9.99369470846392,0.021753994389069147,0.018446936884257643,-0.007016042171348376,36.233453049365444,-13.90902470189296,25.707824928783364,341.7012462926222,1.0658429053629401,4.128114915929871,28.556237845187894,77.24005866232899,0.0,0.34201766370587044,341.6010943288508,4.0770204468388975,9.0
130400,0.23791184790934913,0.5716822067062356,-9.909574744985706,0.013451176317828023,-0.018212787198531727,0.0009867745677861887,32.269361419982424,-9.450691021005635,26.859525660035413,341.69153734428363,1.0658429053629401,4.128114915929871,28.556261749720036,77.2401141711696,0.0,0.00666687787966766,341.68440730170977,1.5657703190741934,8.0
130500,0.021030370589525366,0.37357380357421155,-9.754992273307247,0.008706937493501838,0.01640853674742953,-0.003597269812109439,35.273487141817824,-13.06355277932473,27.541448913559517,341.67939482628015,1.0658429053629401,4.128114915929871,28.556257104949708,77.24003270885295,0.0,0.1608895826821684,340.4851887553353,2.2736684574429193,7.0
130600,-0.14980226288013446,0.7609535380996231,-9.542525067274422,0.0038724832698651232,0.014699338951661648,0.022107444534348746,32.87258963816613,-11.676654621075084,25.73080143828076,341.66818575987656,1.0658429053629401,4.128114915929871,28.556256759938936,77.24004420101119,0.0,0.0,342.1156535441738,6.721871255109781,6.0
130700,0.11383277714535187,0.10623234252760716,-10.001615689762717,0.018255820339246855,-0.006499059444558054,0.0041070745410061735,33.95896847973643,-8.186620163313048,30.331712791983332,341.67353915364595,1.0658429053629401,4.128114915929871,28.556264404710785,77.24001938236769,0.0,0.0,345.14604186118976,1.3831610878733929,8.0
130800,0.4277385504771505,0.8208509145866604,-9.638462810816105,-0.009229755150634324,0.00999480792668629,-0.006310217255045248,33.487035344323445,-11.397430503397512,26.64317813561825,341.6763998316198,1.0658429053629401,4.128114915929871,28.556282496551127,77.24000663368894,0.0,0.1746739789799984,341.52666622421384,2.6217544984112626,13.0
130900,0.23321495363196298,0.5638108513203285,-9.733783745648404,-0.009946261533619015,-0.01303769293970165,0.004739600356837617,33.9513863237122,-9.00331481207524,27.969853271732788,341.6899610998009,1.0658429053629401,4.128114915929871,28.556282628987734,77.24006048455156,0.0,0.0,344.80163872343934,5.773791156530805,11.0
131000,0.6416271933851456,0.8179462732850507,-9.907140459914553,0.0017709725289809359,-0.009912876868707527,0.00025598238536694146,33.88566319069874,-14.431462341672633,26.2576375205056,341.6675634778959,1.0658429053629401,4.128114915929871,28.556305512493086,77.24007013734133,0.0,0.1430843204405933,342.1475821166271,0.46846336141402345,11.0
131100,-0.07895116623808879,0.41078756692085694,-9.555612281462903,-0.0024283839147678007,0.008859855785149952,0.0020670796228203486,33.86242228047301,-13.122535976289727,29.431752571250623,341.6673099653973,1.0658429053629401,4.128114915929871,28.556266978165283,77.2400370250221,0.0,0.9283594561020707,344.7571469964328,0.9300914659021,6.0
131200,0.1894089276135499,0.3669982898014046,-9.586033059612294,0.002233962993759834,0.008092337924713373,0.01398336876596774,33.39005247449082,-12.051317009255214,27.594696054025523,341.67678110514794,1.0658429053629401,4.128114915929871,28.55628143296528,77.24007694829857,0.0,0.4964124422288429,339.52325859846445,0.561140071976924,6.0
131300,-0.08319864497875006,0.11735415068588129,-9.869689866801,-0.0012440685925155476,0.0077116683730511035,0.0007533285171086115,35.25083061530975,-12.090882782151688,31.91737995401829,341.6624205810308,1.0658429053629401,4.128114915929871,28.55628073593015,77.24002650992117,0.0,0.0,341.21201313056775,1.3966896086096403,12.0
131400,0.05054924585825683,0.08628532060127103,-9.734975446139588,0.0010853386180883248,-0.004698971607054968,0.010091484947037157,30.953828120396707,-12.75719994191454,30.770344364601414,341.6645122952242,1.0658429053629401,4.128114915929871,28.556283067060807,77.2400793804484,0.0,0.0,339.08037427207205,4.584551696264961,6.0
131500,0.025874712060280136,0.750003533786353,-10.28321323320566,0.022279554916983545,0.009388020663650538,-0.0067215772376668865,31.410664694881685,-8.476397019711662,29.54689338705225,341.66069811053677,1.0658429053629401,4.128114915929871,28.556262156034744,77.24009294572299,0.0,0.6279701215691929,341.4340803614876,3.044098083869181,12.0
131600,-0.49274540343128737,0.5873860353019171,-10.0219807708946,0.0007130658106415731,-0.034498959689256474,-0.004301970901816183,34.27199075055363,-11.543145712263176,28.00463303750532,341.65629885184603,1.0658429053629401,4.128114915929871,28.556243899813364,77.24007630703063,0.0,0.0,337.67836387323445,2.438039445742714,9.0
131700,-0.013550187254075304,0.6451423550141897,-10.308349059876646,-0.002805779128508189,0.026251562167681368,0.010867419960422318,33.76390091095194,-11.379141808330662,29.041368471032587,341.65159911971796,1.0658429053629401,4.128114915929871,28.556290364724703,77.24009832932376,0.0,0.0,339.93948354907303,6.110576195720412,7.0
131800,0.4954457090531079,0.2851891557081268,-9.84370640710532,-0.014696935494359818,0.00012553990936521597,-0.0020754315310315408,31.492581910860782,-12.896560958086623,28.919986662180108,341.6370651248115,1.0658429053629401,4.128114915929871,28.55629942960031,77.24004063840192,0.0,0.2548125306521961,340.16865775937237,1.8232351824633088,6.0
131900,0.4333164684379738,0.6673840566349492,-9.96395853312648,0.019178435208049023,0.026141669103686507,-0.22847660659217936,34.452675919830405,-6.455548000364965,29.189649966887984,341.6462904354954,1.0658429053629401,4.128114915929871,28.556276311919767,77.24008329547193,0.0,0.0,342.1003115801699,1.933759183027215,11.0
132000,0.46808763428147004,0.4768784362673739,-9.664257758645292,0.009284604860489484,0.00014259499876103157,-0.49562588389141027,29.84812056082617,-11.353004763968558,28.254669722404685,338.784715730475,1.0658429053629401,4.128114915929871,28.556311382350398,77.24006037592963,0.0,0.0,337.6235979331291,3.304136456948034,13.0
132100,-0.5469333044766973,1.0402825136367346,-10.237108838054828,0.008864983963863662,-0.011706888750442412,-0.5005412436902884,34.576318909625314,-12.968596621249805,29.649599044409484,335.92511694468135,1.0658429053629401,4.128114915929871,28.556259763920597,77.24002735223483,0.0,0.0,337.11685694077363,6.732905275245344,10.0
132200,0.10686296544223836,0.04913613670062611,-9.300608948218649,-0.008599376351321228,-5.412243422457403e-05,-0.5013836779843891,33.127039785885444,-14.411863422531084,26.836901004898344,333.054884983034,1.0658429053629401,4.128114915929871,28.55621817182344,77.2400404970364,0.0,0.4107081670505531,333.30660833747044,3.1305375455265354,10.0
132300,0.2211742439827057,1.0390301002855051,-10.154658433048322,0.010041610832542569,0.0016842192320404262,-0.5096591053091899,34.356981084994956,-19.242782109309033,27.423877100442716,330.20008365247594,1.0658429053629401,4.128114915929871,28.55624283919993,77.2400450532389,0.0,0.36934691671490355,330.1345036325006,1.8229729035402056,6.0
132400,-0.19280560490856968,0.6749526142269404,-10.066600298278937,0.0011394265355854842,-0.0018367115115997769,-0.495344934266588,30.272596864221853,-19.296480062105765,30.856092190335527,327.3266811962718,1.0658429053629401,4.128114915929871,28.556253875084515,77.24002374463488,0.0,0.0,328.11749130291236,3.644613715020579,8.0
132500,0.25640919628062,0.6545432457929151,-9.5337574096232,0.007864512785400998,0.004484069350342288,-0.49361783451044383,26.657925224131326,-18.476805424642468,27.451937717511836,324.4822392058871,1.0658429053629401,4.128114915929871,28.556252894366168,77.24010302465096,0.0,0.0,324.11891396818373,3.27318276213028,9.0
132600,0.6052771531546526,0.4734426597525724,-10.006365903697844,0.004817690045562165,0.03161507092649038,-0.48079300506677297,24.75163961119556,-24.408059279357264,28.25325194960315,321.62718825361276,1.0658429053629401,4.128114915929871,28.55631025230818,77.24004012100242,0.0,0.0,319.1927252568738,2.7867349380916506,9.0
132700,0.26400597231114076,0.26183851408876363,-9.349898190190094,-0.016055829660322554,0.004108451326247764,-0.5059766813716424,26.478929911143798,-21.406420377704947,29.572603387586124,318.7391164373152,1.0658429053629401,4.128114915929871,28.556268234344362,77.24005399164557,0.0,0.949834428328832,318.5339808198837,1.2341036707481408,11.0
132800,-0.05017592876646418,0.9161434095368668,-9.550181567718228,0.00638024877829616,0.008234318853147987,-0.5042735816072952,26.042239671666042,-24.278001924479085,27.85585537510648,315.8520575967796,1.0658429053629401,4.128114915929871,28.55628326581102,77.24003510172948,0.0,0.11349731267485798,315.0945702936264,3.6415800538700855,9.0
132900,0.10586119288613566,0.39646145832500407,-10.191668532094823,0.004319471635350082,0.0006599068311503387,-0.4991074588455775,21.991797964943046,-25.714381779093475,28.371143596623583,312.9663627165299,1.0658429053629401,4.128114915929871,28.556235752275985,77.24004043075426,0.0,0.0,314.1134103344527,1.3045280145256795,9.0
133000,-0.2876913514730983,0.342536534509897,-10.277779842847709,0.013637452976372245,-0.009411646948143434,-0.512636546564818,24.40267786550102,-24.311752381347326,29.706841782862877,310.09250777321336,1.0658429053629401,4.128114915929871,28.556241519916746,77.24008619479473,0.0,0.0,310.74221818834894,3.78328497870265,11.0
133100,0.23738713296518818,1.2282391959493766,-9.387950385585574,0.0009010437875893529,-0.010195765901429083,-0.25191035995226796,21.393268050344755,-26.719977138711478,29.73253118859238,307.20038809700935,1.0658429053629401,4.128114915929871,28.556288564802042,77.24005512244786,0.0,0.0,308.77195662791354,1.183633709545709,11.0
133200,0.2486211976780672,0.6815917424389497,-10.195193054150064,0.018267031527074182,0.004281704545432922,0.009936161410793252,22.78185477005059,-29.19304782624454,28.81123626676201,307.1775797684092,1.0658429053629401,4.128114915929871,28.556239746380342,77.24007829719811,0.0,0.0,308.63861159729197,1.788168902360412,10.0
133300,0.24602551550740404,0.26176582248394653,-9.481836013401828,-0.008699958350944614,0.013460040576408323,0.0015362742469079084,21.51649242218591,-27.309038512759162,30.868532363816435,307.1881110768415,1.0658429053629401,4.128114915929871,28.55626901625554,77.24004305435108,0.0,0.3191601093541284,307.8968745480195,2.7532396620825605,13.0
133400,-0.22917233155926856,0.5514837826777694,-10.012378870738278,-0.004705475489401869,-0.0031718546205052574,-0.0008303315097392093,21.69074200149083,-24.162054215746878,27.263153311408004,307.19858852505376,1.0658429053629401,4.128114915929871,28.556296494325725,77.24007201894169,0.0,0.17442996824389786,307.2995874458913,3.1081874750163676,6.0
133500,-0.09302314815120152,0.6062874570561789,-10.342406958869644,0.011516563443019472,0.010946514364491292,-0.008569179555904173,22.454778543018,-29.198154443446338,28.89369098109396,307.1821211674953,1.0658429053629401,4.128114915929871,28.55623532570222,77.2400531820924,0.0,0.29366423335237046,307.7692387568822,3.021978171860713,6.0
133600,0.5179139642183999,0.44817575329295944,-9.760614411775297,0.0012518124121883732,0.01779668971677784,0.028568223543050438,18.6615052403893,-30.659665156131382,27.24271086932632,307.1866001808997,1.0658429053629401,4.128114915929871,28.55621289491149,77.24005816911227,0.0,0.25046679268190614,305.92398291818813,2.3243805514317337,7.0
133700,0.3400977760010781,0.8797232834076851,-9.627370090905927,0.0056230130545466125,0.011224006164443804,-0.0019804859608339473,18.722526452738727,-29.917796654959677,29.176640774664385,307.1854716950622,1.0658429053629401,4.128114915929871,28.55627124770187,77.2400790014347,0.0,0.24597976370064675,307.72237477047037,3.034422840699949,12.0
133800,-0.17792184039023287,0.6336926088252363,-9.870693558911535,0.004679841956473635,0.01664191584553165,0.013795710035450864,22.626565809072872,-24.08591976258699,28.341504336270283,307.1735528522237,1.0658429053629401,4.128114915929871,28.55631080492364,77.24002207156488,0.0,0.0,308.97490400317093,5.825982070079731,6.0
133900,0.4531796498742108,1.22660984561212,-10.118459312017835,0.01111866150771404,0.008201898319762427,0.016613583933439535,20.043338166486823,-24.9328865947349,25.03973422186246,307.19986134465444,1.0658429053629401,4.128114915929871,28.55624480301998,77.24007697115805,0.0,0.0,304.4877075076966,4.432461764100259,11.0
134000,-0.39950119883905333,0.36621029131727223,-9.614867904008337,-0.008989946620532829,0.0006020004738018069,-0.003732498499627616,18.51657831854484,-28.218770171674915,31.318922330730377,307.1913202224477,1.0658429053629401,4.128114915929871,28.556273329327908,77.24009241366313,0.0,0.0,305.95221938597155,3.7288879926240512,8.0
134100,0.18810952214400858,0.8961305448219301,-9.835240772947385,-0.023430214722434,0.003030076868030157,0.002701766207218353,21.969857375630585,-26.668156491364243,32.099524861193544,307.1959883370857,1.0658429053629401,4.128114915929871,28.556243342643057,77.24001446814856,0.0,0.0,305.2757284347298,6.5678908708132955,10.0
134200,0.00993098184383398,0.6715449059142664,-9.920180915254988,-0.005649103125774947,0.01989703422515803,-0.006174585329513587,23.17685978686267,-30.41214582667738,27.054114836099874,307.1902694959024,1.0658429053629401,4.128114915929871,28.556263296576827,77.24010355960625,0.0,0.3738989100472846,303.36314708938426,6.344329918042124,6.0
134300,0.2584274802914849,0.8695860260984557,-9.774922408460746,0.006349861988659,0.002172780140595681,0.018855109876252045,19.547664876161306,-26.804790066667334,28.557382370110652,307.19821643449876,1.0658429053629401,4.128114915929871,28.556240228597105,77.24013681776728,0.0,0.38609464988560815,304.78307495174244,2.4630578661224094,6.0
134400,-0.06292773461157217,0.6515557688526787,-10.146553014941748,-0.008500353302869485,-0.0035751098657443173,0.013693027985338786,21.406453057000927,-27.443987603477787,27.288948808324474,307.20247237176295,1.0658429053629401,4.128114915929871,28.55633755743215,77.24008282782015,0.0,0.41774317696603375,302.6066002505021,4.657652441706514,10.0
134500,0.07669622174786889,0.6961132610897687,-9.70632836000569,0.007265114391953525,-0.011374075333613828,-0.0076081556525861875,23.68485483133751,-28.55912277987465,25.211241842890228,307.2115584084339,1.0658429053629401,4.128114915929871,28.556256923066723,77.24007216658983,0.0,0.7456083289688951,308.3569042566586,7.710336517503039,13.0
134600,0.2207149443637788,0.7389465947888113,-9.795604551686125,-0.002502892135596124,0.010154550097671362,0.006109881169866746,23.23197986280795,-29.878593997406096,27.036997117998606,307.203952533821,1.0658429053629401,4.128114915929871,28.556265799002176,77.24004084679132,0.0,0.0,307.539579931612,3.791347829139728,7.0
134700,-0.1023134671998025,0.7583449166610574,-9.674866212248656,-0.0014155184112625428,-0.015339744803034235,0.003928123186066525,18.968157456522313,-28.34954491831375,27.88452005364642,307.20696448174004,1.0658429053629401,4.128114915929871,28.55625584980186,77.2400798036015,0.0,0.0,304.74981580818013,3.2499053068375403,10.0
134800,0.4431262378238925,0.9823695362972811,-9.583503323138276,-0.009651084524651892,0.011149871525633133,0.01855289437814326,20.560234693426313,-26.271602624988656,30.313261193679512,307.22131401811555,1.0658429053629401,4.128114915929871,28.55623741116746,77.2400104318415,0.0,0.6072013137169592,308.21768531582296,4.258216471120456,9.0
134900,0.544220332264063,0.5346891820061771,-10.07347293067406,-0.010553099074212414,0.00343478965486569,0.014136179686940073,18.487832832467987,-25.90240462564244,29.535965882507902,307.2139636371186,1.0658429053629401,4.128114915929871,28.556277720756846,77.24005172310453,0.0,0.02911779922921367,310.09179046181214,3.71612487524586,8.0
135000,0.25229023161601627,0.8076832314194566,-9.667886170415947,0.015306636414873873,0.015791950497011556,-0.0008154244519577294,24.766061346756675,-28.40667736554095,30.19420924210876,307.2166988223338,1.0658429053629401,4.128114915929871,28.55629529530166,77.24000250592346,0.0,0.4383998697159492,305.9665595517872,4.221681498940032,8.0
135100,0.2124214563991052,0.48882946883328465,-9.281222261935719,-0.00021218585741580366,0.009517597824035169,0.005873812778143193,22.679776085754412,-31.733791474609017,27.669940777704713,307.22442457227277,1.0658429053629401,4.128114915929871,28.55623538945755,77.24013810392731,0.0,0.005705300722116967,306.44224566013946,4.40295639615452,12.0
135200,-0.19584273566091998,0.9125847114375829,-9.640091803124289,0.016343841752397153,-0.02141810833317171,0.02573358931611708,22.631189819024254,-31.128975494379972,29.189881446829123,307.2215351580913,1.0658429053629401,4.128114915929871,28.556258451650134,77.24010977623755,0.0,0.0,307.6679900432879,2.415065398028867,10.0
135300,-0.18260209973498448,0.2083147646360734,-9.875930980019703,-0.002749741961835972,-0.00592062729257948,-0.0007647630105559935,20.209185354077817,-25.254229070300923,28.004333418102505,307.2188191949739,1.0658429053629401,4.128114915929871,28.556167267058953,77.24000257143526,0.0,0.0,307.03446653667913,3.6534234198160624,10.0
135400,-0.023825362061115518,0.9498267359216856,-9.147774984616127,-0.013121729759488387,-0.007361047109467095,0.025201431271638507,24.692711811672652,-31.62434613277956,26.988057971414204,307.20305725339114,1.0658429053629401,4.128114915929871,28.556261608325375,77.24006838029817,0.0,0.032216586270016646,305.1374096661053,3.8640978848974123,13.0
135500,0.10664024241542766,1.379480646571274,-9.653208256136518,-0.0016645707366314201,0.0044949046767122245,-0.003646256681311799,20.393564179783272,-29.622070121847955,30.91879003847303,307.1975129600882,1.0658429053629401,4.128114915929871,28.556278423963036,77.24004530712585,0.0,0.0,302.7595849798281,3.0911960548622965,13.0
135600,-0.10006090136666643,0.5029670066478256,-10.084872899518688,-0.00868468324374706,0.033554501216502386,0.0002486809865872349,19.68573011975685,-25.839694576165,27.82662842939116,307.1949079763787,1.0658429053629401,4.128114915929871,28.5562683160225,77.24002745502689,0.0,0.6406916042488919,307.4555410298362,1.8538054229682126,9.0
135700,0.4264495319267255,0.15722266282008457,-9.231396247375793,-0.013689301597622966,-0.005592941242818711,-0.0018230895909692787,20.15266611666565,-27.499992018986237,26.40111936346846,307.20603018030585,1.0658429053629401,4.128114915929871,28.55625645725116,77.2400672879054,0.0,0.0,304.0824052793223,3.502099564905705,13.0
135800,-0.14799458986913797,0.453539879675229,-9.337944253587782,0.015013593715382884,0.007890572035011027,0.013512909358431139,22.875621333053452,-28.895371335977135,25.327677825427845,307.2036699651722,1.0658429053629401,4.128114915929871,28.556239909747127,77.24005320503267,0.0,0.0,307.1199032453847,4.494888879748204,9.0
135900,-0.04209817620147252,0.6068416794920634,-9.448020007516924,-0.004631977923070788,0.0034355286852771052,-0.002251970706433763,21.716728281311987,-26.706608411856397,24.40533086335211,307.2200368616043,1.0658429053629401,4.128114915929871,28.55630893885298,77.24000706619866,0.0,0.0,304.8972279262627,4.137288053336255,7.0
136000,0.2895990643017107,0.027724503759730235,-9.737733620500272,-0.0033017541991067585,0.01738793654849899,-0.011406677211113388,18.534188816803734,-29.08030681329475,30.479237029947285,307.2209994521232,1.0658429053629401,4.128114915929871,28.55626195586587,77.24011770908358,0.0,0.8017261965607617,308.92985112340546,4.453030144197194,11.0
136100,0.37193649564614795,0.7864304595104048,-9.781120981767241,-0.002884270681540034,0.0152997453464215,-0.015422797830565275,18.59872045382334,-30.547602983735025,27.213809092985823,307.23208574464314,1.0658429053629401,4.128114915929871,28.556291106872198,77.2400202990014,0.0,0.3256293817224214,308.08331521501333,0.15108126587953397,6.0
136200,-0.07048034482254165,0.537460389050479,-10.133356586577433,0.006602283339058485,-0.007665134059522439,0.006307959547013225,17.341366804629164,-27.09251771306781,30.6054019444485,307.24614555405947,1.0658429053629401,4.128114915929871,28.556267644618696,77.2400647092203,0.0,0.0,307.51360232468016,2.668471021364094,6.0
136300,-0.31354008520641874,0.26758676720113,-9.516792430391114,-0.009598383217940851,0.006911049892323909,-0.016529611497047035,21.56372216030411,-26.954736820642974,31.548455089936777,307.2407126684842,1.0658429053629401,4.128114915929871,28.556275551116443,77.2400954401321,0.0,0.2159056904571182,303.8280445011187,3.622434371429353,10.0
136400,-0.16560329494968726,0.20348887033251833,-10.283711665186399,-0.001993410910759921,0.008633469436573954,0.0007260413686150946,20.27223321539081,-29.37623928271511,26.842993966257854,307.23392601080855,1.0658429053629401,4.128114915929871,28.556236983326453,77.24004492443456,0.0,0.0,302.70666800140214,3.5378709369435315,13.0
136500,-0.337595166283581,0.6513183718479609,-9.600230345590868,0.002906761969300101,0.0075402503987024895,-0.011160297184673883,19.930685416562074,-30.032471803322565,29.752797050024125,307.2339247432865,1.0658429053629401,4.128114915929871,28.55625485867356,77.24006640069351,0.0,0.0,307.0397997551495,1.4354035705804509,8.0
136600,-0.06205168182337012,-0.2581081133283645,-9.554419402552377,-0.006618076095792672,0.004404527304144032,-0.02386854393244914,18.972863295186738,-28.573184360457965,30.373170863038666,307.22143553866516,1.0658429053629401,4.128114915929871,28.556282052341803,77.2400016134417,0.0,0.0,309.4169160480401,4.27652374020128,11.0
136700,-0.09744210150476054,0.467450141814029,-9.550357730199316,0.012940522527986997,-0.005673078226710061,-0.08716787833323121,18.861246477640208,-26.566184141708117,28.902888714277967,307.22501167380415,1.0658429053629401,4.128114915929871,28.556274592848148,77.24009524005153,0.0,0.0,307.9075720182703,0.8576834936135884,10.0
136800,0.09256246888192113,0.32290428616804295,-9.191807766351273,0.023483407259106616,-0.0009777689696680034,-0.18462027234922007,20.42384584141717,-26.68354384372932,27.92148047955674,306.1101828726451,1.0658429053629401,4.128114915929871,28.556232691171992,77.24001715393037,0.0,0.0,306.46021842995344,2.785013948072903,13.0
136900,0.1251799026792138,0.620518643705808,-9.648166960499742,0.003067021366362088,0.011512865411452156,-0.18923761458343666,19.7473723888059,-28.380137441933922,28.3794165485053,304.9903820437492,1.0658429053629401,4.128114915929871,28.55623632968992,77.24005620172035,0.0,0.7138756098778053,304.78621082775595,4.598464355127064,7.0
137000,0.001791961764342015,0.5011309819406622,-10.178623225240097,0.000869845318739062,0.01564856505323641,-0.18037993418270806,18.37652824272062,-27.387433046702043,28.867662556510957,303.8986933470808,1.0658429053629401,4.128114915929871,28.55624470899432,77.24006793944763,0.0,0.0,305.6199949756725,2.18790838064478,8.0
137100,0.24700465927381077,0.6434661173302367,-9.459910221431278,-0.0012612223223478717,-0.009078970870089489,-0.18115030996350226,21.515708062901716,-29.307144285039893,30.911904614760964,302.8008012465538,1.0658429053629401,4.128114915929871,28.556261473527574,77.23999730836245,0.0,0.0,303.7373700874138,2.683501389541938,6.0
137200,0.7214113469169876,0.5788863372872923,-9.638414868489058,-0.007507028134759547,0.014205873891633046,-0.20002740097887137,21.049978199141695,-26.372711200260955,27.89558713520062,301.69444357934435,1.0658429053629401,4.128114915929871,28.556266643598594,77.24004550170994,0.0,0.0,304.7366540746709,2.750956391496908,10.0
137300,0.41350788785154613,0.6050949286887615,-9.784408867931043,-0.006165172282496817,0.0007107763282945875,-0.1820897635774058,18.24666200720639,-29.741778590950155,28.64324398191769,300.583174773992,1.0658429053629401,4.128114915929871,28.55626717035316,77.240106676325,0.0,0.46004849818343935,299.15966345933384,2.946448761778506,8.0
137400,0.36582949980723767,0.08174269963756675,-9.856140375308652,-0.0024139787587659145,0.00749631436201059,-0.20273324362565612,16.681855676502344,-32.20216180997179,20.720301478225196,299.4746091801572,1.0658429053629401,4.128114915929871,28.5563048685129,77.24005456025914,0.0,0.28534567919249026,297.5019622922879,4.908503742915662,11.0
137500,0.6146584308679928,1.2670871378484225,-9.504632527495263,0.0018907667487904902,0.01090681151977423,-0.18902551116151467,14.93613056652511,-31.781168706851247,26.80189347592893,298.36817766921064,1.0658429053629401,4.128114915929871,28.556265455772568,77.24007616789207,0.0,0.44383706642028464,300.0376577340859,2.8568996028359677,9.0
137600,0.2576328697460221,0.7343301787662599,-9.64934543749011,0.00017747213938340686,0.022657571560797073,-0.20484184420587412,18.42494497190181,-33.91538797713542,27.414437980818764,297.25600769079824,1.0658429053629401,4.128114915929871,28.55626667017474,77.24006899194787,0.0,0.0,295.8455027271505,4.512562635315983,6.0
137700,-0.12202523210141464,-0.04506047926983581,-9.573923040837903,-0.0002673956166119062,0.01822438411712525,-0.07760164800512104,14.018101232565746,-33.332750581949334,26.12616586336028,296.1360343529078,1.0658429053629401,4.128114915929871,28.556262566991762,77.24008832954043,0.0,0.0,299.96528507979417,3.9938810854803615,11.0
137800,0.12815586454239297,0.893097892244238,-10.559214076009182,0.009770114989215414,-0.0010468157150204955,-0.005849934265718095,18.008076159815495,-33.17086693860763,29.100206406035063,296.13138822960036,1.0658429053629401,4.128114915929871,28.556269654588423,77.24007491960332,0.0,0.057587367489836574,296.10796078185825,2.4479619905267995,13.0
137900,0.006422494871650038,0.7702762969618485,-9.48493441677348,0.010843374664356708,-0.007965030423907796,-0.008262349710497309,12.563877824950357,-30.82260770239061,30.793598763496842,296.1219312349473,1.0658429053629401,4.128114915929871,28.55627149860593,77.24014007781652,0.0,0.004242919255238807,300.32365691804205,1.5142145978983192,8.0
138000,-0.15560434277441978,1.3103961141011573,-9.851810545884915,-0.000921970990000822,-0.0024288605535507752,-0.0019728307890406914,17.484649441267198,-27.523983611049964,27.70135933305102,296.126750895458,1.0658429053629401,4.128114915929871,28.556325879696857,77.24008631202912,0.0,0.7251162139748456,295.2371472776082,5.69282472533142,12.0
138100,-0.09781878774307179,0.48157510281943683,-10.008692652154974,-0.003250479821415587,0.011872436401612113,0.003983600830734927,15.521713474196225,-29.88008104619864,26.91489480643847,296.12426038184384,1.0658429053629401,4.128114915929871,28.556235821634143,77.24007015372376,0.0,0.0,295.62329104646676,1.218197283013456,10.0
138200,-0.10018098840931211,0.7723083554149628,-9.045830917615408,-0.007242201610573331,-0.018997319967913224,0.022390239901464746,14.132022529848948,-32.48067226262237,28.18261307619605,296.1276755423835,1.0658429053629401,4.128114915929871,28.556270245597126,77.24007323375943,0.0,0.0,293.9340821849998,2.909577150028997,12.0
138300,0.5643469510515183,0.9001884000403695,-9.81573572076802,0.010135419300823876,-0.00420833689535624,-0.0008144980969206138,15.883375669196107,-33.14663505948432,25.621276251681863,296.1202111104963,1.0658429053629401,4.128114915929871,28.556237566212452,77.2400466755301,0.0,0.3541982409284533,299.0539550647983,3.5444889868431493,9.0
138400,-0.2134593564384256,0.668874789599415,-9.808155766823589,0.01999745176686598,0.019746565137878494,-0.011132017863241708,17.556254947087396,-32.68588509049316,29.732211600485993,296.1189682805254,1.0658429053629401,4.128114915929871,28.556302761305037,77.24002385622663,0.0,0.0,293.49313685101333,1.9719820110036463,7.0
138500,0.35143994197607276,0.3929652375405448,-9.526888281288286,-0.006720296744416761,0.016078883834693046,0.011620335191521163,20.113182175453247,-30.859918392966144,32.22040696043476,296.1153482127735,1.0658429053629401,4.128114915929871,28.556274830095667,77.2400700100171,0.0,0.0,291.7627943465732,5.622807986145095,6.0
138600,0.27447672029741876,1.2222402660602825,-10.004053714353626,-0.012893610760682652,-0.005665830531409449,-0.004407965708974574,19.301091183806722,-34.12561212172476,27.103201078000502,296.12654623695266,1.0658429053629401,4.128114915929871,28.5562544495049,77.24007168670056,0.0,0.0,297.2259654193165,4.037834013883533,10.0
138700,0.2119618682105061,0.0711508243354042,-9.789677142789941,-0.0005112980277643467,0.0028784816174524056,0.01747259654174871,11.581369186452422,-30.99029559743887,27.92246975345351,296.14393489918035,1.0658429053629401,4.128114915929871,28.55624666672212,77.23999664847419,0.0,0.0,300.415721311091,2.3273455651987804,12.0
138800,0.004119338629125419,0.6865311817623254,-9.363324572681387,-0.01877605510031243,0.004782987644728184,0.023175424407530523,14.952585859735624,-33.14243924728574,28.13448905147558,296.14971839417757,1.0658429053629401,4.128114915929871,28.556291985790295,77.23998982384892,0.0,0.18397836435489087,296.54328207058904,1.786186673748822,9.0
138900,0.28428056343308483,0.6971151660456286,-9.735276185918964,-0.0018964308008664731,0.0008176281835105418,-0.0016482977686461354,15.976549175755581,-31.582365494153123,23.81518167200489,296.1729051539896,1.0658429053629401,4.128114915929871,28.55629903545847,77.24000189667946,0.0,0.0,296.6726193971391,3.9968202921366416,13.0
139000,0.4302743746234663,0.9705689713417076,-9.81167091875855,-0.004474909601990807,-0.004274072113080017,-0.0025680781459871994,15.221691250611022,-32.2217646699315,27.46060146119018,296.164473728919,1.0658429053629401,4.128114915929871,28.556261612150767,77.24002573219447,0.0,0.7760169162279812,298.94150582086104,3.5241639249086125,7.0
139100,-0.36655551736244796,-0.04702230407924601,-9.575032174970447,0.004858465002713446,0.008371381060472048,0.0022529751697908935,15.498869267886946,-30.298597329793694,30.26165050961255,296.15973384425774,1.0658429053629401,4.128114915929871,28.556263275964245,77.2400774236018,0.0,0.10465900519679562,294.42747885156814,2.03372184199613,9.0
139200,0.05061426769867622,0.6936168871528046,-9.653697996704741,-0.0034068558049067128,0.004754690141805497,-0.00494752132678268,17.45210499604089,-31.159343588027745,27.76758832051467,296.1738919284134,1.0658429053629401,4.128114915929871,28.55624201307448,77.24009055782653,0.0,0.0,296.08058449735705,0.5238895012235165,7.0
139300,0.2810468781367351,0.9047387339199671,-9.952729805596576,0.0035485388435132926,0.023887211869709334,-0.017664570634497823,11.976665881763433,-32.06884284202765,33.430118745556705,296.16846299041975,1.0658429053629401,4.128114915929871,28.556249667662996,77.24009832557957,0.0,0.35392564756261446,297.5172443530298,4.922780559105827,12.0
139400,0.6924643999866328,0.2167003187097612,-10.339804369585341,-0.007438060561079515,0.01129608016263246,0.011017031555085176,16.52059918633289,-32.95169709412055,29.02235122663274,296.160252212119,1.0658429053629401,4.128114915929871,28.556215232464794,77.2400790429309,0.0,0.2756316447463961,297.39801705425316,2.8816815092652384,10.0
139500,0.5293892451956707,1.0080712672986867,-10.195541870165975,0.01755501801099529,0.013353413637026728,0.00677518530880244,13.599832144826308,-33.39872162019347,27.310930387658935,296.1746696434143,1.0658429053629401,4.128114915929871,28.556261872405177,77.24006747925375,0.0,0.0,297.3094586256461,3.1926433891654837,11.0
139600,-0.10748393772757484,0.8958410594454841,-9.470926001727257,-0.008770284413776079,-0.006384289098245025,0.015369117092762674,17.573693505755717,-32.01233488503483,32.32264364562362,296.1806127186709,1.0658429053629401,4.128114915929871,28.556279926742448,77.24007379904675,0.0,0.03856642370399839,295.4472969434921,1.8769818824523181,10.0
139700,0.20047985559734566,0.9955884307176235,-9.960026914181158,-0.020195562047191033,-0.0029696913505631774,0.008000521248916006,16.89362351924673,-29.89174388288647,26.439688188671884,296.18033037589424,1.0658429053629401,4.128114915929871,28.55627038383697,77.2400268955026,0.0,0.23407375134665753,297.47528580281255,1.5274641588981024,11.0
139800,0.6733503949433907,0.605793753606588,-10.305833840502357,-0.008948127153877477,-0.0068827897472835435,0.0011179371595634643,16.615766618686852,-32.44750905943447,25.48251986215271,296.16912227529497,1.0658429053629401,4.128114915929871,28.55627172749271,77.24004731322943,0.0,0.0,295.83766405691443,1.3694425290577112,10.0
139900,0.7033458919061369,0.4710895915619019,-10.056666492015305,0.0035845060040520173,-0.0008058385834827193,0.005412844207132148,16.001591248045912,-31.80597262141513,27.749460598664974,296.16587315046763,1.0658429053629401,4.128114915929871,28.556257452608605,77.2400159393432,0.0,0.0,296.4741236783943,4.280097819295665,8.0
140000,0.2909978709264007,0.9849965335317701,-10.001182661476493,0.0029706627627365434,-0.008289837124731091,0.006112396161814334,19.249686521438626,-30.598563167475348,26.355037778845784,296.16177918697605,1.0658429053629401,4.128114915929871,28.55627050374243,77.24007958737289,0.0,0.0,299.0500297665741,2.1696767012432048,10.0
140100,0.305292355840064,0.5634099891353916,-9.678766080206147,-0.0045062126045832505,0.004768998546001153,0.007403491859681147,16.70501559358572,-31.740712975370233,28.66844879020309,296.17318167672585,1.0658429053629401,4.128114915929871,28.556289030468715,77.24007552424875,0.0,0.0,291.5397954020624,1.8155736774151998,8.0
140200,0.20044134130260513,1.0538306961089416,-10.236093454078947,-0.005150272391224641,-0.004585655623564858,-0.008150434909418618,19.631412428884655,-32.05345749645859,25.19863201198106,296.1726061109692,1.0658429053629401,4.128114915929871,28.55623805125412,77.24005937087465,0.0,0.14706887980378566,299.48947655962996,2.2547696894205065,9.0
140300,0.4959433240325726,0.080452357756437,-9.648788181065271,0.0036691109360430844,0.00204244842258863,0.016722265930415182,12.349427635547343,-32.088440515392854,28.337115594670603,296.1724889755507,1.0658429053629401,4.128114915929871,28.556255131970122,77.2400156367263,0.0,0.38569284754991456,293.51519944747497,2.5162881525700183,8.0
140400,0.192678890220264,0.38895546740067516,-9.689796202862768,0.0041155941029569374,-0.00691017243657071,0.011052645251958287,15.868806685856088,-32.68042909965677,26.58908456432926,296.1714431042584,1.0658429053629401,4.128114915929871,28.556259815964115,77.24003233059774,0.0,0.0,296.013193012271,3.936901922516874,9.0
140500,0.12970286266119935,0.4659666433205949,-9.59805244002534,-0.002952180211983277,0.006040206989975818,-0.006203891788291892,15.453941953149448,-31.410396926232938,25.679366140981802,296.1910607957428,1.0658429053629401,4.128114915929871,28.556280963381152,77.23998758042077,0.0,0.0,298.7501310174816,2.514210184868473,8.0
140600,0.5011792556306768,0.8353106003671424,-9.989408525530838,-0.0015942868073303145,0.003409781373595405,0.00028738131297384277,17.446669735253508,-33.946105644054725,23.822583671970577,296.1845334754872,1.0658429053629401,4.128114915929871,28.556244604502403,77.24005506214228,0.0,0.0,297.21925570895104,3.843135441784179,10.0
140700,-0.1434446042904526,0.47296058823323717,-9.904727203841682,-0.00217421023378551,0.01871253781619679,-0.001323397417926856,17.27657710857688,-29.527129548214216,30.3389690585177,296.20187699327755,1.0658429053629401,4.128114915929871,28.556297866071894,77.2400903308168,0.0,0.21084351035398338,295.89985574210993,5.202441240923324,10.0
140800,0.34439295686522975,1.0145776117176672,-10.201233248206847,0.007139764262792862,0.007550828949760585,-0.007519975945602521,16.94870747637774,-27.01174522610988,27.6020715791203,296.1897725508566,1.0658429053629401,4.128114915929871,28.556250596273042,77.24005896905176,0.0,0.4689998375116318,298.3826234883381,1.6493723282448185,9.0
140900,-0.011372192733036218,0.7345915291539514,-9.91723025589265,0.003294978049873474,0.008708175101315656,-0.004197463100576354,15.358845699557081,-33.881219643463695,29.418717677208026,296.1908685812801,1.0658429053629401,4.128114915929871,28.55626422509455,77.2400752985953,0.0,0.8249517085799569,294.77623950050264,3.0966437466274246,11.0
141000,-0.019656979249625423,0.8760779949400743,-9.031960459631284,-0.01668813170800547,0.01208766285745128,-0.006895983362383492,13.78393133916156,-35.54059852839006,32.53478872589264,296.1770977816376,1.0658429053629401,4.128114915929871,28.556260612671128,77.24008010935803,0.0,0.08708598641431127,296.1214913599513,4.138265648155623,9.0
141100,0.1267691803219096,0.6699787284885804,-10.241808826401396,-0.005714662638721214,-0.0018263802395635364,-0.005630636922084428,11.132490898164605,-31.947245644353806,24.010339306881445,296.183415197011,1.0658429053629401,4.128114915929871,28.556295186837787,77.24005898274403,0.0,1.1369895460540884,294.0080656653422,4.388556743328815,7.0
141200,-0.0068826379028485984,0.516990694714983,-9.446287658453995,-0.013011693996930852,0.006980446520171102,0.010175301118038937,13.88193348138207,-30.970217785042447,26.315339348257403,296.1877899237717,1.0658429053629401,4.128114915929871,28.556302965710838,77.24001880523674,0.0,0.0,300.2973039901717,3.418354877552754,6.0
141300,-0.0072488344169164,0.30820246901509507,-9.534491809188252,0.0067260347305935645,0.015616012266739514,-0.008119596568282525,17.44746792943433,-33.871824134973735,26.847825989578887,296.1711531654301,1.0658429053629401,4.128114915929871,28.556220078505948,77.2400226512439,0.0,0.0,297.2015992797459,3.6599623482672037,8.0
141400,0.09976983698415283,0.931341758234556,-9.781046350437949,0.01131418466312542,0.002083488576999053,0.004330450437637084,15.655153354789157,-28.329525266525152,28.333716416874765,296.1936378942843,1.0658429053629401,4.128114915929871,28.55626786965865,77.24004395547784,0.0,0.0,291.0200870851153,1.1070426003330052,12.0
141500,0.1964589814725104,0.927882246367849,-8.980316583052693,0.003964767718272547,0.007780309229981644,0.011456657978643352,15.296949552661564,-33.44690799344407,26.3619747720308,296.19658893995785,1.0658429053629401,4.128114915929871,28.556245980756806,77.240084723999,0.0,0.0,295.0655017790699,3.081335777021388,8.0
141600,0.3287893899950002,1.2430837509683716,-9.386929621028695,0.012483098991808848,0.010308420141451278,0.003376705526673533,10.033247043789704,-31.670591558529043,25.743124436703773,296.18481983859755,1.0658429053629401,4.128114915929871,28.556199991463476,77.24002893022639,0.0,0.0,297.5962759268198,3.4965095722915285,7.0
141700,0.16376380447254332,0.5924989079776765,-10.472739276932217,-0.001044294745854507,-0.005630393641467376,-0.007271732600796514,17.91149023649762,-30.356215687312886,27.511068922846807,296.2003725265955,1.0658429053629401,4.128114915929871,28.55626449452479,77.24004881516908,0.0,0.23519670621160393,294.48150162792206,0.9008346044383249,11.0
141800,0.2394726603143426,0.60928303808537,-10.103126967963773,-0.005223358592028479,-0.008329697710914845,0.00260346171712274,13.814360440930493,-33.93656990850757,27.818900169067184,296.1958474217122,1.0658429053629401,4.128114915929871,28.55630968701576,77.240064591328,0.0,0.2797076163708038,297.55997830068867,2.8662605740949463,8.0
141900,-0.1814647837613899,1.2725281862422335,-9.530964143463594,-0.0010797068777107979,0.006483847001728937,0.0152761046510634,14.861229496399499,-28.91185589200381,27.998952113881003,296.21960761708306,1.0658429053629401,4.128114915929871,28.556282046965766,77.24002739393397,0.0,0.0,292.5422226652748,1.5055041161745106,9.0
142000,0.018160395163974913,1.0663166983218573,-9.681722677620844,0.0033097430414182737,-0.0017115973300340856,0.01620854471334371,15.771140152478084,-29.286724895755945,28.549309427108472,296.23009010596445,1.0658429053629401,4.128114915929871,28.556283536255336,77.2400013991765,0.0,0.25833393174919733,295.87649779320844,1.280208508434702,6.0
142100,0.5932756778268174,0.7510516335790147,-9.727858990295701,0.008961033217412286,0.014712989209024741,-0.008338951647842492,14.454115714794042,-32.17118722895149,32.48437536201318,296.22700713841033,1.0658429053629401,4.128114915929871,28.55624004097374,77.24003025806702,0.0,0.0,293.7610620164771,0.4708801307118282,7.0
142200,0.15003873746526625,0.9609601933116638,-9.66929433196841,-0.00983681054038369,-0.0012201025317702136,-0.011683317123266309,16.20412853445421,-28.528114286595336,31.077618495563677,296.23046325316176,1.0658429053629401,4.128114915929871,28.556221859620425,77.24003951915537,0.0,0.04484582056522002,296.06664587361223,3.4839685044534128,10.0
142300,0.2736333222287365,0.5714175680092439,-10.251548395134435,0.004714088214731943,-0.005406046188054347,-0.0036598475947568323,13.472319619345214,-28.27186362418385,26.444131780842238,296.2395371497838,1.0658429053629401,4.128114915929871,28.556236266652725,77.24001478053574,0.0,0.0,296.2111303757732,4.439071246061069,11.0
142400,-0.018197154456360498,0.2682645004943016,-9.732041713686097,-0.0016431151133267535,0.0016918120702908088,0.003266206048949241,17.165978000343486,-30.239353369143586,27.23543626144092,296.25784882874143,1.0658429053629401,4.128114915929871,28.55627289681946,77.23995557239286,0.0,0.05013064629912446,294.7804586747642,5.166456616195891,8.0
142500,0.29493299227312686,0.48979172909270624,-10.220526912861438,-0.004668563823446357,-0.0106093079896998,-0.006560060626983731,14.93803598621668,-34.91999382987472,26.762036560868367,296.2536023326234,1.0658429053629401,4.128114915929871,28.55621667207527,77.24000197755807,0.0,0.6180115438416011,296.3564415842198,0.19642177303612973,11.0
142600,-0.1610118479837905,1.142731327493379,-9.541131011035324,-0.0015095207869880224,0.00789748680682238,0.01957923437813098,10.664029317592679,-29.149968757776378,28.651718639242933,296.2630987363136,1.0658429053629401,4.128114915929871,28.55626252406702,77.24003113326432,0.0,0.021593714167848076,296.4622559362203,4.7546348117709165,9.0
142700,0.4219035231281172,0.8735135189820719,-10.023194580461741,0.005496014193156805,-0.011726939905553683,0.004723955332388263,14.568389734210855,-34.20661278843046,26.146037499622544,296.2776846163042,1.0658429053629401,4.128114915929871,28.556319176334014,77.24005969670085,0.0,0.4074305575307033,297.5178377441144,3.120305875455581,6.0
142800,-0.0842077646608557,0.3942836517519703,-9.976303258672784,0.0017920154846568345,0.02109610310709577,-0.013257425427000553,17.200674757111766,-30.15395181254881,28.09282913532657,296.27338135868865,1.0658429053629401,4.128114915929871,28.556257483352102,77.24004996221784,0.0,0.0,294.21395062297955,1.4262771577699527,11.0
142900,0.6088167931318528,1.0300487246246883,-9.846014377605467,0.000619845585396186,-0.0002844551958281526,-0.006283424065260773,14.65973984982974,-31.736464187627792,25.520428438989743,296.2789802566193,1.0658429053629401,4.128114915929871,28.55626577002861,77.24004673491044,0.0,0.0,295.28593764794545,0.2312038510247323,13.0
143000,0.12466132901483726,0.5597211570884846,-9.422327948052402,0.0193612564002235,0.002287411215098957,-0.01265641234292961,13.437787056830915,-29.948842467357682,30.96066173860873,296.2715750160432,1.0658429053629401,4.128114915929871,28.556291996718016,77.24003646912105,0.0,0.040574716773495625,297.47120860307297,3.640692690093563,10.0
143100,0.2085407411595922,0.4120737784859303,-9.824674423753306,-0.007157755182256546,0.00776856145043406,-0.007587746908531781,16.087287422995516,-33.569543501191795,29.492723343230985,296.2814518987094,1.0658429053629401,4.128114915929871,28.556304373608803,77.24011160287617,0.0,0.42196683558476,293.1913869808296,2.9741382393629463,6.0
143200,0.10680281930404263,0.6567604224612751,-9.453481967688008,-0.015816567346892057,0.02830210928407711,-0.01654965071102273,16.557319894233807,-25.727939357132588,29.604551424752373,296.2674020192976,1.0658429053629401,4.128114915929871,28.55629996134851,77.24005754062745,0.0,0.0,292.12434177495334,4.212616837526572,9.0
143300,0.7508267205340576,0.47702362061748027,-10.22690065122135,0.015326459639023116,0.011949359530552855,-0.0005414556027323368,10.636634959933602,-32.82115034492209,30.606157236208944,296.27651224496753,1.0658429053629401,4.128114915929871,28.55627869592075,77.24001978766627,0.0,0.5052810361877058,295.53785110333797,0.9958557010180886,8.0
143400,0.5128028663706824,0.5016160797408662,-9.567586956679934,-0.0002479118155630975,-0.009650329785842928,0.0019808718470273774,15.24484328363011,-31.214534810545178,26.658900408267066,296.29347158218224,1.0658429053629401,4.128114915929871,28.556290431199436,77.24005508520858,0.0,0.4640516929581358,299.2709560421397,3.309545794028971,7.0
143500,-0.0476225814975568,0.7221736695113202,-9.464392988182563,-0.005224303212660558,0.005720822627618527,-0.0037482539948802624,15.241094098253535,-31.58771457784615,32.319819365917326,296.2955856655012,1.0658429053629401,4.128114915929871,28.556254752142216,77.24009332669938,0.0,1.3285104199490843,293.8809183593626,2.751831839458776,10.0
143600,0.19234300725296535,0.725420802931277,-9.79122855315857,-0.01121783044174602,0.014128239918319987,0.0008142069727449018,16.8830198950238,-30.54607392205666,28.254613211947312,296.2921007023008,1.0658429053629401,4.128114915929871,28.556196653740216,77.24003494996123,0.0,0.0,299.9860994161119,5.710501853678837,7.0
143700,0.17798452642566168,0.690964286048661,-9.556133717878144,0.01258582847040884,0.007077204370433086,-0.009236380554497041,14.453450570990967,-31.083846055037256,25.307152754150874,296.2941016451733,1.0658429053629401,4.128114915929871,28.55624939655711,77.24007480323606,0.0,0.0,295.912763943295,3.291802559114989,10.0
143800,-0.27237904327442686,1.0621256698505137,-9.451565805820028,-0.006422809542459003,-0.009283380461297699,-0.04495474617435729,14.020365429898517,-31.41008397295027,25.668040799304954,296.29967933284365,1.0658429053629401,4.128114915929871,28.556276903344628,77.24008085295475,0.0,0.0,296.78253139896054,4.101278628620982,9.0
143900,-0.18844910888552632,0.8002187185941149,-10.464757751701672,-0.012528564950882625,0.019008242097252482,-0.12267575143062807,13.696278274608227,-33.59858099060209,30.750402279718436,295.64046091968265,1.0658429053629401,4.128114915929871,28.55623858292275,77.24009691129689,0.0,0.0,293.3343943568905,1.3333218187363105,10.0
144000,0.06812509346202712,0.5054195661525259,-9.675908081100506,-0.005223186579124613,-0.0015938627611091025,-0.08225947055929003,12.998162467980347,-31.09472606893611,27.571399850413965,294.9709342047294,1.0658429053629401,4.128114915929871,28.556250296627102,77.24004620671357,0.0,0.26683988158304167,294.54957000198533,2.0225409914222965,13.0
144100,-0.45024558043288565,1.1084678446626421,-9.938868076048676,0.009707888954017037,0.030585876697441696,-0.10874004448366548,11.044262494115358,-29.388797291431416,28.52679785263078,294.30925553933844,1.0658429053629401,4.128114915929871,28.55628700835364,77.24005772751538,0.0,0.22735852995994696,292.23710995791413,3.9108063793700154,13.0
144200,0.2920026080502318,0.4952895026164683,-9.516772133717357,-0.0030026709978013284,-0.01485536960388623,-0.1220965350215937,14.567322468189326,-32.48290310821507,29.82694784136359,293.65324675647264,1.0658429053629401,4.128114915929871,28.556270445878745,77.24005687692512,0.0,0.09651152457229432,289.3046385314868,3.5319989579913775,11.0
144300,0.10183841386108089,0.66462832971455,-10.56737683097984,0.00038732268501168155,-0.001908940462539547,-0.10761804132866391,15.048660547280292,-30.793260498756002,31.506888741571263,293.00622314648115,1.0658429053629401,4.128114915929871,28.556284612436322,77.2400179096892,0.0,0.0,293.5637724834497,0.2458797771024921,11.0
144400,0.764833990352522,0.7010467227292287,-10.076130802443283,-0.005396061988794118,0.006101578213514291,-0.11786553053777539,10.048598439069803,-28.795658237101676,31.52414342615204,292.3299037354598,1.0658429053629401,4.128114915929871,28.556274500404307,77.24007093851954,0.0,0.1888740509008851,292.7559345531466,1.8328651153877722,9.0
144500,0.35278938441593255,0.766868415885346,-10.044187549927532,-0.009342861069859956,-0.017051649919639617,-0.12067318664463043,13.391696451304627,-33.95928506182577,25.301225946643118,291.6547242245535,1.0658429053629401,4.128114915929871,28.55626920746411,77.24000161123894,0.0,0.8608929914824581,293.09181195359434,3.5370439054954113,8.0
144600,0.28387375465857634,0.5507856620359204,-9.74591034686552,-0.00881422329641924,0.03674778005019716,-0.124924990494417,11.379383336803535,-31.998921729749963,27.774405806544824,290.98784279616484,1.0658429053629401,4.128114915929871,28.55625148771231,77.24005075730778,0.0,0.45515406976215184,290.8758967405878,4.3921482404435945,9.0
144700,0.32728644384553035,0.6074798344847686,-9.935415492525237,-0.001606038988610843,0.005210743877352911,-0.09727305854169686,12.879984738636615,-31.657813512392927,26.228205694504062,290.32474622638216,1.0658429053629401,4.128114915929871,28.556297216092748,77.24008641339564,0.0,1.9100637255762345,289.523596808126,2.262113878227276,8.0
144800,0.35301815879687326,0.7443975914703923,-10.3291530773798,-0.015887550820755006,0.002387764593508799,-0.10341584009911117,10.657774369657382,-33.56389404193524,26.956304323244392,289.65928325087134,1.0658429053629401,4.128114915929871,28.5563151419842,77.23999065183244,0.0,0.0,287.3878636251502,1.966095274714331,12.0
144900,-0.5451789553701554,0.19030164945084005,-9.627663030439114,-0.0024918159660250456,-0.0017447259770697367,-0.10995673230057568,9.865604486877166,-29.55486449330121,28.44236243154663,288.9960308577843,1.0658429053629401,4.128114915929871,28.55624260292564,77.23999071788627,0.0,0.0,288.34131447269766,4.520355144384288,8.0
145000,0.43905881478724484,0.19755077027045542,-9.838261084832794,-0.01195938584723108,0.025030597171269257,-0.11213457184490586,9.905879829474253,-33.79965913529756,28.706325288833597,288.33282439199223,1.0658429053629401,4.128114915929871,28.556282868091337,77.23997975897177,0.0,0.0,288.0941269912421,4.902515324082023,11.0
145100,0.5008297506162235,1.0681402690879502,-9.577628041884921,0.002913140263993688,-0.013651801231980759,-0.10920915697240982,12.99528434990033,-34.01489405040559,27.67564330588007,287.68256708572056,1.0658429053629401,4.128114915929871,28.556262295442657,77.2400122700132,0.0,0.0,286.52485296479927,2.304348441401212,11.0
145200,0.3111355588757609,0.17370244072646662,-10.092445800939188,0.01914196896354056,-0.0032511772358371433,-0.11054946218803338,11.611507366823993,-31.2736556605024,27.449893725079907,286.9957651209726,1.0658429053629401,4.128114915929871,28.556254120089335,77.24006657765494,0.0,0.0,288.5968898295456,4.567063563163227,11.0
145300,0.08589133381027508,0.6503076582455984,-10.21687570747695,0.01871105582451406,0.005254912233161125,-0.1275280882624169,11.619690540859041,-35.63874771046626,29.563319639535422,286.3289784864601,1.0658429053629401,4.128114915929871,28.556261791311318,77.23999585227139,0.0,0.1359768436454197,283.77503958906897,2.9869267362312333,7.0
145400,-0.12013802599139659,0.9790197167501871,-10.466373739558954,0.012372005749401352,0.02834043293975604,-0.11983331068787878,6.9191141635216535,-31.20382186581589,27.05286171426091,285.6572727362973,1.0658429053629401,4.128114915929871,28.55628976582435,77.24003721074986,0.0,1.1382834126154198,287.7664958132995,4.631454823403368,13.0
145500,0.14676814046357756,0.6660565896796342,-9.575085454930491,-0.002382541807996543,0.017914187398280837,-0.11938171022417922,10.454306685350826,-34.69015965491838,25.70450086498055,284.99957447672915,1.0658429053629401,4.128114915929871,28.55629217253969,77.24005937050438,0.0,0.26925622067528016,287.7008761755341,2.852718977210126,9.0
145600,0.175033427581288,0.2650951312565946,-9.596682617444396,0.006839694604322256,-0.009491856737278911,-0.11555777586350635,7.38562547345616,-35.53665686456312,29.39899206754047,284.33837507494593,1.0658429053629401,4.128114915929871,28.55629108508598,77.24010967264148,0.0,0.0,281.6223057559724,3.1072030240317696,11.0
145700,0.6344554118121666,1.035478377745882,-9.28558208060251,0.024745952910201433,0.009962750230884696,-0.11787050957817036,7.105012114767836,-32.079517218358866,29.057956475663705,283.6809913735299,1.0658429053629401,4.128114915929871,28.55626007699136,77.24008384996328,0.0,0.0,284.74766217185584,1.371732402236618,9.0
145800,0.7368266434889502,0.29681241614024007,-9.925221793442468,0.009811026874772297,-0.006919383076132587,-0.090448972754714,8.871746993540912,-33.13430433597482,25.86845003706391,283.0159936110163,1.0658429053629401,4.128114915929871,28.55626761675935,77.24007099643076,0.0,0.024195855320287885,281.4161290224974,1.2651141513573092,6.0
145900,0.26189692797155084,0.5015796195653757,-9.892924108053917,-0.003407859598911797,0.013314628079776621,-0.12198420803315595,6.765290524216687,-33.5619168404613,34.119307988615745,282.3422009332265,1.0658429053629401,4.128114915929871,28.55626539634883,77.23998091908616,0.0,0.0,285.36196706611054,0.06117260285896009,13.0
146000,0.19501120119703938,0.254806591760867,-9.463280575943713,-0.0007720816838663286,0.0058738218904656634,-0.11957432674731762,10.116156083918016,-32.575049327741745,30.77112942462263,281.6716116347312,1.0658429053629401,4.128114915929871,28.556243709053376,77.24002890682944,0.0,0.0,280.5021854132503,2.4983611764287947,11.0
146100,0.16370192394260813,1.1148023712700212,-9.529594380882422,0.018486639463179196,-0.011464042554311278,-0.11864039921689688,8.242240511194069,-34.04302545981642,27.782575981774162,280.99372420390097,1.0658429053629401,4.128114915929871,28.556219171155522,77.23999501775012,0.0,0.0,284.1753266061262,1.8162267816223483,9.0
146200,0.11473290938754413,0.623528560229892,-9.92769874978489,0.00027655825448258907,0.006037348697906445,-0.13887346628101194,8.81396047877854,-35.82018466338624,33.721609009530965,280.3301927292255,1.0658429053629401,4.128114915929871,28.55623230683919,77.24003486289969,0.0,0.0011568938033166276,279.36821515523815,3.3212479501522987,13.0
146300,-0.0929155249179193,0.5052613620560533,-9.852386931945178,-0.008037874938865874,0.004564647755678924,-0.111926930696976,5.654347389463621,-35.73895222482815,25.856034268455407,279.64994062092717,1.0658429053629401,4.128114915929871,28.556274327347868,77.2400196280695,0.0,0.0,280.0169695361914,3.1012605979604664,11.0
146400,0.37337665027223377,0.11788335750634416,-9.929555436922351,0.0022253479852339074,0.016607558331066714,-0.047970397974766835,5.637695876708743,-33.420814452866274,30.67415807971209,278.9867379803692,1.0658429053629401,4.128114915929871,28.556307394872356,77.24009478881099,0.0,0.7394147401261821,276.64851748297883,2.7510128886283427,9.0
146500,0.006376820677456818,0.38016804213392613,-9.925476392366923,0.01133447816223147,0.015431191452895933,0.006135144291008574,2.4022391445848936,-31.68903362532395,26.063315084527538,278.98899325832946,1.0658429053629401,4.128114915929871,28.55627166268113,77.24003507616246,0.0,0.000327784700591055,280.0795881397513,3.195795875936059,10.0
146600,-0.22482306442895192,0.6500811512044238,-8.99351215070968,-0.005071063473451083,0.010448425380840011,0.007012322915730391,5.561052644678016,-32.14565253932681,25.245934807337427,278.97878820352713,1.0658429053629401,4.128114915929871,28.556267178612043,77.24011444360987,0.0,0.015524978892716052,280.92647836539834,3.4672207184551893,11.0
146700,0.04466966033722186,0.5699326636980415,-9.059452435938018,-0.009466815092183264,0.0018318249812980104,-0.006931319798910043,6.402993430672912,-33.08460393037203,26.96621386550416,278.96701118620507,1.0658429053629401,4.128114915929871,28.556247056702738,77.24007486374707,0.0,0.6051742712348693,277.3924027641037,2.6300836402958883,9.0
146800,-0.07847568524970527,0.5447958137332554,-9.52270152174532,-0.0068527153105230046,0.011948597988318245,-0.004870233638187945,8.314257144651927,-35.389370305793236,28.40481298001397,278.9713571442211,1.0658429053629401,4.128114915929871,28.55622645396076,77.24009459883025,0.0,1.292917595128256,277.56679996367495,0.1189647725356493,7.0
146900,0.3530263753887313,0.9736032141791802,-10.130834470811774,-0.0011677197098505527,0.018292446348624154,-0.0017769709740846945,3.105274399486571,-33.43809271587243,29.34130185667077,278.9620177500393,1.0658429053629401,4.128114915929871,28.55626092657683,77.2400521244357,0.0,0.0,278.5452458078192,2.1958432903785976,7.0
147000,-0.11082034963587742,0.8837026535126329,-9.852752012717596,-0.015042829443317678,0.004547072347350441,0.002992558642720492,2.547216457023935,-34.71809421881772,28.205599033457137,278.9498137491944,1.0658429053629401,4.128114915929871,28.556267910041996,77.24006214149712,0.0,0.43114889535611534,278.69845852000896,4.465113440734935,7.0
147100,0.6833113374601091,0.30662311125472774,-9.11542252669667,0.0018307859303770282,-0.0017542256385739054,0.017869226645547572,4.8136254423243585,-34.16048114463912,24.55510162579552,278.94852381753736,1.0658429053629401,4.128114915929871,28.55624976811438,77.24008561224115,0.0,0.3631506774538428,277.3408694049031,4.405725885406234,8.0
147200,-0.07289682038652401,0.5090304404883181,-9.23586869800631,-0.0023539881794434835,0.016315761344959847,-0.004279999408745422,4.927686997283726,-36.36253352920947,27.29577562042681,278.9421601333397,1.0658429053629401,4.128114915929871,28.55627660614869,77.24005340510725,0.0,0.24171326939877974,283.63860073549534,2.480815704880074,8.0
147300,-0.07402439872470021,0.6897322082500357,-9.121360079213302,0.005142844594373945,-0.005175065270585761,0.005473682618245617,1.6661730643776584,-31.942268556053616,27.684131561676928,278.9354373383068,1.0658429053629401,4.128114915929871,28.556255438586163,77.2400235486666,0.0,0.0,278.6854554472045,2.6939958195969527,13.0
147400,0.0819521478238721,1.0817815208359882,-9.606293345161028,-0.009416321661637542,0.0010544779654832032,-0.0033824781982026144,6.560578190850914,-34.00362301065056,22.707276101571637,278.9310592894449,1.0658429053629401,4.128114915929871,28.556242762665832,77.24001910661377,0.0,0.0,280.4244006909598,1.1061972701913756,9.0
147500,0.12601018902473018,1.2013820297081552,-9.465300937086996,0.008059032318964937,-0.01274924726507369,0.06092466174160975,8.227104318869346,-33.8922981703934,30.031804448732785,278.92427748915856,1.0658429053629401,4.128114915929871,28.556227442249423,77.24006858050191,0.0,0.0,282.05468824432165,4.595368727105769,11.0
147600,-0.20363971243767923,0.15792743968265321,-10.229375606744215,0.0004313329369640352,-0.020740863273912467,0.13204007228575537,6.132835948266972,-37.121294059172676,28.616774917863342,279.6555161328899,1.0658429053629401,4.128114915929871,28.556282632931104,77.24001826030293,0.0,0.5819831503225167,280.3672958120355,6.261624185120182,11.0
147700,0.13538571010300882,1.063328644342676,-9.180923734741459,-0.007173318935788229,-0.004423722164973492,0.13237627712756764,8.48546569279641,-35.64567150787033,27.82109572034166,280.38878431222804,1.0658429053629401,4.128114915929871,28.556299640705546,77.24004432407084,0.0,0.0,276.80615816238287,3.026483556992502,7.0
147800,0.5400155347771148,0.6256155752022909,-9.470153918007949,-0.0007560929790258082,0.013117191816332138,0.13169221042600218,9.488627661681386,-33.456358347002755,27.363447356084176,281.12449757683225,1.0658429053629401,4.128114915929871,28.55624492474607,77.24006952897912,0.0,0.9875361410994629,280.27619248771737,0.16532156806549603,12.0
147900,-0.32038927752413626,0.8460286001874606,-9.823679661239936,-0.002699310717631383,0.01141456175069818,0.14735224262301544,4.449054875988773,-31.825358765204538,30.232234559245796,281.8773594611108,1.0658429053629401,4.128114915929871,28.556289586714932,77.24003514843149,0.0,0.0,279.26008294604475,2.503217676524841,11.0
148000,0.3456075653131325,1.338811244629691,-9.765046926968685,0.027551742102521155,-0.007981080488582717,0.13901196117988718,5.665637608840932,-31.67521007897365,28.564247889377896,282.62875257666957,1.0658429053629401,4.128114915929871,28.55628234622421,77.24004047535182,0.0,0.16947565397102432,285.7024022220806,4.791678073737531,12.0
148100,0.4380672040399838,0.832144894354681,-10.041727602735852,-0.005426140890797563,0.011545804087211863,0.12706157901193063,9.13507990625992,-34.97066118035258,29.16281776296824,283.37642122470857,1.0658429053629401,4.128114915929871,28.556321325848444,77.2400273210226,0.0,0.0,283.79382025141723,1.9608348741389898,10.0
148200,-0.4502624985228336,0.3938598057067936,-9.413740846748,0.010614603719988559,-0.011916223749421914,0.12739648567355902,8.08382053208001,-35.30654134484852,30.121014275328253,284.1205437262284,1.0658429053629401,4.128114915929871,28.556214928763403,77.24004029594447,0.0,0.0,285.7214120957565,1.1316338112662665,11.0
148300,0.26338521519295716,0.6842154495851446,-9.982285597854103,0.01803955657755506,-0.005919301528540714,0.130921429308775,6.628667633351634,-30.512639437676896,31.009597297385575,284.87478115719233,1.0658429053629401,4.128114915929871,28.55629830350598,77.24003729734602,0.0,0.10133732024707012,288.30703875179694,3.4119380718934385,7.0
148400,-0.1693228435062574,0.7690082336161803,-9.50870930461201,0.002062844453204797,0.011941363372807292,0.13661923686044608,6.764861020136401,-34.487471213508876,29.797496967232917,285.6168247265472,1.0658429053629401,4.128114915929871,28.556237593849655,77.24004259638568,0.0,0.41479087163282063,289.0878447096681,4.479838188258654,7.0
148500,0.4973440853478651,0.7393319666292316,-9.865089123726367,-0.008839005699978128,0.002266130704185761,0.131918903783273,13.250331554141505,-33.400383842955634,26.65301157604369,286.36593946680046,1.0658429053629401,4.128114915929871,28.556270699484564,77.24008555172769,0.0,0.47315717098730037,287.55739331380056,0.049799657554822296,12.0
148600,0.5814681441140994,0.7084917441406396,-9.139182447455367,0.002516824838729388,0.0007838923541463091,0.13457882779061553,11.178412853879983,-37.51011216447229,25.01823670915581,287.10036101678406,1.0658429053629401,4.128114915929871,28.556268500476055,77.24013406950452,0.0,0.0694105903370255,289.1651919546971,3.0694118873961194,12.0
148700,-0.07508961240619172,0.622229031598327,-9.735454912216552,-0.0048095768439147465,-0.0062786457086935745,0.15363470978417415,13.949029368036967,-33.109684055470254,27.099118114889645,287.82931280119726,1.0658429053629401,4.128114915929871,28.556260710897657,77.23999326177395,0.0,0.0,285.91596998271166,2.3030767270807577,6.0
148800,0.33475887384310193,0.6489800346109016,-10.026491625939705,0.008081162875069608,0.011606521746210602,0.12009776638065432,14.380545365103051,-38.9318706859301,30.369757935509625,288.5653714404496,1.0658429053629401,4.128114915929871,28.556294444269245,77.24001144785909,0.0,1.521848039627255,289.01713124637376,1.638541337233658,9.0
148900,0.03487785270138606,0.7237070032636959,-9.901560466434809,0.004816859176817039,0.010279722645297706,0.06038749504510719,10.882095610234297,-32.73689539875433,28.138622675672348,289.2863250572594,1.0658429053629401,4.128114915929871,28.556243303472264,77.24001570847314,0.0,0.7187412255638553,289.89748145251957,2.966808209454731,11.0
149000,0.24643055191181512,1.0352015741281804,-9.824431161367322,-0.005690446682385627,0.015095883503822516,0.011836461115074685,13.846051338887802,-32.61564381898458,28.500804034637454,289.28273573255115,1.0658429053629401,4.128114915929871,28.556268195600747,77.24011131329489,0.0,1.3387204841606186,291.71481139448696,6.2532508392998105,11.0
149100,-0.053104506238683624,0.7476880493704898,-9.252402662194303,0.002165110049691901,0.004598015660280783,0.015193900502199972,11.39472929072711,-29.420925969713277,28.50485515200159,289.2745655684988,1.0658429053629401,4.128114915929871,28.556253113410342,77.24007294635616,0.0,0.0,288.88050379867383,2.7651659302054177,6.0
149200,-0.49163669375239083,0.6190803842394539,-9.206100588524546,-0.004834334770816218,0.01229698625567509,0.0012954621224248156,8.35224645099062,-34.09842046295506,27.410855351396133,289.2778107648588,1.0658429053629401,4.128114915929871,28.55626674750187,77.24007885602036,0.0,0.09931458138682607,284.98156755471007,3.3996914700410104,7.0
149300,-0.3116555747996167,0.49508686541449054,-9.98208770022432,-0.013138591616375206,0.012699783040530554,0.009676265568719696,13.866479732965693,-31.745364224709586,29.022767509699797,289.2778792737105,1.0658429053629401,4.128114915929871,28.55630353267851,77.24009278213832,0.0,0.0,290.4600900771686,4.074783264823539,11.0
149400,0.3285246987868198,0.5991700720609755,-10.205222733621127,0.012614708302033643,0.0009847547468230869,-0.0008541181508081247,10.519896808904608,-30.076420977298483,30.802981988908318,289.2655104478351,1.0658429053629401,4.128114915929871,28.556277643994964,77.24009737832151,0.0,0.21869963526708297,289.85691096121684,2.1030539151024286,8.0
149500,-0.13349286487686204,0.49240286962911484,-10.195068899569154,-0.009994539164230504,0.013551461599353446,0.0056547740572212195,14.773753871780878,-35.10330651132814,28.162852493524014,289.263087197542,1.0658429053629401,4.128114915929871,28.556291901400854,77.24006742475628,0.0,0.0,287.88086201277827,4.437450654274381,11.0
149600,0.29050180825474237,0.8334918856956486,-9.787740698987598,0.014834679621050565,0.010732776401447536,-0.019877543844817776,11.475388798002616,-35.27005578038352,33.42170063820908,289.25643769281254,1.0658429053629401,4.128114915929871,28.556250749887443,77.24004634698369,0.0,0.48677444335500275,291.76175431328096,7.15627185004403,7.0
149700,-0.23137657409009868,0.949139227305176,-9.86006497856568,0.0013822355989494591,0.033676675354101175,-0.0006313235521989789,11.465070639862969,-36.307175428366946,28.383614726907673,289.2600393121445,1.0658429053629401,4.128114915929871,28.556266618512375,77.24005580435674,0.0,0.0,289.7739098870423,1.7026291059946674,7.0
149800,0.6228171637952131,0.20862994874901847,-10.109566713301756,0.008650942570388724,0.01446347772371152,-0.005549052646817612,11.23120376641006,-32.80339509160941,29.374851611518295,289.2552094078914,1.0658429053629401,4.128114915929871,28.55625461283381,77.24003714935306,0.0,0.6493324167303043,289.72632825675163,1.0175551228379676,12.0
149900,0.2661136291624182,0.29208330782571423,-9.41356640505074,0.0024888159860818023,0.018295215788204512,0.008927871539690959,9.086569812119247,-36.11529629400791,30.154115748964408,289.25139007578736,1.0658429053629401,4.128114915929871,28.556306476497422,77.24011682518724,0.0,0.0,291.259610629958,2.333339299005594,8.0
150000,0.16548017061336276,0.8149664036576358,-9.556259140219016,-0.023324662591524915,-0.004225219252317956,0.006413493408138434,3.074970157630057,-32.529368368609816,26.82085432062564,289.2525936033962,1.0658429053629401,4.128114915929871,28.556251956113133,77.24006571602554,0.0,0.13907923325239552,289.42416603113435,3.5710240388072823,13.0
150100,0.42189393312043344,0.5236597266413545,-9.955398976534708,0.002358611569845744,-0.0009913426146002276,-0.006105780936773562,13.564828716681665,-33.27335880945821,28.498982937432118,289.2456946627073,1.0658429053629401,4.128114915929871,28.556256450815166,77.24009610000685,0.0,0.0,290.7383191875665,2.5092144600371773,10.0
150200,0.04385770478825034,1.051920987619378,-9.750769581375948,0.011511949705779994,0.0010519305482734448,0.00653525187597694,13.191531677353453,-35.37306068235924,27.883732346504537,289.2635275556927,1.0658429053629401,4.128114915929871,28.556246573049712,77.24005656040954,0.0,0.0,288.63468708894453,0.84853809783456,7.0
150300,0.12442520031002459,0.9710143156575788,-10.200059935910147,0.00445739016817917,-0.004938327591555196,0.00905164492729535,10.329663869544321,-34.570452984508066,27.774113973248806,289.2790892790408,1.0658429053629401,4.128114915929871,28.556268476503625,77.24008492172105,0.0,0.3255041668321801,287.8675100139687,3.218381873683427,12.0
150400,0.5992559384330286,0.5537989490425244,-10.046867589542291,0.005170927415269016,-0.005383615376722572,0.010683730482843875,13.198366269227913,-32.270897641835525,23.433386966351243,289.28185119913456,1.0658429053629401,4.128114915929871,28.55622094631651,77.24009047634149,0.0,0.2812286334433555,290.143278840728,4.25479637377474,13.0
150500,-0.1201897823260025,0.4681682992916646,-9.558700068929054,0.010485509381735734,0.010323735305944937,-0.009576376272317718,12.238502636978263,-31.684381293871965,29.05918665430678,289.2922355353748,1.0658429053629401,4.128114915929871,28.556274818547774,77.24008561141916,0.0,0.0,288.15047789279305,3.9468526907275137,8.0
150600,0.12376840176234502,0.5666969793115413,-10.093194798646685,0.011942999065459297,0.013575166615205518,-0.0005135922881233253,9.932808760406733,-31.16283756360431,28.449813225337437,289.304000488288,1.0658429053629401,4.128114915929871,28.556298468084805,77.24010478935436,0.0,0.0,288.366788047928,4.216100632294648,7.0
150700,-0.18014852323244565,0.715995145680841,-9.523464421353605,-0.006867888469047915,0.014818026341552302,0.0015119629216191457,13.355175258175448,-33.16789618324908,27.412139312583626,289.29728410525365,1.0658429053629401,4.128114915929871,28.556244892040173,77.24010481184062,0.0,0.21251877107393322,286.51077633874075,2.4635383002879405,6.0
150800,0.5512397858458682,0.7885220308134612,-10.036193500710715,-0.018963775363078254,0.0016778384908459473,0.004484441871921477,11.414921218979627,-35.690503324588214,30.264562571318617,289.3019439617517,1.0658429053629401,4.128114915929871,28.556289887243565,77.24008551841764,0.0,0.2503338247080101,287.43781884616664,0.43172584245171386,9.0
150900,0.6492366077000264,0.7292437350098075,-10.158819271091822,0.011988795353051723,-0.010291417674526532,0.014669263872944649,7.872915051685485,-33.82820420891108,27.723946313113615,289.3233033684294,1.0658429053629401,4.128114915929871,28.556294084914455,77.24005901613114,0.0,0.0,289.1869700208789,4.600702624719939,10.0
151000,0.2057958761276542,0.6826456530107472,-9.616021223178723,0.029559565472856274,-0.004811682418122795,-0.006102504415225428,14.595041005000327,-37.91436565502296,28.81501047872263,289.32715709866727,1.0658429053629401,4.128114915929871,28.556278218241108,77.24001379441928,0.0,0.0,289.75158602715067,0.7250434156562515,10.0
151100,0.3546415094523484,0.4834431872809588,-9.771298988545224,0.012456308571688387,-0.0003158659378416414,-0.0015230094186780242,13.402772791082029,-32.66265191863927,27.366248750784056,289.3193345452695,1.0658429053629401,4.128114915929871,28.55623059582515,77.24006673025175,0.0,0.0,288.8275438038177,3.2302098254704124,8.0
151200,0.32984260703722373,0.9912859110886948,-9.569214346100814,0.017378178211487384,-0.017719902760595818,-0.0014902604058487992,12.30295663711796,-33.46917397987004,30.51075365759766,289.32699126529883,1.0658429053629401,4.128114915929871,28.556248725552084,77.24005435171394,0.0,0.0,288.1516057701103,3.991739448438785,10.0
151300,0.3084452094427186,0.8487956364519667,-9.5794955320217,0.01870006881821401,0.00598779921912461,-0.0055923815177141714,10.316022778344765,-29.97511425204064,29.875466433735372,289.3263007919387,1.0658429053629401,4.128114915929871,28.556312927297615,77.24005315617703,0.0,0.02919021916059599,289.2850368404942,1.7220507862639487,7.0
151400,0.1823203139304393,1.2040495799858797,-9.812827244819209,0.005664796627506437,0.0030893689234452633,0.01364363941204954,12.917470048550806,-33.53511791409757,25.658803350477395,289.3289614433763,1.0658429053629401,4.128114915929871,28.556304668025895,77.24006370707805,0.0,0.0,289.99794019743547,3.2029645536361935,8.0
151500,0.07125315926686325,0.7956561011338841,-9.377904653027073,0.0009228240170760041,-0.0012159053578435644,-0.015600550815075158,14.077897923253637,-31.62685197247479,28.002649897821627,289.3291443012256,1.0658429053629401,4.128114915929871,28.556327603910713,77.23998587639336,0.0,0.0,286.4392501751806,2.970159775713824,7.0
151600,0.07339617366530088,0.5995455544535448,-10.052610700132133,0.007544095175561004,0.014627123314161088,-0.0019105898500384718,9.552637072918893,-31.20116446599702,27.093837639267182,289.3291757854237,1.0658429053629401,4.128114915929871,28.556245365906822,77.24004646811275,0.0,0.0,289.30747873505027,3.585020903875636,7.0
151700,0.40639593397949536,0.9393294489569601,-9.725207680269992,-0.0068544109822998795,0.02052659964647682,0.00222301605565155,8.202598128115323,-34.02141112410296,29.310632020983125,289.3227844425147,1.0658429053629401,4.128114915929871,28.556292761961686,77.24001526883839,0.0,0.10855433002236312,289.28237577595496,5.490738906087536,12.0
151800,0.02466207685818894,0.2775728618290922,-10.090795636909554,0.01741354492513001,0.014340379144937503,-0.004063289872290557,9.781035297925506,-31.056819997230804,28.064325194282006,289.31509440261425,1.0658429053629401,4.128114915929871,28.556268524999812,77.24009249521403,0.0,0.0,290.02970679472446,3.319517050185934,6.0
151900,-0.09211934745234387,0.700869223386204,-9.834212741915822,0.0036841055469018385,0.02124116233848786,-0.010703727778533918,15.685693557748618,-31.042288054005073,28.64605792823691,289.30973698890546,1.0658429053629401,4.128114915929871,28.556286981516944,77.24004717724509,0.0,0.20131987233995327,293.1290317750261,3.5060903263107197,8.0
152000,-0.11941435102800638,0.9846850390094795,-9.371798937259122,-0.009572290837792603,-0.002706828822468323,0.0005007688125447606,9.100533320010948,-31.437984848830958,30.933448029151116,289.313576187267,1.0658429053629401,4.128114915929871,28.556268385065277,77.24006304697622,0.0,0.0,291.6431725391685,3.949563175208187,7.0
152100,0.29874907493781455,0.8022175998130784,-9.335736747965703,-0.0015473860899925,0.0019469948865131867,0.002009946074365394,13.714173363717876,-33.01521476096753,27.830365411332114,289.31640587830935,1.0658429053629401,4.128114915929871,28.556255564574396,77.24008109442156,0.0,0.5081305261622447,287.3454227600241,3.4885483480129027,11.0
152200,0.05176878407398104,0.7411827897302674,-9.581691009147034,-0.008233718561021796,0.02039575701159362,-0.014229534043775072,9.570925569155317,-32.435760456297984,29.143503951637545,289.311947810189,1.0658429053629401,4.128114915929871,28.55621634951378,77.24002053457674,0.0,0.5207790890125669,289.9934379569313,1.375944963442524,13.0
152300,-0.040028701735182304,0.5035366542928392,-10.283401307067479,-0.0045885990999943085,0.0008885781537294212,0.010447339209481314,12.528105606405944,-35.58994932140129,27.95942774694919,289.3222042029692,1.0658429053629401,4.128114915929871,28.556237843375605,77.24001818897449,0.0,0.0,288.99217901350113,3.2009055167966363,8.0
152400,-0.4150715919422958,0.8452246562806016,-9.529170851313983,0.01137647041307957,0.019317989947207355,0.022547661778787892,8.958067215135035,-30.51435354556095,30.923411302364517,289.3158441232118,1.0658429053629401,4.128114915929871,28.556250519198365,77.24008382532884,0.0,0.2815750261453533,288.8469018627048,6.575274824422862,10.0
152500,0.5280226258217176,0.3390768773870138,-9.781232299745124,0.008298639703403773,-0.010147733351646707,0.006034153372069572,12.025709274781807,-31.491435170004173,28.031656502455096,289.33211728998725,1.0658429053629401,4.128114915929871,28.556227850696338,77.24005545266682,0.0,0.4590638958172172,288.133876002018,1.9280199557294988,6.0
152600,-0.29770928441506916,0.4015319882610904,-10.084663018375755,0.013884035591691896,0.00015929806477758737,-0.007328297476592399,11.8574427139878,-30.201199267035197,30.659630693801226,289.33366416331086,1.0658429053629401,4.128114915929871,28.556284472791333,77.2400430233825,0.0,0.0,288.82579798095,2.5432357778257453,10.0
152700,0.1625146601180267,0.599106955465387,-9.960012137063027,0.0024426105828989136,0.0020975238910227634,-0.0035346272119243793,14.345498124389849,-31.785772517091306,31.28496552984513,289.32197195929706,1.0658429053629401,4.128114915929871,28.556289578544035,77.24006087391263,0.0,0.0,290.7016214983612,1.200981549480649,7.0
152800,0.2919524302043314,0.833924549387725,-9.493097981789536,-0.004960719260072037,0.009634845728286972,-0.007969054454588908,10.4072308954873,-34.338710721193486,30.22252696673035,289.3227028394998,1.0658429053629401,4.128114915929871,28.556304793415293,77.24008550841089,0.0,0.0,286.20764389251684,3.6719523517461186,7.0
152900,0.009862347126759735,0.7471455586829676,-9.918618847758767,-0.0045794662348882685,0.0052452456870621215,0.008168696954777965,15.161539354539187,-31.18483033113143,32.095974863522,289.3237886216432,1.0658429053629401,4.128114915929871,28.556283745883544,77.24001621529997,0.0,0.2520554797022364,292.0404551841775,2.6255142885136595,6.0
153000,0.3595299998018271,0.9718297944652801,-9.240416479254282,0.002189553758101764,0.0033698607152336147,0.005447839735413363,14.844606534623791,-35.79826474453135,30.72469175865061,289.311602651858,1.0658429053629401,4.128114915929871,28.5562857732886,77.24002946197196,0.0,0.0,282.39396828767775,2.690062123270683,11.0
153100,-0.06222358758219221,0.8921824223060455,-9.174503062188473,-0.008766226989658031,-0.0028608131881639274,0.004403723005716452,12.355061155497797,-32.1854365078953,27.591776778130132,289.30093225131685,1.0658429053629401,4.128114915929871,28.556256672555033,77.24004595715047,0.0,0.0,286.82804052389025,6.667178329439867,11.0
153200,0.8529005929015203,0.9588225405308324,-9.751894124162765,-0.010758430223272539,0.007601840236643096,-0.016284455252558106,11.836716906436612,-35.28616399733836,33.039035897737165,289.30514562475685,1.0658429053629401,4.128114915929871,28.556290924442113,77.23998880883119,0.0,0.0,289.1218850684122,3.8173819784721417,6.0
153300,-0.13707254204141997,0.7970127965588786,-10.306049923544476,0.010571800362394579,-0.007867350056857372,-0.0005758875608816976,11.932142100065011,-32.57604119083082,30.01404697191595,289.30471836652015,1.0658429053629401,4.128114915929871,28.556247424298192,77.24009496208653,0.0,0.0,290.9877910114389,5.644285097081202,12.0
153400,-0.12075888641126156,0.2564456266479866,-10.201350206593586,0.014474567891538153,0.011265916435569621,0.013801476255095181,16.702105161783308,-32.76636365195543,26.46419847532679,289.3140380962784,1.0658429053629401,4.128114915929871,28.556251125484582,77.24002662528231,0.0,0.0754538203365103,287.59612788572036,5.5046306528182924,8.0
153500,0.06117525033456536,0.5699486755946518,-10.156221665327672,0.008179985699965963,0.0036402983789804045,0.00920104902735033,11.683078990029868,-33.48692273039602,29.744008566351333,289.3099572490834,1.0658429053629401,4.128114915929871,28.556290073201684,77.2400715968896,0.0,0.0,287.96962352465675,2.9894252203452725,12.0
153600,-0.4338904833084416,-0.08923771985075157,-9.847768563878223,0.0010393676774079685,0.0058004782572167604,0.007291338539246258,13.761479735392395,-33.37566762380192,26.840393119727548,289.32048657595806,1.0658429053629401,4.128114915929871,28.55629266518074,77.24004700429597,0.0,0.2890158576432903,289.59302012165847,2.676453061561506,9.0
153700,0.7342717412159562,0.3626237748483471,-9.621578431766006,-0.011586063249145944,-0.00038092630832213537,-0.0008922493635807002,7.289932204962369,-33.63485770624005,27.890262972820825,289.31399938760205,1.0658429053629401,4.128114915929871,28.5562869729979,77.24008985105682,0.0,0.15595507555680474,289.09483733376806,0.10295707882466765,7.0
153800,0.42470429842370927,1.0995341955299818,-9.795474618384612,-0.00595084662206954,-0.009075239866088422,-0.007757291166040329,9.693653228209277,-31.289252577537507,25.222939659971203,289.3017375213226,1.0658429053629401,4.128114915929871,28.55624676257749,77.24006077875137,0.0,0.5075123189790003,291.3605520527673,0.4170897000995111,11.0
153900,0.07468564986894852,-0.021818582202921766,-9.857522919188543,0.004502176612009228,-0.0074383651189094775,-0.0037540086914564395,8.55948551677023,-32.30060427914091,25.410865782018572,289.31360933779155,1.0658429053629401,4.128114915929871,28.556277728889025,77.24002947436577,0.0,0.17332422348595156,288.8471341336403,2.470981252252643,6.0
154000,-0.13797055280399148,0.29156363311901495,-9.578711295145258,0.003963349266831171,0.0049960744048061015,-0.013632464728966558,10.485096789189301,-33.60738214332562,24.627912398990304,289.3334348282913,1.0658429053629401,4.128114915929871,28.556252082548003,77.24006408169382,0.0,0.0,286.2064376449937,3.2400446136647796,8.0
154100,0.4604601155139638,1.1129654237261424,-9.572639630936676,0.0018957617321308184,0.013354621889463715,0.010823970652472165,11.313561396787891,-32.82542663899366,30.326513830152333,289.3322394160974,1.0658429053629401,4.128114915929871,28.556297374093226,77.24002961948598,0.0,0.0,292.56278460139896,1.5316430741083202,8.0
154200,-0.13493550024712356,0.5707110355018696,-9.629511157988755,0.005479510004119806,-0.016853214436544584,-0.001378063056972383,11.902015172264788,-33.78835536509323,26.589603309998793,289.33359099443146,1.0658429053629401,4.128114915929871,28.55629720732708,77.24004534082492,0.0,0.0,288.42639353955605,3.7108701577101524,10.0
154300,-0.017913059971248896,0.0153783551195521,-10.255228833303141,-0.00811315315355229,0.00649236623312088,-0.020148996119757012,12.014403512815477,-32.0785652161532,28.33446420237917,289.3189657026663,1.0658429053629401,4.128114915929871,28.556298324705324,77.24005116273477,0.0,0.16963183829048226,292.14770841329585,2.745606560271325,12.0
154400,0.4223253653112172,0.5443534362169649,-9.845528286135806,0.011161092270763492,-0.0073650073737886,0.005928436447765991,9.37035992888621,-32.57231522856831,28.44106314152794,289.31795344357346,1.0658429053629401,4.128114915929871,28.556207672624335,77.24001523409122,0.0,0.1146493734827966,289.0179053255622,2.838142625471909,13.0
154500,0.4094116971267856,0.5079823706969073,-9.117294491673839,0.004108108046336588,-0.0026939136349455224,-0.0015136205045687503,9.958585596722855,-33.213054622252216,29.383941823085568,289.3146407225928,1.0658429053629401,4.128114915929871,28.55622242937633,77.24009796985237,0.0,0.19974111843633208,287.422622667328,4.897297390197908,11.0
154600,0.4008770116014255,0.4875104939894085,-9.938059963208785,-0.0014453655796874024,-0.01721890602976985,-0.005497949350291058,13.931638756251399,-28.388429553360815,26.996165012553643,289.31076726847544,1.0658429053629401,4.128114915929871,28.556286008437674,77.24008215333991,0.0,0.27836694594152106,293.16865618859754,0.331624146433414,10.0
154700,-0.1222233153749179,0.8136160049671194,-9.788728388861987,0.0009332560813712716,0.013357454961843266,0.003007211015139071,12.525115441160732,-34.52026156963871,26.280740915921324,289.3262668379724,1.0658429053629401,4.128114915929871,28.55622442445466,77.24002742202589,0.0,0.3044319107759457,290.8762431594435,2.004912475492873,6.0
154800,-0.083606311918248,0.7964665614478482,-10.008147065329789,-0.010911271482989753,-0.016251596974880565,0.004146118391104573,14.049738280141629,-34.73647239822821,31.32803414362624,289.33236358021185,1.0658429053629401,4.128114915929871,28.556248012327647,77.24011344749513,0.0,0.0,289.7077273779062,3.1794505696102613,13.0
154900,0.2919730061826461,-0.01605716458549611,-9.65754519601423,0.004031617096025689,-0.004197514742715592,-0.006266057262260815,10.598121403847966,-31.472154733049273,29.427520799857973,289.3207171138045,1.0658429053629401,4.128114915929871,28.556268033630154,77.2400719766402,0.0,0.4122113523124144,291.19994693741654,1.2544776453661584,12.0
155000,0.10499412776077685,0.37200323596990476,-9.602688383323741,0.00021285806038079716,-0.00792294505703824,0.02492457702093442,17.137687955431442,-28.872859115872856,28.22368314041189,289.32428820193724,1.0658429053629401,4.128114915929871,28.556299900353167,77.2400476253087,0.0,0.0,290.96692024417484,1.7757954500406967,9.0
155100,0.7461075865199928,0.7477291411621935,-9.582776302073945,-0.009898336336509227,0.003140825004841697,-0.0027028971111580187,11.86721844377248,-32.84689601702365,31.08091973408291,289.32091417771915,1.0658429053629401,4.128114915929871,28.556287893129845,77.24002249980033,0.0,0.7351415858558077,288.2544679507199,2.515645068496828,6.0
155200,0.19729173674474304,0.5432458603037685,-9.978614758604541,0.011011566982756266,-0.0015241449720501156,-0.0017110075327406368,11.852768038620965,-32.015144027719586,27.600206896275566,289.3144868781918,1.0658429053629401,4.128114915929871,28.556195833411756,77.24006118681456,0.0,0.5348244969668106,292.2890332945605,4.283953658893299,13.0
155300,0.5498540859629656,0.5248654021939269,-9.56141117371362,-0.018316347839797856,0.015635317797264323,0.006720378096978646,10.520483275616073,-34.23880897360444,24.315203775878327,289.31909622761714,1.0658429053629401,4.128114915929871,28.556256041576166,77.24005321311208,0.0,0.6926286891527541,289.6199308518613,3.427653445947916,12.0
155400,-0.19522993458654336,0.48463301427064537,-9.002120026191925,-0.003704630174210752,-0.0012393504933227032,0.02152599234942982,9.93319200101709,-31.72757699459895,27.828784428623084,289.32327353406544,1.0658429053629401,4.128114915929871,28.55624881620095,77.23999739446339,0.0,0.17913941224825922,287.96896516242384,3.158014618851945,10.0
155500,0.7939217264427854,0.6780791474990259,-9.824031392438835,0.0009945256323871338,-0.0038709211130735404,0.007302964676540126,10.201278483987963,-31.087306240066155,24.252210644746615,289.3363712628495,1.0658429053629401,4.128114915929871,28.55624597385785,77.24006142400758,0.0,0.0,290.86198802480516,3.3481613437378335,10.0
155600,-0.07646489254695607,0.34369040434776094,-9.72952937677307,0.00854074311294525,-0.0018118359692163473,-0.001974679892450741,8.399162306895354,-35.25273758716363,27.483093378062602,289.33586732387704,1.0658429053629401,4.128114915929871,28.55623258736398,77.24004000914925,0.0,0.8870364502401433,291.44155366518436,3.8872507519136805,6.0
155700,0.16755766821976398,0.9575773063574055,-10.16415411105119,0.0047923285839098426,-0.0015511642772477463,-0.00112424215926477,8.797916704864067,-31.26932418006607,25.351081061089054,289.3304766843636,1.0658429053629401,4.128114915929871,28.556327258912784,77.24007811896738,0.0,0.0,289.46025798983976,1.0425587035216997,12.0
155800,0.17442060727578346,0.7387091863979076,-9.790690223234662,-0.0008564723539714555,0.018050118472264925,0.015955558705753693,13.913196801128773,-37.95756820569909,27.222471691397413,289.31837157412747,1.0658429053629401,4.128114915929871,28.556254625502778,77.24003323862644,0.0,0.0,287.5170464674138,2.9417054504919546,8.0
155900,0.01451253963220428,0.6160299609351169,-9.837611715963533,-0.004201024366532538,-0.004403031663090517,-0.009467353386058985,12.37645527343496,-30.49425515288466,29.01506038377257,289.30330850094003,1.0658429053629401,4.128114915929871,28.55625937991132,77.2400258574092,0.0,0.0,287.68916450641814,0.4437514864106733,10.0
156000,0.5950815966337524,0.7838100583589644,-9.570032213084763,0.0009260944245926819,-0.0002597540597314837,0.005261381559948455,9.340888719417862,-32.299274484896245,29.950584173507426,289.2937377358668,1.0658429053629401,4.128114915929871,28.55627030797311,77.24006569682969,0.0,0.0,287.53315859274113,2.016194530090382,10.0
156100,0.3719860861655439,1.0218861859074402,-9.662313702475545,-0.012365035363917483,0.013008358247188868,-0.0004004777169046335,11.927577246754606,-33.14526846647887,31.466264953486622,289.29817272110574,1.0658429053629401,4.128114915929871,28.556248358345368,77.24010222912426,0.0,0.361012362468537,287.83235187973503,0.5881499659458815,12.0
156200,0.5993568916656118,0.0399208715312267,-10.018833160010379,-0.0005323690528972324,-0.0043513586180967375,0.0028195649618455378,9.244983144803786,-32.79713809785603,28.58681611620175,289.3066667922764,1.0658429053629401,4.128114915929871,28.556278610375543,77.2400679746097,0.0,0.4053614919596438,290.81200645726244,0.8557395070203127,7.0
156300,0.8224480445361786,0.5687165520895052,-10.09581724540795,-0.004481741261905897,-0.009423039603135952,0.007646958076376955,9.26346558397481,-32.73335437940136,27.496362667516454,289.2903761561083,1.0658429053629401,4.128114915929871,28.55624831350781,77.24001691149944,0.0,0.0991256640591586,291.7553732610611,1.9045895755361109,7.0
156400,0.04645499889253968,0.4256726207518242,-9.611655209746282,-0.006640059421823013,-0.00020388881096422388,0.005644652902250443,13.395601333552126,-36.5964748797785,26.073812077376914,289.2963440389357,1.0658429053629401,4.128114915929871,28.55624073108099,77.24008902337826,0.0,0.6406226514303894,289.33932569412775,2.265498365565678,9.0
156500,-0.029614550562704983,0.895299234462182,-9.873102597690092,0.005338253606743931,0.005532315131121856,0.011522883357524414,10.3079515744895,-34.220974555598374,27.483363986885983,289.2774075252757,1.0658429053629401,4.128114915929871,28.556273048721195,77.24004601123745,0.0,0.08301113421550899,287.98866191152194,3.4623994966177865,11.0
156600,0.09503090887822507,0.8487391502837558,-9.566828320590684,0.014778481560626059,-0.0037067208870200314,-0.021260318645011596,12.941827681743849,-35.693189492119416,29.91039714773372,289.27305421178534,1.0658429053629401,4.128114915929871,28.556236707901327,77.24007106349761,0.0,0.10090262891266777,288.22602723599385,3.1974978295831553,8.0
156700,-0.13556400823323791,0.7023590332160197,-9.27751744159091,-0.01909283910098702,7.562011499673369e-05,0.004231416297515108,12.591433543987508,-31.727665075469087,30.839692997653927,289.2741891871775,1.0658429053629401,4.128114915929871,28.556270293979516,77.24005121073023,0.0,0.13571009560599384,285.5644457697464,1.635197847487032,8.0
156800,0.30631383492725006,0.4645531636054081,-10.094829388594624,0.011904799172985914,0.003178862107020366,0.003961116046774429,13.096855823336627,-33.87345574431662,28.714548681194987,289.2561609256104,1.0658429053629401,4.128114915929871,28.556225559358694,77.2400740546434,0.0,0.0,287.93683432329016,1.8828976404211535,6.0
156900,-0.17203571123498645,0.9675955474146654,-9.124892335136273,0.015837662810637063,-0.004175281134008634,0.01238130117777756,9.782952147257038,-32.291240023463445,28.861756714993845,289.25626795114897,1.0658429053629401,4.128114915929871,28.556263293401244,77.24005309188945,0.0,0.0,286.3588690814737,2.9074443649148547,8.0
157000,0.4367757862134774,1.0605270737777306,-9.461049544619922,0.007731877931992764,0.014948377447654225,0.010021910910496883,9.327487432581139,-34.94150874560031,25.933361687027862,289.28036409671023,1.0658429053629401,4.128114915929871,28.556244803234602,77.24005592100336,0.0,0.6756615975313399,290.48672293879315,2.1363362764965137,13.0
157100,0.17511447239990288,0.5189260836164904,-9.993374730759637,-0.017740630415311202,0.006959424178427193,-0.001664059258783845,9.959868808377076,-31.215430012677558,26.20290678669667,289.2909549333249,1.0658429053629401,4.128114915929871,28.55628318344538,77.24005444285802,0.0,0.647730910149335,287.6497854451939,1.8908739109858121,8.0
157200,0.41278675235425955,0.6303104684505677,-9.458909951511853,-0.015521094102480152,0.010018419760737933,0.011481680736089572,9.145572072728596,-33.68847351900866,25.937888634514128,289.2970496176482,1.0658429053629401,4.128114915929871,28.556236839167557,77.2400400664741,0.0,0.0,292.0440893328279,0.11129935493140852,10.0
157300,-0.222048745929416,0.8660770772670177,-10.19124219356953,-0.0033357331512554158,0.015315179595210122,-0.0018933259860873693,9.745807116515273,-34.50211200373312,22.386620123093724,289.315073720649,1.0658429053629401,4.128114915929871,28.556321241388694,77.24004740927394,0.0,1.0758095904812892,288.4281687626101,4.753280011647151,13.0
157400,0.002431842297854564,0.47988040481207783,-9.684826634727521,0.007589898217778691,0.007748599777155365,0.015500188368949303,12.134294504877971,-30.695166282591487,30.216352128940784,289.29714257678137,1.0658429053629401,4.128114915929871,28.556220493277156,77.24001167788879,0.0,0.4771379911218057,285.5440261163044,1.5919456798911944,13.0
157500,0.4142842022189328,0.3027303581406103,-9.303527825696634,0.011257570353186131,0.024313520518059212,0.0139094759403969,11.918501250631216,-32.74617914415042,26.87134460017517,289.2950658482612,1.0658429053629401,4.128114915929871,28.55624347538686,77.24003223210187,0.0,0.0,289.46167690077175,5.791718491929162,13.0
157600,0.5994523661302746,0.7518971170743939,-9.277355776674053,0.00946201802745772,-0.00960060568583003,-0.0035097555660611414,13.277338765030798,-33.06748486983187,28.108017865291448,289.28929057017035,1.0658429053629401,4.128114915929871,28.556251424735063,77.24002417254282,0.0,0.8862670706470961,287.40752190942874,4.581383683038657,13.0
157700,0.5235478505791863,0.24054461223444495,-9.874445106226819,-0.0056411155778996365,0.017356213233721066,0.0018331802040744707,13.891320241885207,-31.590666133671498,30.01385695385316,289.296716797715,1.0658429053629401,4.128114915929871,28.556253675150256,77.24003238510586,0.0,0.3432740886452299,289.9629557593953,3.7696896945383678,12.0
157800,0.075301526293208,0.6369166273569289,-9.551613022477367,0.0020115296709443896,0.021962915188893026,-0.007950235015727024,8.812150273612973,-34.91058769603379,27.486909429794796,289.3037727761367,1.0658429053629401,4.128114915929871,28.55625471020338,77.24002911582025,0.0,0.9028749403069243,289.5343853510344,4.210690743201758,10.0
157900,0.5286047443375774,0.19836005759374897,-10.219869754651597,0.00044933022801308547,0.0061752917114375715,0.002145557889352271,11.754631454529447,-34.70417398868798,26.668048805307336,289.30559492426346,1.0658429053629401,4.128114915929871,28.556223655812357,77.24006797981916,0.0,0.0,287.8669178416915,1.235461750491944,11.0
158000,0.6746252380760365,0.40215756319511337,-9.309115311849455,0.0016780467603820068,-0.0032130702939678407,0.007797489670387984,7.391075235322135,-33.33587529568301,28.41630871545507,289.3069719740859,1.0658429053629401,4.128114915929871,28.55627611104457,77.24002349497881,0.0,1.3740905495912403,286.5033687675082,0.6481769662623398,12.0
158100,0.26167325406188385,1.1654569304655684,-9.936648129942968,0.003979823067445418,0.027613907089848313,-0.03807208300823557,12.472232444506874,-32.16215907912765,28.86805706458206,289.29890736216794,1.0658429053629401,4.128114915929871,28.556244796343393,77.24005396426381,0.0,1.2237269576852512,290.94290161819276,5.274837556936768,7.0
158200,0.4733041432991879,0.633610420814444,-9.787170400144396,0.003197005114255866,-0.0033942233301777073,-0.10638553621138941,12.655578475810673,-31.896155745632694,27.242691503013493,288.7260943760067,1.0658429053629401,4.128114915929871,28.556268114003764,77.2400973358981,0.0,0.9321664562506307,290.39833809672723,5.108527980487729,6.0
158300,0.8698545555059458,0.42163381516679255,-9.629250519507314,0.0017205237830546331,-0.01056695548705085,-0.10092988182020148,11.535162480748333,-31.602087268128667,27.72281975960889,288.1424955745722,1.0658429053629401,4.128114915929871,28.556262999811935,77.24002207606583,0.0,1.4076742159233477,286.8227995511773,1.2749528414462397,10.0
158400,0.19681508134228787,0.17897984211533013,-9.867523838876693,0.009116297698204438,-0.01411521766303692,-0.12563049497510276,10.264356060986566,-38.506574279728426,29.250181388457488,287.5501591492175,1.0658429053629401,4.128114915929871,28.55631736406946,77.24005601968183,0.0,1.0863474628419214,290.9972954601207,6.406972071137908,13.0
158500,-0.05943127455015446,0.5746601424485643,-10.151678859851511,-0.002591190886641666,-0.0033523112453648354,-0.10758710053845366,8.309283222969277,-31.843550076360614,27.003787784124206,286.961634479346,1.0658429053629401,4.128114915929871,28.556295232971856,77.24002817558454,0.0,1.4476704661333284,287.9583919216232,4.7460925965704135,10.0
158600,0.7865179883505955,0.5841418838841944,-9.284988073231306,-0.018289242086916208,0.0017279372209545465,-0.09088579674349491,10.234251490668006,-31.539343576788045,31.58415735798862,286.3587898582739,1.0658429053629401,4.128114915929871,28.556251999086143,77.24002922708695,0.0,0.6169543868005086,287.35905667746476,2.5689845059355187,7.0
158700,-0.31700535389917794,0.7687660590063211,-9.99684808120488,-7.848350538338386e-05,0.02088676203085967,-0.10431432041945567,10.047816170222523,-31.013781809941953,30.7240788287606,285.77918727842456,1.0658429053629401,4.128114915929871,28.556332818452034,77.24007860320998,0.0,0.7968638048625232,287.1912625088554,3.200233416630451,7.0
158800,0.914740369665648,0.8248177677979253,-9.275542316616336,0.0047123359406195785,-0.0009806814385439344,-0.09055207964977664,5.971860432382704,-32.30663898774858,29.839797890672983,285.2129894228975,1.0658429053629401,4.128114915929871,28.556281606359978,77.24009726946302,0.0,0.04660297248766421,288.57613437728236,2.7130852308877196,8.0
158900,0.17066184502469664,0.5426270747632244,-9.270072355540208,-0.00935114531325804,0.019887126724931023,-0.10513702605207254,12.193675409399924,-33.78670629834372,30.421010129323506,284.6437059602616,1.0658429053629401,4.128114915929871,28.556324760395842,77.24006057788301,0.0,1.129521472909262,285.52640947053396,3.4075004915959495,8.0
159000,-0.37692062814473215,0.32797805274529646,-9.206264568026777,0.0006867015459318701,0.013603465225504593,-0.09948152732530088,10.201270231660796,-37.715802552323545,28.466979444839726,284.06629536480256,1.0658429053629401,4.128114915929871,28.556296165000983,77.24005891635164,0.0,1.5262279892267536,284.5843778817779,2.1415383608476635,12.0
159100,0.5451327472713994,0.40750746874717303,-9.861681879286046,-0.0251160875528094,0.021504344401738575,-0.08986993579329361,6.466154437448309,-33.5922130870736,25.938777131885733,283.4883004949344,1.0658429053629401,4.128114915929871,28.55628850908449,77.24005228994905,0.0,0.5034602681641974,285.8604282541578,3.2388850039236714,13.0
159200,-0.5470466282472022,-0.1511765354824659,-9.75336203403041,0.002172842130010689,0.008297412167557368,-0.11131299639727414,6.195776174834613,-36.70560626500903,29.652100331002206,282.9075106230647,1.0658429053629401,4.128114915929871,28.556300416307327,77.24008763683405,0.0,0.5271147847413624,285.92868700145937,2.0778806973540975,9.0
159300,0.1872444354641832,0.6627222426932696,-9.92508480663273,0.005021587979576293,0.019788444739334724,-0.08305947001177608,8.735957839927327,-35.46590291942228,28.240138272608572,282.325555420274,1.0658429053629401,4.128114915929871,28.55626939894905,77.24005125210122,0.0,0.8171548531109839,283.1425508073474,4.8277569056637955,10.0
159400,-0.4954548627221379,0.8955844533066208,-10.512463838020105,0.0008730726629424038,0.02187444624565819,-0.10835124866679291,6.992138672830636,-32.37836951751967,29.36800386878707,281.73591858202997,1.0658429053629401,4.128114915929871,28.55629374400066,77.24006488451167,0.0,0.0,281.9056311566954,2.504831859926981,11.0
159500,0.1479080706715003,0.9138377811106804,-9.420379391669544,0.010606341892377882,0.009369670725850071,-0.08345430891615041,8.153805534744997,-31.912280895391646,31.019439626751286,281.15424518743407,1.0658429053629401,4.128114915929871,28.556259568139904,77.24009605705531,0.0,0.0,278.5802928659998,3.48281484069222,9.0
159600,0.5549729108898575,0.0038176381103414148,-10.104768148556062,-0.0048626210221804555,0.006438485653806105,-0.09243159059138255,3.7898455560932396,-31.524258501126358,27.914679201955227,280.5801027122209,1.0658429053629401,4.128114915929871,28.55630390385877,77.2400787961248,0.0,1.0512941539807925,282.6062674618496,1.9910100871852687,6.0
159700,-0.13754982796551646,0.8281653538995496,-9.230229898045424,0.02020989302851671,-0.0007139894042851253,-0.09133734291104752,5.070265122638824,-34.28231991352451,26.96032738838689,279.99647584933496,1.0658429053629401,4.128114915929871,28.556286599519684,77.2401092570966,0.0,0.5927730564583225,281.6705116597248,0.12426110825178327,13.0
159800,0.24386791033951105,1.0351480291703086,-9.574544224612287,0.02258203703802632,0.00048735511557850084,-0.04939527373875481,3.8843393569180247,-33.021983046901646,32.86284736821807,279.4025424885061,1.0658429053629401,4.128114915929871,28.556240986473433,77.24000886588722,0.0,0.5979352667726054,280.6625913710135,4.301408764959344,9.0
159900,-0.6045913417469622,1.0684710999850264,-9.943195922902973,-0.0075157756291074984,0.014991616902264391,-0.008019038214143313,7.366916560723321,-36.70487690928685,29.630886846194848,279.3811728727751,1.0658429053629401,4.128114915929871,28.556258367981222,77.24004254226703,0.0,0.7560738246187082,274.53914063260885,0.3038267636844916,7.0
160000,-0.5924609031620026,1.061402996473749,-9.592359395596304,-0.0181717206982455,0.014293116626056927,0.010085219817215454,4.024375304189545,-33.48931188548636,31.368270452151126,279.3676404549718,1.0658429053629401,4.128114915929871,28.55622665724856,77.24002677540541,0.0,0.6179574516328611,281.8279971977968,1.6399377405911935,6.0
160100,-0.38623476794050515,0.40772684366168105,-9.753067858483487,-0.008217273621835944,0.013676929292038863,-0.0018589292647187795,5.4297381434700025,-32.85606747706989,29.742114820630494,279.36898966406295,1.0658429053629401,4.128114915929871,28.55622772277029,77.2400211853503,0.0,0.5470683099254806,276.4108523842868,0.6999276746720482,8.0
160200,-0.07249106549481923,0.6571882793995985,-9.766374700972657,0.008886160270789829,0.010164373674496054,0.013908868820992473,7.447798434150254,-33.7560642717005,26.136884015018573,279.3896776042967,1.0658429053629401,4.128114915929871,28.55625176359107,77.24007026679206,0.0,0.03581763816800998,280.53607288901736,1.9391852537747138,7.0
160300,-0.10270028619897437,0.9241279000812292,-9.485422263027996,0.0013502643207928256,-0.005764615367971806,-0.013303985044408159,9.634981138939088,-35.36702678911001,27.27881947843308,279.38280817860226,1.0658429053629401,4.128114915929871,28.556310390107928,77.24002054326968,0.0,0.0,281.1969572450661,3.9873408569839395,12.0
160400,0.7050854056629281,0.3709969477122104,-9.345643147286722,-0.019103841783858416,0.0004346083570584136,0.0469130872924793,4.271494012545098,-35.14168351659261,25.54654408564332,279.3737360753911,1.0658429053629401,4.128114915929871,28.556309219290227,77.2400490018043,0.0,0.6447813280377239,280.0819281270381,1.4061704263257764,7.0
160500,0.5933806099733364,0.5542516180209982,-9.5594956519783,-0.002060222775394818,-0.00950598217925525,0.06620911478346116,8.56353765208415,-33.512279272303154,28.780764854239226,279.71788610494457,1.0658429053629401,4.128114915929871,28.55621278752739,77.24003553013414,0.0,1.0038558507484334,280.3582195163303,1.4637874133551856,11.0
160600,-0.16216797058545324,0.3853753262009015,-9.692609624973121,-0.006097104529667049,0.002882382987724576,0.041225986649221315,6.403171389850804,-36.90427722278474,28.43598165419966,280.0451286032753,1.0658429053629401,4.128114915929871,28.55624427683058,77.24002285990021,0.0,1.2470089053097335,279.15800215738767,3.888955949448281,13.0
160700,-0.5298484886825378,0.6685249417272341,-10.41629021942429,-0.011504791201690838,-0.0009593777142573251,0.048430655217236857,4.584633867761957,-33.441415422086465,25.080994770834565,280.3813229106245,1.0658429053629401,4.128114915929871,28.55630962034368,77.24006153513196,0.0,1.0884087960472322,282.70572072645325,1.5098140302420238,8.0
160800,-0.46327626510563613,0.6772232272656278,-10.066379343729144,0.005982015227877202,0.01007986603406228,0.04383644242023774,3.9908217384600877,-33.12195192940651,28.454959489609195,280.69072407656176,1.0658429053629401,4.128114915929871,28.556319202672796,77.24010673314383,0.0,0.0,280.5310997907024,1.964534250626731,11.0
160900,0.25122604115246894,0.04772523567209519,-9.771918366767716,0.009559721658605795,0.0089921706754044,0.05820445185267156,5.406369516604437,-32.5449308355569,29.082241980875374,281.02576878199824,1.0658429053629401,4.128114915929871,28.556254576817,77.24002133170893,0.0,0.2504313579358316,279.29478773930845,1.8483273194007859,10.0
161000,0.15560224500520753,1.0726273817360514,-10.144902025223578,0.02396634381242525,0.008682976812391559,0.06226997689877175,8.492068274065945,-34.68396278736248,30.655858828033445,281.3797477347406,1.0658429053629401,4.128114915929871,28.556308971250967,77.24005721905533,0.0,0.0,282.34440302734583,5.418346297268096,13.0
161100,-0.044128412463230515,0.7877704701288547,-9.901433370976868,-0.01713895912876047,-0.004456836339534029,0.051128286281715896,9.251583144022455,-33.222834343333034,26.534135660531593,281.71491800664256,1.0658429053629401,4.128114915929871,28.556272938785593,77.24007057390286,0.0,0.0,281.40083429872277,5.626343876489209,12.0
161200,0.5287010919191057,0.9743085692377265,-9.77442384606204,0.009407503503981257,0.00832082576156932,0.04261697708868588,5.75035655806737,-31.958797663587436,25.609432735154776,282.01998022168374,1.0658429053629401,4.128114915929871,28.55628023995131,77.24004121537678,0.0,0.0,281.0935865756656,4.454064368218871,10.0
161300,0.021360510359403055,0.5078514649025617,-9.58419352037188,0.006016828713125607,-0.001208613199572093,0.058435187227926386,9.045423161654899,-34.04734279294785,26.283334669219848,282.33793386326397,1.0658429053629401,4.128114915929871,28.556242084789456,77.24007878874714,0.0,0.0,281.1300282529371,5.368900823265473,11.0
161400,0.32168053738281194,0.7998211894773302,-9.80664959599647,0.01040079598300496,0.006832183259591552,0.06749463716290738,6.502239740149012,-35.53340086837805,25.858545109405092,282.6733629083752,1.0658429053629401,4.128114915929871,28.55629426543304,77.24007514751187,0.0,0.1477971741406946,284.2597340660443,2.6897802143364657,9.0
161500,0.7219917940400227,0.8063136935790547,-9.269163859252538,0.001547556337954233,-0.010185102676030802,0.052982718381217105,8.053879720159992,-34.9112906677113,26.20808986247062,283.0136254825488,1.0658429053629401,4.128114915929871,28.556245966541073,77.24000483070967,0.0,0.0,281.07330963190145,2.955817837375442,8.0
161600,0.7228912730162764,0.7674640139896824,-10.322690109517938,0.002879039949997203,-0.006286317853096849,0.06267268647343202,10.300723155863484,-34.10927422234359,30.094905138216802,283.34049487895356,1.0658429053629401,4.128114915929871,28.55628423267501,77.24006772198227,0.0,0.7889413338599279,286.13420678952326,2.9441648801669933,9.0
161700,-0.23543906535952513,0.832404185290652,-9.506990636264144,-0.007766040762627009,-0.015030407062920605,0.019695609327550413,11.836081850369307,-32.995005974504174,31.90754011046636,283.65671763311894,1.0658429053629401,4.128114915929871,28.556268773891524,77.24008048929291,0.0,0.0,280.442688766195,3.4899274761273533,12.0
161800,-0.006429644312348992,0.6987649001353734,-9.339872462043008,-0.023510047691949684,0.0009510277256675318,-0.015225173544205866,7.983328546416801,-35.459208644630834,27.98373951268023,283.6734726084194,1.0658429053629401,4.128114915929871,28.556298590889543,77.24009059824658,0.0,0.0,284.98046968118473,2.769967770195956,9.0
161900,0.7477662755135568,0.46916214236933507,-9.797940031026926,0.004928440654306235,0.00930372289480234,0.0031494709025706837,6.965874396462519,-35.823568405619994,29.058397946954404,283.65679948827704,1.0658429053629401,4.128114915929871,28.556299049179977,77.24006176243135,0.0,0.7085042163627013,283.05493097242856,3.3200579750842785,10.0
162000,0.5254799062382292,0.35097609537245167,-9.867812288893733,0.0004672042812001151,0.017150831974666526,0.006662263457457101,8.2902313017626,-32.58778738641387,27.004598656258207,283.6662937451764,1.0658429053629401,4.128114915929871,28.5562931734692,77.24008739909439,0.0,0.594059812521426,283.69814128738216,4.344568581549155,12.0
162100,0.2241180456720566,1.1132555643793283,-9.350394603135612,0.010696800909444939,0.0073985510005762966,-0.0006009633083334021,8.934573685676915,-32.24994059955071,28.171490796745424,283.639840356553,1.0658429053629401,4.128114915929871,28.55627833907704,77.24003700676805,0.0,0.5279848645170613,280.9042333288797,2.344306222311001,6.0
162200,0.14967867982208283,0.642013936210971,-10.080895945832346,0.007996774731078298,0.01936127664456021,0.0277570597073895,10.406930584247412,-33.884086321701936,27.941251383288765,283.6595862943204,1.0658429053629401,4.128114915929871,28.556253379020507,77.24002803561615,0.0,0.0,285.9092812647995,4.07356849996423,13.0
162300,0.2722131975335357,0.8953734076079648,-9.713970458805514,-0.0019701103640136866,0.00797883214292642,0.006546740204361229,6.181427685249714,-38.105524206104505,26.7746562246812,283.66614201576976,1.0658429053629401,4.128114915929871,28.556229143681428,77.24007453816513,0.0,0.4272171557333039,289.99874620873766,3.1498078839906625,13.0
162400,-0.09794499796329073,0.6637193762923167,-9.28569490685394,0.00542052265675827,0.0036763226013558333,0.002155443645580455,9.697752594867985,-37.25572554274594,25.71574170991759,283.65158354117295,1.0658429053629401,4.128114915929871,28.556262820513915,77.24006503219825,0.0,0.0,283.01073895016356,1.4478154059226531,9.0
162500,-0.09847698101414189,0.6690718058353087,-9.571693346782444,-0.010198257754554376,0.009604672503283798,0.0029806405992881114,7.323654625924284,-34.43977999688661,22.25830308526265,283.6607085004773,1.0658429053629401,4.128114915929871,28.556278213979766,77.24003427934787,0.0,0.0,282.5674496548616,4.106232956404757,11.0
162600,0.27621592114050425,0.2997803469018081,-9.441470706434082,0.005782461738078899,0.0019119099163308843,-0.006342118770179282,9.516071664379755,-34.884805083992035,27.551410368360223,283.645281185626,1.0658429053629401,4.128114915929871,28.55621335683273,77.24000164599906,0.0,0.07682597680308029,284.0231644934025,2.898940408167703,9.0
162700,0.36375196734050014,0.6902025110693133,-9.833793243830748,0.011588549857511274,-0.014650711046037008,0.013065399000126487,6.729898872215874,-31.961307014271796,29.23966046237425,283.6381846998198,1.0658429053629401,4.128114915929871,28.55629541780703,77.23999776721253,0.0,0.0,282.6664343143938,0.6694960436719981,9.0
162800,0.1779894380810145,0.6254124481979731,-9.62123246060435,-0.008304487621429265,-0.002858695372976355,-0.011715294860102744,8.274935976994437,-31.819071751095972,26.652771298939097,283.63896289599296,1.0658429053629401,4.128114915929871,28.556239589736172,77.24003020926283,0.0,0.0,285.2517754258349,4.116419973505856,9.0
162900,0.19454655415558084,0.6857468197548898,-9.691539759050492,0.024480057298784472,0.004888975531927826,-0.01132234839633665,7.037352013110358,-29.476418285817413,32.29266234155179,283.6340992251832,1.0658429053629401,4.128114915929871,28.556264458588405,77.24009190535779,0.0,0.0,285.15888963825154,5.148680767123751,7.0
163000,1.0657371074866184,0.576545962772865,-10.194092395488322,-0.0013284921861364623,-0.013457704731216425,-0.006369612624739383,11.18475241079394,-31.5982544868039,25.910225891630397,283.6343135173079,1.0658429053629401,4.128114915929871,28.556234019874744,77.24004040856677,0.0,0.1604461301749047,281.8591564119638,2.087881009662321,12.0
163100,0.6207915061769027,0.47437138368232695,-9.941860259374879,-0.012007339762194827,-0.00459753813932919,0.0015507049857769396,5.2183242999042125,-35.6216572895774,29.902693971311106,283.62396294696896,1.0658429053629401,4.128114915929871,28.556267723755926,77.24004927428369,0.0,0.0,283.66517360101363,2.7153108974180515,13.0
163200,0.19518329017752847,0.8486995154739815,-9.703586918285358,-0.006079621571209277,7.497922787237741e-05,0.007793608336143871,7.028573272209812,-36.22835506443625,25.116193896647435,283.6174158149829,1.0658429053629401,4.128114915929871,28.556295249326745,77.2400218689591,0.0,0.28884281367518616,280.53276231085823,0.8115299944070857,11.0
163300,-0.3455643975700741,0.8372556619554895,-9.638901654383107,-0.00037081832434829624,0.014514389751200365,0.01609997388990581,5.164109420286689,-33.189602199816704,31.26391456480596,283.6108273766473,1.0658429053629401,4.128114915929871,28.556286530989375,77.24005681204149,0.0,0.0,284.4049373614367,0.26627704720512035,13.0
163400,0.19923102513881777,0.6078433648400605,-9.377636636556202,0.017180283496099593,0.0026574853644674564,0.022421661451635263,6.174441887573359,-32.9898071570256,25.060989488342564,283.62266673800485,1.0658429053629401,4.128114915929871,28.55626532324463,77.24003127433053,0.0,0.0,282.27722904364305,3.6773945125400647,13.0
163500,0.3283965872052994,0.3384889577001244,-10.07623109063616,0.020030182753236245,0.02033867586362139,-0.005318994067578882,8.144068026925364,-33.74041739618989,28.991728874587725,283.6405908084424,1.0658429053629401,4.128114915929871,28.556306948281485,77.24005038247716,0.0,0.7017686073448725,284.16413380026256,2.399740204790631,12.0
163600,-0.30099385586913907,0.5492423287399568,-9.47304968156242,0.0024147193167708076,0.009663567152407898,0.000844658277338808,8.795355591831147,-32.95749080068389,27.37043901245932,283.686505762643,1.0658429053629401,4.128114915929871,28.556283105741162,77.23999172905201,0.0,0.13318162131133277,282.1231312958567,5.6325138497630585,9.0
163700,0.0896762111084301,0.8620913023797567,-10.207399548065949,0.01165792616409007,0.01312504673376829,-0.001358027916416038,7.814859052562831,-33.980963785201546,29.82428942145965,283.70867724401944,1.0658429053629401,4.128114915929871,28.556299407615466,77.24008533002949,0.0,0.8248769932342085,283.55945157372923,1.789757660650503,9.0
163800,0.18146665051134847,0.8814818396740608,-9.898896865199738,-0.007572127861535108,-0.009810100715364901,0.010023882547478814,10.116824547165566,-36.11998235709209,26.748299565758785,283.7468382607262,1.0658429053629401,4.128114915929871,28.556235400918748,77.24008199090567,0.0,0.4602501652995445,284.240637021731,3.315582514531304,7.0
163900,0.3798581959403119,1.1478356592134835,-10.163429347623968,0.0002072584797138087,-0.0029144454023721936,0.0048086246084006,9.74434485034141,-33.5271516150129,29.630990010072402,283.7811174915412,1.0658429053629401,4.128114915929871,28.556241943103117,77.24008523478469,0.0,0.5292440795092005,285.43956189959704,3.035337911985066,9.0
164000,0.7844311988951489,0.5793889588753198,-9.568986003192455,-0.009637921974214394,0.013641167076721167,0.02032616641119457,8.554075981846333,-33.41258544068103,27.71884633059531,283.8201110053611,1.0658429053629401,4.128114915929871,28.55627256975855,77.24003336377258,0.0,0.0487977906911794,283.2340589308959,1.206928286540377,10.0
164100,-0.4676385244547633,0.6006262835838461,-9.467618246495402,-0.006699827594418184,-0.006152556319512494,0.003306942092389781,6.734763962883113,-30.111133195806495,28.170629956551995,283.86000347943013,1.0658429053629401,4.128114915929871,28.55625909155369,77.24009476045681,0.0,0.6115065855314928,286.2399206686887,4.0326812948133,8.0
164200,-0.3833380819325872,0.655460096006812,-9.823839830956583,0.00046230612918845063,0.0018449602249170356,0.0010322715274961453,7.235634320481118,-37.68816497989387,27.458890181667105,283.89907913559193,1.0658429053629401,4.128114915929871,28.556252908177562,77.24005377562766,0.0,0.15061389236411873,284.1956276501835,2.6184714653467216,13.0
164300,1.1939376686892356,0.901251714055145,-10.186777722989964,-0.016139543428774838,-0.001771547497731416,0.0012977551880248104,7.817854972681191,-34.42007367604559,26.22821713128154,283.91201295425157,1.0658429053629401,4.128114915929871,28.55628966916055,77.24004434378203,0.0,0.6082104690987713,280.97481307739315,3.874129062545549,10.0
164400,-0.24473144375185954,0.7793130828725363,-9.11253880423864,0.0023490157150257004,0.006121248297566735,0.01779535743497409,6.481863388777716,-36.519548219565024,22.89867673696876,283.939806697534,1.0658429053629401,4.128114915929871,28.55622879085981,77.24010858253075,0.0,0.0,286.46437905106916,3.1609596824134756,13.0
164500,0.26436963263479507,0.39569004037447997,-9.682135960830296,0.013592114687553558,0.007626892090468616,0.012696697540452483,8.013238154452,-35.76904166808501,29.744664773003954,283.96883787620436,1.0658429053629401,4.128114915929871,28.55627388373717,77.24003597782693,0.0,0.8305153771692546,284.94250911419346,2.5088595840203656,11.0
164600,-0.9223433448797627,-0.11458761678146923,-10.145119443200258,-0.006288653481586876,-0.007242078703731583,0.005406366047430871,8.14339983234089,-36.593594084072485,27.525523358275336,283.993990036466,1.0658429053629401,4.128114915929871,28.556293555804064,77.24003157057304,0.0,0.3587591535626228,282.8157002546113,0.47250170171380645,8.0
164700,-0.4199122871775651,0.3515195577893737,-9.728495906870371,-0.013873217958829762,0.008803074796753864,0.013647801909061574,7.26043549005619,-33.92957315471643,29.214953032859018,284.0136079022292,1.0658429053629401,4.128114915929871,28.55629827974134,77.24002322256504,0.0,0.12230555055989262,281.45091851086744,1.8592185624225412,8.0
164800,0.41178173148532327,0.4214486936240522,-10.038363714132704,0.0004674294423543216,-0.008110424144997862,0.024105169590769304,8.476899430481682,-35.46537553856531,24.792566032539973,284.05975417831655,1.0658429053629401,4.128114915929871,28.55628503600116,77.23998280801246,0.0,0.027985680802522506,288.34948966233793,0.298825267414351,9.0
164900,0.08014291204419197,0.6976681100877614,-9.50756696590326,-0.0033217947789042634,-0.007547573669194732,0.015025424402194457,11.605067304107058,-36.04381021388799,27.353261710765118,284.10826053334955,1.0658429053629401,4.128114915929871,28.5562903244866,77.24004975954912,0.0,0.39682812109337817,285.1455550516414,3.995976751138982,6.0
165000,0.5700415072241133,0.7780514885708678,-9.240164827707648,-0.0025460570921368286,0.008129331478141221,0.006696391988537427,13.337727925920795,-33.10985727652983,26.002354352226757,284.1370131852217,1.0658429053629401,4.128114915929871,28.556234581167345,77.24006562468828,0.0,0.30362805468955667,284.51093119056486,4.218586373638615,12.0
165100,0.7457657696081357,1.0660794007762764,-10.286731755667105,0.005855912800444889,0.011108607414507242,0.005936366700771288,11.285861759725492,-35.37131905392614,31.719318856259317,284.1680635624166,1.0658429053629401,4.128114915929871,28.556264626661214,77.24003876129765,0.0,1.39696370967803,283.343908957895,2.3428329838256157,12.0
165200,0.19503329327395968,0.9718587895180308,-9.654329862726806,0.0028321734823549944,-0.005589725319907702,0.017753427690762547,8.60321597023333,-33.301922994442656,22.38669239133822,284.1868813950445,1.0658429053629401,4.128114915929871,28.55626314492734,77.24003160540684,0.0,1.3245831827124248,281.05357182252317,1.6652636178943405,7.0
165300,-0.1848883353798357,0.47503929023424585,-9.767428388529716,0.006763390995184821,0.007586885577372689,0.010954001015979455,6.878122037240707,-33.27529400146331,29.214925740327427,284.2213600124775,1.0658429053629401,4.128114915929871,28.556261220463707,77.24005272379809,0.0,0.8267427249906341,286.3973027899123,1.60108250261518,11.0
165400,-0.08494293997198801,0.23618644545729667,-9.892934956464716,0.0027210835920099315,-0.010527588012339453,0.006960322824559113,11.719479749405993,-32.430079971409775,30.314074361326266,284.2531948847849,1.0658429053629401,4.128114915929871,28.556259970218537,77.24009373973182,0.0,0.0,281.0459346633202,4.573792785689047,8.0
165500,-0.28980878497776064,0.4901125855697935,-10.033459383433428,0.0016903742585261785,0.015338688794061646,0.00819308777327861,7.489714542265231,-35.33739167472741,26.04030917691113,284.2678323577088,1.0658429053629401,4.128114915929871,28.556286293503746,77.24006383619734,0.0,1.2333844538523135,287.5614500816516,0.0545656619449173,11.0
165600,-0.16479896627865775,0.690526002278029,-9.892792499190357,-0.01441092215509173,0.010708786126846021,0.004171934096862273,5.809236889420097,-35.61908192807446,27.99339640948968,284.2722041534009,1.0658429053629401,4.128114915929871,28.55626551183864,77.24012064590744,0.0,0.0,282.55114274157154,0.9026120908929212,12.0
165700,-0.243655019524961,0.7176080627522657,-9.49976851816352,0.010352122861072014,-0.006965796324704717,-0.003592191589918866,13.604612681124152,-33.32164428095561,27.981001085351878,284.27515141715213,1.0658429053629401,4.128114915929871,28.556237912401485,77.24004858913543,0.0,0.12850823920645119,284.5146656212631,3.8164499027863497,12.0
165800,-0.28559805196255633,0.9681474565680519,-10.019445418128125,-0.009687750195234556,0.015853573239146206,0.0015979274970152084,7.503882642630762,-33.912329459211584,26.90628841140589,284.2726157004514,1.0658429053629401,4.128114915929871,28.556262805217507,77.24003917318417,0.0,0.5850127641947805,285.9900157849891,2.947115373827579,6.0
165900,0.6295436806325675,0.3908437338070295,-10.473260373603843,0.013721291576049937,0.015593434513937108,0.10831988129382257,9.99642842051652,-32.589902443702435,31.495724452578738,284.2667925337105,1.0658429053629401,4.128114915929871,28.55624847307866,77.24007634220995,0.0,0.0,286.88540015215716,0.09992701285117267,7.0
166000,0.6388101056770715,0.8766539630119198,-10.027112545492537,-0.005935077220807504,0.01677318236905308,0.2323178036652133,8.18775151514001,-35.09961868473938,28.38404481767649,285.6667574864267,1.0658429053629401,4.128114915929871,28.55626429572371,77.2400426528266,0.0,0.5724273630091352,288.00993675608044,4.632482869730025,9.0
166100,-0.19082614478919907,0.5616257493280781,-10.087466526167566,0.008239213857529987,0.007974599492183052,0.23460459632423314,12.79738008541571,-29.222531892498644,29.15162673782185,287.0768818996878,1.0658429053629401,4.128114915929871,28.556270235257262,77.2401150602275,0.0,0.0,285.3887935078238,3.142990758843859,10.0
166200,-0.4101070297911924,1.066973145683614,-10.074089785379016,-0.0023009525055524673,0.004630613248615284,0.2543982673740528,10.715457032681526,-33.940509371813185,28.092968354957865,288.4729713417046,1.0658429053629401,4.128114915929871,28.55625561588222,77.24004572112533,0.0,0.025754422457596075,289.0965199163456,5.562223082624364,7.0
166300,0.07339013985983445,0.5381824821639319,-9.586389506404338,0.0213667083786574,0.0005639142537789583,0.25170403201037,7.8566727735449735,-32.71294318213993,30.18967487241613,289.8839160920271,1.0658429053629401,4.128114915929871,28.556316238715574,77.24001091425478,0.0,0.3528075173794653,288.4453822788447,4.035636636541387,10.0
166400,0.8943959992215655,1.0692394905175813,-9.527718386261698,0.005914066603427433,-0.005701871150105612,0.24038385047139277,11.690744021388198,-32.662566551850695,29.27983236533991,291.29061166830866,1.0658429053629401,4.128114915929871,28.55628183803129,77.24002531761208,0.0,1.0291173350434226,290.61284845320336,5.522429739073444,10.0
166500,0.3249519904138512,0.6782196753512145,-9.648416996774387,-0.001056519759014266,-0.000780432811762757,0.2673979523558587,12.582796120359864,-29.77036326394049,30.07061555379791,292.69952040724036,1.0658429053629401,4.128114915929871,28.556278654757133,77.24001503672659,0.0,0.0,293.9910935060331,3.256020912104895,10.0
166600,0.4495597054974879,0.8420262299660973,-9.673529852511292,-0.005579595670105194,0.009044049909213798,0.2594482987524904,15.16416779973371,-31.58346002226721,25.934687733181796,294.10090377795336,1.0658429053629401,4.128114915929871,28.556250603435533,77.2400230570794,0.0,0.7354469537523167,293.94121738103433,3.986283387488206,11.0
166700,0.6354153570116396,0.8361529453120061,-10.246123313642345,0.00523993367796878,0.017132130863560777,0.24514964313197152,14.488206020038389,-31.44357657761543,24.554871247333473,295.5031661339726,1.0658429053629401,4.128114915929871,28.55628876254311,77.24006211046381,0.0,0.6228948253944447,298.9516541535323,4.614706121655468,13.0
166800,-0.5505728697208901,0.25306299887679284,-9.120153028281987,-0.006016035710814239,0.0073024059119363195,0.2361796315761413,20.033861627363812,-32.99135416320257,27.638892538309328,296.8969643671325,1.0658429053629401,4.128114915929871,28.556257447910173,77.24006358835683,0.0,0.0,295.60404475381705,1.9195100505378373,11.0
166900,0.5886046444826003,0.7094533669947289,-10.029196997010237,0.008094946982366834,0.009258135186674775,0.2336966705153233,12.927203694075072,-32.34401972816143,28.528143179589076,298.30158700976125,1.0658429053629401,4.128114915929871,28.556279768009208,77.2400498794949,0.0,0.0,300.8151375521106,3.1452365606358255,12.0
167000,0.03439723191035937,0.13425626883313002,-9.230395407363071,-0.015243095953689324,0.001676219815530598,0.2585953108069965,16.18191329562087,-26.948315423876906,32.48715103012487,299.6935889193757,1.0658429053629401,4.128114915929871,28.556262428883688,77.24006829271865,0.0,0.0,300.8157853460594,3.5181668309182434,7.0
167100,0.32930555430013514,0.575679801981979,-9.98240050868853,-0.0027873260576417305,0.006075811699883985,0.23069438719939223,18.640954741898035,-31.90029859381791,29.34716594766554,301.08040661500536,1.0658429053629401,4.128114915929871,28.55623386868642,77.24008558744991,0.0,0.06555332549108307,300.92126358348037,0.9171353713724582,12.0
167200,0.23787012854079148,0.8255512138312892,-9.836110549650778,-0.01254973520264777,0.025743402331961714,0.22949764592445565,16.420535179886347,-30.216244812858676,28.69240571837546,302.4763985073549,1.0658429053629401,4.128114915929871,28.5562408276192,77.24001955601152,0.0,0.5609120295219236,301.22992026921946,2.9529761927032965,7.0
167300,0.02568234383971263,1.1603417388163613,-9.313403942455968,-0.0028099641717275574,0.006633266641263148,0.24629395322920047,19.53545627021242,-28.485934707846912,25.537425879322114,303.8695885964579,1.0658429053629401,4.128114915929871,28.556317046247276,77.24000169782865,0.0,0.5014523795620176,302.9772168793154,2.157439391219311,6.0
167400,0.25052652026857136,0.9651643007435067,-9.537066645803778,0.01359672324240507,0.002957488736507416,0.24416301754487194,19.444860197059327,-29.876846447921785,32.27271240649159,305.2586037654357,1.0658429053629401,4.128114915929871,28.556263839576694,77.2400529195098,0.0,0.2933942052619336,304.70373949636274,2.9293090141720985,12.0
167500,0.23601541983866722,0.6713558021320676,-10.065408662219001,-0.004604111614197239,0.021952854532640193,0.24866840082857544,21.89611890439344,-28.732042202967946,33.30667069776338,306.6453965715311,1.0658429053629401,4.128114915929871,28.55625578299856,77.23999900425498,0.0,0.8367875878546661,304.0676959095199,0.5821727588184524,7.0
167600,-0.03447649134346256,0.612767285936564,-9.502652347796134,-0.0019995777036896393,0.016405099110605652,0.24647532513410247,26.093168573179472,-26.91430179434115,28.202868799769696,308.0293622410513,1.0658429053629401,4.128114915929871,28.556247826286565,77.24003313997628,0.0,0.5985160165123715,306.2059409591257,5.873702417258924,13.0
167700,-0.539784318999183,0.936287207008335,-10.097877880697766,0.00811070023896774,0.007954083500947954,0.2434773718316415,24.46770314397473,-25.973173021904056,27.968053400862928,309.4170413602574,1.0658429053629401,4.128114915929871,28.55625244853267,77.24002293873788,0.0,0.6373866185409842,306.96155408846306,3.761962459855758,8.0
167800,-0.225476197445243,0.29120975042513747,-9.743558977430304,0.00076429290051389,0.00816726965135505,0.22489898427747135,24.505503192488415,-26.608894601117846,26.524901281681977,310.80860930612107,1.0658429053629401,4.128114915929871,28.556232654729715,77.24003656700668,0.0,0.008299391215131534,311.8117771101549,1.3934845354147392,8.0
167900,0.32006784198135646,0.8577469448139617,-9.411523021809394,-0.020120976435296367,0.027768292154911462,0.24632804906753325,23.871260486516395,-24.60959524474878,28.36508912507047,312.21019675144566,1.0658429053629401,4.128114915929871,28.55624593445474,77.23997412030441,0.0,0.0,311.0406076025717,1.9706046017535748,7.0
168000,0.19935191485764275,1.0790771594274708,-9.965907123429645,-0.018072712802895748,0.005970528671947271,0.24647312473335528,22.986178866347505,-21.923327770317066,29.05173331199659,313.5920231225149,1.0658429053629401,4.128114915929871,28.556305520961168,77.2400352343095,0.0,0.0,312.23579955692065,3.639784859651518,7.0
168100,-0.3564471648643557,0.7389978469774204,-9.839052731326763,0.005841528664294235,-0.003620929643046296,0.25334415226765716,20.780894618045508,-22.930475507115883,25.669739348944304,314.9853607127918,1.0658429053629401,4.128114915929871,28.55624807879856,77.23999108764068,0.0,0.3865336848747606,312.2793574195947,1.9265369578634448,13.0
168200,0.9046789233914679,0.9151780988685521,-9.647894005024787,-0.007833884404335918,0.004152680504513904,0.226406026019876,25.375310525589914,-27.875807136551536,28.360205271924023,316.36074604314257,1.0658429053629401,4.128114915929871,28.55622729267342,77.24006153517524,0.0,0.0,318.4899903298918,3.3449215343445955,11.0
168300,0.5991051126499094,0.521029742013088,-9.59140446725542,0.0021963739914990952,0.011512987651841614,0.2476344656749102,26.461142836342677,-22.909281793622537,28.213395008887602,317.7487381912483,1.0658429053629401,4.128114915929871,28.55624922058015,77.24000711393202,0.0,0.0,321.65948602885913,3.5738011636964977,8.0
168400,0.7846315383173592,0.9011933640653866,-9.595331863226406,-0.008551724891254022,-0.004848686896972512,0.24725394929193797,22.74820437593175,-21.99860612866462,23.862457822281762,319.13776195877216,1.0658429053629401,4.128114915929871,28.556222734618117,77.24000852005935,0.0,0.5051029192181129,317.45371033396907,1.387668247418003,8.0
168500,0.5034283894684872,0.19699727881647583,-9.5370614481598,-0.017455149123531376,-0.0023548367809892662,0.22711268205489807,24.452291772988985,-22.62971619948982,25.290095217915276,320.5280969336004,1.0658429053629401,4.128114915929871,28.556258976907127,77.24005310387788,0.0,0.0,319.6715010956029,3.3266746712293678,7.0
168600,-0.26694577634804273,1.1030432118125784,-9.85106624174527,0.00377943645412339,-0.00017583461849480803,0.24880282640445897,27.288591645669193,-19.40106736694071,30.586145720344348,321.91083079148206,1.0658429053629401,4.128114915929871,28.55627692250844,77.240117348017,0.0,1.1373498833042006,321.56203411767484,2.6558864882376705,9.0
168700,0.23565827682829837,0.3604927482894031,-9.920646668890813,0.00032394284598994576,-0.00817048639428291,0.24726664200452644,26.068963559472365,-18.354976420085013,28.136057051170013,323.31116411126396,1.0658429053629401,4.128114915929871,28.556297754650878,77.24003034049136,0.0,0.2620330654646228,323.6865368210412,2.830170000294676,6.0
168800,-0.4203523219859734,0.44863113593772896,-10.26349113884201,-0.005746612969744888,0.020581884475604672,0.24012058622391644,27.02823700182135,-20.716698542731294,26.760916548953478,324.69861917928506,1.0658429053629401,4.128114915929871,28.556245805835093,77.24000405290292,0.0,0.0,318.6017908966247,2.07195869485504,13.0
168900,0.1380258516565017,0.8084347358928428,-9.836026006204168,-0.007846417924785017,0.003897946285897841,0.2441944461061144,30.60077539875204,-22.07238498425544,31.256394442101602,326.09900217684657,1.0658429053629401,4.128114915929871,28.556321027945128,77.24005179296154,0.0,0.2249029590672727,324.1207515664114,5.3120662865006105,11.0
169000,-0.2193776731029291,0.5776605625088342,-10.029243808447427,-0.010122397766260737,0.006003759422426106,0.24717261735108498,29.103001932701723,-21.378571797486153,25.788587634563033,327.4903780156534,1.0658429053629401,4.128114915929871,28.55626896420469,77.24006868125758,0.0,0.0,327.5575019214057,4.478466490789145,10.0
169100,-0.07491834095442998,0.5654642303062233,-9.70692084582649,-0.005187466213711536,-0.004214423265565132,0.246406457594401,31.983027579067457,-20.93798180414266,28.56837234307389,328.8907289270043,1.0658429053629401,4.128114915929871,28.55625345454634,77.24006960151121,0.0,0.0,327.42643647173367,2.9024210023045875,9.0
169200,0.4636507766992917,0.9138314377418572,-9.049101876911175,0.016200259981179937,0.017191817814356254,0.2591538006722287,32.239626606830406,-12.343593121619765,27.676577330496954,330.2951354669598,1.0658429053629401,4.128114915929871,28.556253214843103,77.24009276240984,0.0,0.0,325.3359122767284,3.1372680892704747,8.0
169300,0.5204299883582604,0.24849409493814778,-9.984653540889353,0.005568025526651654,0.009636732130589673,0.24748073246842772,28.56679957425184,-14.718999889415766,23.918800901638345,331.6767885190175,1.0658429053629401,4.128114915929871,28.55625179536425,77.24003368875498,0.0,0.0,331.0630246806579,2.795241346036523,6.0
169400,-0.10796203163357623,0.601083326428351,-10.106926343918378,0.00030425886663440135,0.017289853329738585,0.2486358071311819,30.523866574161627,-13.992006932854991,28.36978528624622,333.07459685578215,1.0658429053629401,4.128114915929871,28.55630444839595,77.24003732205045,0.0,0.0,333.17252701148385,2.17538680695819,8.0
169500,-0.04271500107081819,0.3117949445984186,-9.121962765448908,-0.008775943256037883,0.007716547080675561,0.24007967564757357,33.185769122217955,-16.25020383207174,30.05578194974763,334.4784256016181,1.0658429053629401,4.128114915929871,28.556264952046256,77.2400714027784,0.0,0.0,336.11667618811924,0.905579819779843,9.0
169600,0.4431592725389014,0.9833382842521714,-9.992020471962375,0.008867546579872728,0.013632764049825125,0.13443730047545727,30.778349022375927,-13.972941926918095,27.337881215834635,335.8792334820351,1.0658429053629401,4.128114915929871,28.55626303734739,77.23999650099053,0.0,0.11899210160815815,334.0114549004622,2.828042918620449,12.0
169700,0.09606166949470775,0.3834727095446909,-9.90813950066833,-0.011949924136657596,0.012878768918387715,0.0117179080117852,32.956626494964134,-17.888637231369998,27.95024242245086,335.8914891706657,1.0658429053629401,4.128114915929871,28.556224027606884,77.24009383284955,0.0,0.9001895883043297,334.48190143168137,3.7743872521344026,6.0
169800,-0.23914985177121958,0.7091890829086547,-9.070987443910228,-0.0028778632895830785,0.008897001564300285,0.01241472110191124,31.302840110376458,-13.981469434547314,28.41280894546809,335.8773490628454,1.0658429053629401,4.128114915929871,28.556239126093356,77.2400655526269,0.0,0.2397475419523313,333.5987918393154,2.661261151067889,6.0
169900,0.11235044378615178,0.1582565554868854,-9.640083187551907,0.013678538850943067,0.010981060479875047,0.010640586719775403,31.733523760233734,-15.867146873668629,29.68942534634717,335.8939862641115,1.0658429053629401,4.128114915929871,28.55626748905678,77.2400772943111,0.0,0.0,333.5673626751916,3.369530487990123,10.0
170000,0.23934716642388776,0.821567173867426,-9.400480061687794,-0.00023490319707032106,-0.0043588362010512525,0.009172855218722731,28.938373641625972,-20.354156482695963,26.4130828847196,335.8978117500136,1.0658429053629401,4.128114915929871,28.556276850719605,77.24002327758622,0.0,0.0,334.39811908486496,0.5084771870236171,10.0
170100,0.6606456184864992,0.6331961154014062,-9.541151061270988,-0.0001559509318747915,0.0032110378874564294,0.005873359838980692,32.1993402371037,-16.84345176173737,28.400504820545354,335.8773898285837,1.0658429053629401,4.128114915929871,28.556235579305447,77.24004414507722,0.0,0.20203052351150244,335.72258556159676,0.4922889952770344,8.0
170200,0.006363353856589454,0.6775451126759104,-10.124595504023668,0.001406498979192462,0.01508761579178209,0.006640446899244416,26.71906293582236,-12.771875393764585,27.937441509358347,335.88300239687715,1.0658429053629401,4.128114915929871,28.55624483193193,77.24003678348178,0.0,0.018788145445733245,334.2566585915424,2.884176997308445,12.0
170300,-0.11475739832762236,0.5028582086901106,-9.663789575520672,-0.00800011979504913,0.006148890075251077,0.01144132697091143,35.70358790348147,-15.129742855418348,27.406770518241725,335.89286174744393,1.0658429053629401,4.128114915929871,28.556264165959842,77.2400556165501,0.0,0.492327847001387,333.4998057345805,3.528059792504626,8.0
170400,-0.05514240389761402,0.7875125506439052,-9.983507370035184,0.0118105523960035,0.003661830262858078,-0.009188424697343905,29.192412466680565,-12.171713441474992,30.915632239196686,335.8852551222535,1.0658429053629401,4.128114915929871,28.5562288290848,77.24008487610693,0.0,0.5700443872832696,335.4408985580377,3.128266163571375,7.0
170500,-0.018567336912015536,0.5594522605064177,-9.10804972508743,-0.018807393756654165,-0.005745396584163,-0.006139298316428454,32.702012404542714,-14.128730874312062,29.66897698218886,335.87476308076674,1.0658429053629401,4.128114915929871,28.556261239757617,77.24004677751054,0.0,0.0,332.5578529045919,3.4201127575440586,6.0
170600,-0.5219834809134138,0.665692900542765,-9.717074786831954,-0.0068005031770132255,0.005751866411439633,0.009079733076811383,32.134114379726334,-14.712386652176624,32.68370581149565,335.8676013713561,1.0658429053629401,4.128114915929871,28.556305293530666,77.2400939854269,0.0,0.5238014705438284,334.80475078544333,2.787135447850546,11.0
170700,0.6123174579257482,0.9996093577570628,-9.965038698583962,-0.005038347055626307,0.016075903222388964,0.008113921679268386,29.91835428869351,-16.775780120617604,30.535432721090046,335.85387928411166,1.0658429053629401,4.128114915929871,28.55629058624246,77.24006458659117,0.0,0.4605517317106675,336.2485864956941,1.6028359972336603,11.0
170800,0.699019177408195,0.6349937656908263,-9.620725641309395,0.026978142547924164,-6.2731596453168e-05,-0.0004851520480519977,29.6954885732751,-12.466878066202375,28.375599456823505,335.84947593488675,1.0658429053629401,4.128114915929871,28.55623292923034,77.24011338316481,0.0,0.0,334.66815734148804,1.6500459047722837,9.0
170900,-0.021493273389144668,0.5124668418412516,-10.084879580199539,0.0035363032582096054,0.009535385715421606,0.020574860128070513,33.752420587639755,-14.573646335628258,28.47139770739964,335.83975164949334,1.0658429053629401,4.128114915929871,28.55627330278377,77.24006683617289,0.0,0.0,335.5380020817026,2.6339671315351936,11.0
171000,-0.07561721511789296,0.8283793901555307,-9.489814617444154,-0.0025164469982516748,0.012948224100719385,0.014352637817267037,32.21541771365706,-14.452208983014698,26.637072388257533,335.846624366771,1.0658429053629401,4.128114915929871,28.556251744305214,77.24003649254573,0.0,0.05348811445794387,338.2936587280707,3.50779733557217,7.0
171100,0.04744925978625321,0.9690682895355317,-9.68010480336193,0.016173962143938812,0.0007580882621005241,-0.0031297678884215797,32.048737871579895,-9.715094201973512,25.922296934626136,335.8338048819051,1.0658429053629401,4.128114915929871,28.556275975751156,77.2400085502795,0.0,0.25964550893446553,333.8378948697909,2.7761107207061424,8.0
171200,0.5443419375083477,0.018563029786091145,-9.81516024944796,-0.0015384739162545664,0.014546703657141516,0.009464025106125018,32.202068524284996,-13.710117054841461,31.30937065295259,335.8371239970666,1.0658429053629401,4.128114915929871,28.55624426170719,77.24009355307325,0.0,0.14784036388576316,336.0219068728413,3.534305856555735,8.0
171300,0.4476638626194791,0.6036419616648708,-9.238662183515324,-0.006053850042901231,0.010075656351338797,0.012044523503504198,31.833584006659922,-12.167892175320251,29.185326173574122,335.84488755650347,1.0658429053629401,4.128114915929871,28.556237697984898,77.24000838058478,0.0,0.0,336.8937364011583,2.0936347355517038,11.0
171400,-0.48225658824504636,0.4290859466457071,-9.630336599145831,0.023854263558030383,0.009347014272417787,-0.022451813711482534,30.818372393881468,-14.90300509642824,28.565664218381475,335.8371101307489,1.0658429053629401,4.128114915929871,28.556267447963318,77.24004566104459,0.0,0.5707953496189152,334.9028435390806,4.620454476350824,8.0
171500,0.2195124374823087,0.736479123982928,-9.799717538302788,-0.0033287695959140773,0.008057208425538412,0.005638840386131723,33.158106406805416,-11.135922472199013,24.535492274442255,335.82478925336386,1.0658429053629401,4.128114915929871,28.556295532926537,77.24004854895398,0.0,0.5565808409261866,335.07600218287564,0.9286885287876205,9.0
171600,0.3528250625042877,0.32251046576027614,-10.061624263355233,-0.005351494685259789,0.004176016527260743,-0.014080245956850774,29.796070081405723,-13.087674860656143,26.895499584264904,335.82485622542396,1.0658429053629401,4.128114915929871,28.55628373384185,77.2400395666522,0.0,0.0,334.27110310037,2.444863062412188,6.0
171700,-0.5856070984445663,0.8526140604756588,-9.720803325520677,0.00045873365806818546,-0.0043608783722255485,0.017184009993640528,33.03397530413113,-14.379363734339474,30.680343436464753,335.8302624673313,1.0658429053629401,4.128114915929871,28.556262210752635,77.24007445189783,0.0,0.3505674038031932,337.8089823439365,3.893238921031344,10.0
171800,0.07385963933160167,-0.1789598720260932,-9.798872168065508,-0.0004957296340769987,-0.007810005468171584,-0.0160638080239891,31.60701021674696,-12.499157126106253,29.340044040889996,335.8346973494913,1.0658429053629401,4.128114915929871,28.556275972799252,77.24002683020008,0.0,0.8046259941631226,339.065139091659,0.9024860416286526,11.0
171900,-0.056117214029427154,0.5600203019683184,-9.569822081090786,0.01043256344400819,0.007482555090669064,0.012097418692556705,32.77581790910805,-12.6768710121417,29.40338533070735,335.83416100410045,1.0658429053629401,4.128114915929871,28.55627688000306,77.24006897981491,0.0,0.0,340.2716447696098,4.148268914915768,6.0
172000,-0.24847709093649353,0.8238505788755984,-9.488884123233035,0.006081999512648896,0.001423224237812919,0.009608700157026168,29.982823299760067,-15.353383795397235,29.041163607783115,335.8293255286445,1.0658429053629401,4.128114915929871,28.556255034777564,77.24002432295784,0.0,0.24005842930018778,334.7013946723698,5.150532748670239,10.0
172100,0.6986941553388383,0.650108041061882,-10.01800654302335,-0.008102505643751957,0.011733786196659938,0.009937215290014251,30.010725341692222,-15.643720266672995,28.747013045534622,335.8488730169292,1.0658429053629401,4.128114915929871,28.556270973926967,77.24002787939725,0.0,0.0,332.2966553203737,5.259112364808416,8.0
172200,-0.221279717340459,0.5050662730443106,-9.916432640894204,0.015641811527519697,0.004417156829959485,0.0012133740748531381,28.34201368406847,-14.214139150737084,22.471862019154276,335.8591716238255,1.0658429053629401,4.128114915929871,28.556281429246702,77.24005706865644,0.0,0.0,336.2552177169926,3.8283955902725024,12.0
172300,0.3381358605031939,0.5469353856011834,-9.425930891231541,0.0004022344947328117,-0.004064348861763584,0.00943093190491152,32.46411409501594,-13.493116508242075,28.190954712934488,335.8597983305798,1.0658429053629401,4.128114915929871,28.55620021352133,77.24006578972958,0.0,0.0,335.1337758697373,1.4635416638489471,7.0
172400,0.5498260236441492,0.8499524935693367,-9.632405579176762,0.015753181972971975,0.007486579774991062,0.019991017373804237,32.40816006954949,-13.57332615712017,27.041530999246756,335.85293132815764,1.0658429053629401,4.128114915929871,28.556262355328826,77.24003839382304,0.0,1.2053921525712736,334.96194397165783,5.0274120878063115,9.0
172500,-0.6279311430294496,1.0856246098342166,-9.924401523921704,-0.006567414437162453,0.0036860566613628395,-8.79588674273955e-05,34.92584041625619,-13.685419217132768,25.425133002508932,335.8645631957124,1.0658429053629401,4.128114915929871,28.55629398853511,77.24006699482325,0.0,0.31078454420378104,332.669518734487,1.4534294435543003,9.0
172600,-0.02721275072207663,0.5037534834563808,-9.708404644621236,0.0026155178002390802,-3.940362538648774e-05,-0.016661958721568036,28.940314189403942,-12.767091566756998,28.96669495428773,335.85583679965555,1.0658429053629401,4.128114915929871,28.556226878367013,77.24010078063743,0.0,0.0,334.5551350719969,0.16151079814241642,7.0
172700,0.41162195588760875,0.6162743370741034,-9.88433230941098,0.00720631868824135,-0.0040390468719459305,0.014577873870943774,32.25054477201285,-13.099014311806311,27.411153274555257,335.8559823909117,1.0658429053629401,4.128114915929871,28.556245784962393,77.24006827573443,0.0,0.0,336.8424971489111,5.1290023059932,12.0
172800,-0.224862577068608,0.3329140167277466,-9.74464518016963,0.0055924639258226405,0.007316221307686664,-0.0007205578723447565,30.412339364251,-14.043737019269235,29.629632207920658,335.8558809007158,1.0658429053629401,4.128114915929871,28.55624304261364,77.240060437991,0.0,0.0,335.1828831288566,4.827137677781836,12.0
172900,0.3941025655619924,0.2780569215173448,-9.810892740495909,0.011042477651793333,0.009150152601120898,-7.154365759108388e-05,31.82544421293,-14.634362077483583,28.811749321205728,335.8657028484131,1.0658429053629401,4.128114915929871,28.556214534186047,77.24006442797818,0.0,0.0,337.7339052319837,0.8160952042158574,12.0
173000,0.5458008232485799,0.7527207939210863,-9.980183740840028,-0.005818523260517369,-0.00913938316792377,0.01082469879475657,31.99660476501757,-15.229989287162377,28.360527794301788,335.85777783244043,1.0658429053629401,4.128114915929871,28.556258701310423,77.24005146445606,0.0,0.0,333.2939066260173,1.6410198372759603,9.0
173100,-0.19303309609950078,0.676523315997256,-9.714325752636858,-0.003678237789080072,0.03176729503527325,-0.0033855585919509964,30.632536137419656,-10.285563152011198,26.994337160436938,335.8613303490387,1.0658429053629401,4.128114915929871,28.556336354992265,77.24005569172812,0.0,0.0,337.3665358812751,4.1727664390261,12.0
173200,0.32727265133311706,0.7042394438489685,-9.316907527903872,-0.013825846916053243,-0.003869109045083749,-0.015879523595076685,34.45964555157365,-15.084591018053807,27.970928586348084,335.86202330572235,1.0658429053629401,4.128114915929871,28.5562362825534,77.24006359386108,0.0,0.0,332.87140200855686,4.665878886472944,10.0
173300,-0.0027785855831072015,0.9491637747219451,-9.64675215892936,-0.0025494625369641925,-0.002522139985130221,-0.0015279672849666508,31.072432322043927,-14.650876079261685,26.822948616861897,335.85898674219374,1.0658429053629401,4.128114915929871,28.556296470206963,77.24004482036848,0.0,0.15165611024827858,332.415620876086,2.917550123972288,12.0
173400,0.540445228111192,0.11195695531634031,-9.578167487103226,0.00805633493003807,0.019724201249370073,-0.009716771217382503,29.31514002288722,-12.447626780147974,30.00519146747136,335.86890170684825,1.0658429053629401,4.128114915929871,28.556292816306435,77.24006728138309,0.0,0.41053711291124423,338.6938226238345,2.603661125833216,8.0
173500,0.44426070379463867,0.802620940863797,-9.788589943816977,-0.018733508956389068,0.020057148675247015,0.011625641389392097,33.17222902986284,-14.383781919236483,31.061288024731745,335.8603755891415,1.0658429053629401,4.128114915929871,28.55622542442217,77.24003708991894,0.0,0.7116390116143952,335.3193408621922,5.381733812729355,11.0
173600,-0.042713683882841746,0.6232351566682096,-9.795109556630523,0.013651046851883047,0.009241851897763071,0.003463706142331387,28.55955621197999,-12.718415892620943,29.98227764514861,335.8445161075524,1.0658429053629401,4.128114915929871,28.55621382499146,77.24007328548545,0.0,0.0,334.9568774579054,0.4669816045130788,8.0
173700,0.27617502310615394,0.8227086474494736,-9.08274165189758,-0.013964538083612685,0.003529395624912341,0.002305016274601732,32.73921777581144,-13.438522966692727,28.172528627104406,335.85046374786566,1.0658429053629401,4.128114915929871,28.5562746862995,77.2400224676308,0.0,0.0,338.4545710018297,4.718738351331805,7.0
173800,-0.24564626724411368,0.9419989248508097,-9.50045523206414,-0.010837885530620341,0.013417153761064032,0.013453071462394158,34.1894718254328,-14.620054076458972,27.57019608189735,335.8590214892537,1.0658429053629401,4.128114915929871,28.556304113264797,77.24012020921715,0.0,0.5189149488113084,334.19663010965917,4.12072366023229,11.0
173900,-0.34172423830926013,0.9174111737005041,-9.56676260995202,-0.009877182059163731,0.002355298120811293,-0.008416437906636254,33.94203075899389,-20.06368458623845,27.41065838430071,335.8548990054029,1.0658429053629401,4.128114915929871,28.556230903030386,77.24004090395171,0.0,0.0,339.59469875937083,3.6602330705265214,11.0
174000,0.08020112333518835,0.6918877261658537,-9.563440268338121,0.0011929301786633634,0.0022550890981106087,0.014108921058915324,30.420512723723206,-14.872913366870938,25.023710655684887,335.85210605742583,1.0658429053629401,4.128114915929871,28.55624434403782,77.24007490459068,0.0,0.0,337.15886322710554,4.336406234825043,13.0
174100,-0.027320878021920653,0.20825502918069183,-10.085560262888535,0.0075149594576391955,0.0019641352473346208,0.0075388295040012526,33.888819083216944,-14.638448058609995,28.622674622461844,335.8535415604972,1.0658429053629401,4.128114915929871,28.556215502257494,77.2400429313233,0.0,0.3906260851856213,336.6219137610541,4.767716459859306,6.0
174200,0.11370685491377619,0.7007761467307462,-10.63372999184526,0.004222182253886409,0.0017984803321261602,0.025018179740190025,34.82438296069222,-9.327099344795826,29.95492494814842,335.85713787382565,1.0658429053629401,4.128114915929871,28.55628520603982,77.24003081114046,0.0,0.0,336.764799436355,3.5209931301577684,11.0
174300,-0.509349118914462,0.5570899974461793,-9.862773696979428,0.000817777670479309,0.021297383716937575,0.016762561864343994,33.100923547840516,-16.04228694543231,27.74277048036576,335.86417593776963,1.0658429053629401,4.128114915929871,28.55623042363616,77.24006920733102,0.0,0.0,337.1520883880883,2.2814070672370574,6.0
174400,-0.25248355023074187,0.8658206683545333,-9.901084081652238,0.00430655184776667,0.01140330416245957,0.010459590885078928,34.51617841887684,-12.64937269403572,25.60743393284033,335.8648349880524,1.0658429053629401,4.128114915929871,28.55627128252266,77.24008503117696,0.0,0.08748701186405958,338.2336693426885,3.2408941775891624,6.0
174500,0.894735780796836,0.6001653349130859,-9.920201686436297,-0.000516857872936924,-0.0024417184734396536,-0.018221956005150367,28.690854904409683,-21.49828646429755,30.211583406349476,335.86218691259694,1.0658429053629401,4.128114915929871,28.55629122741934,77.24009461653054,0.0,0.5263030287612709,338.2931491708932,1.942589596884884,7.0
174600,0.4897918570156675,0.5690353851052965,-9.594209055557155,0.0032445156422367606,0.006163669031539288,0.0019138698141262485,30.262637676064426,-15.020587869904485,29.110385050671383,335.86538019043485,1.0658429053629401,4.128114915929871,28.556240276477254,77.24004074948571,0.0,0.7495025355047218,336.3628807089202,3.4115626212379304,8.0
174700,-0.043768026577097885,0.2445989089816128,-9.436172177633942,0.0019769097455417084,-0.007377277990389851,0.0006427026729473205,32.47905815168067,-16.305303575131322,25.355118759600675,335.8753499127647,1.0658429053629401,4.128114915929871,28.556279971682162,77.24004040909622,0.0,0.5685362944839346,333.81586315838223,0.7242206965971643,11.0
174800,0.05040763777394121,0.4695436267877503,-9.580384156759006,0.009572749887471418,-0.024287503820948565,0.01999992599624459,29.34169302059893,-16.137235370720813,27.20014526148796,335.8793937535286,1.0658429053629401,4.128114915929871,28.55630001196215,77.24007696790679,0.0,0.6034123631813211,337.41752021660284,2.383903486219242,8.0
174900,-0.04587557553957239,0.6758851535621944,-9.651032510318228,-0.010142859381232258,0.014055142213204204,0.01573529102625814,29.960705586095585,-13.097671295660904,28.198008607621404,335.8703345434019,1.0658429053629401,4.128114915929871,28.556283662582707,77.24008855531675,0.0,0.49682952160062094,334.4504572091128,3.6754726661839205,10.0
175000,-0.006973536382318596,0.5181422642157675,-9.866993438214173,0.015533093903228098,0.012960964558044543,-0.010802308840316556,30.365094676249306,-15.056186050119479,28.83931494046273,335.8578650702543,1.0658429053629401,4.128114915929871,28.556295642430378,77.24004036514636,0.0,0.241523647797161,337.7122749224542,2.55462704398302,12.0
175100,0.4406512345601704,0.493620337524434,-9.618561803157704,0.011681423227800778,-0.0018050683613477676,0.014898635645726386,31.20142038972477,-14.791437162675962,29.523908055071317,335.8557377515347,1.0658429053629401,4.128114915929871,28.55624777184762,77.2400580580965,0.0,0.0,336.86144817895706,3.9758992329608764,8.0
175200,-0.1773565891539449,0.6317820359264217,-9.63080006580969,-0.004139008694864934,0.002123778113166552,0.013547119636673977,33.50398155391465,-14.476763207665293,29.9699064989749,335.8686829354222,1.0658429053629401,4.128114915929871,28.55623702062366,77.2399933822333,0.0,0.0,332.11226448695953,5.330185524269436,7.0
175300,0.5240983253417235,1.661888395696205,-9.434449959753028,0.004928673196693137,-0.0024710120850759704,-0.018137755224493204,31.173443064996796,-12.370080578974825,28.01926805064524,335.8576128218395,1.0658429053629401,4.128114915929871,28.556225624271047,77.24004920413,0.0,0.09529237458508201,332.6505850293913,4.781214550831546,10.0
175400,0.873878675417143,0.6753125130239779,-10.107588226678658,-0.002802147042679736,-0.009288242204782759,-0.0038472648096188992,32.81932970630849,-14.180669997458834,29.84698330269812,335.8728079498755,1.0658429053629401,4.128114915929871,28.556289438843095,77.24000864020357,0.0,0.30701431305246213,335.40842729182253,1.5215668260378032,11.0
175500,0.14860363569074686,0.7533779983288889,-10.27871080695979,-0.008207051117094903,0.013665086332644991,0.00150980742570945,34.055752825340065,-17.614101954809858,28.407465212176227,335.8438996838219,1.0658429053629401,4.128114915929871,28.556282662561607,77.24003238505465,0.0,1.6026158218129538,335.2306711836439,4.505816975996258,12.0
175600,0.17887102904609992,0.2547478060812213,-9.475774661381175,0.02624733076553067,0.004999841947605669,-0.002275987763922243,31.91733734795178,-11.18752457511387,28.772184535614162,335.82905337854805,1.0658429053629401,4.128114915929871,28.5562430248956,77.24005425631941,0.0,1.549342441254541,336.5419628243689,3.731675733280634,10.0
175700,0.8793229606410851,0.6546564813662104,-9.37504678865119,0.015458224012264762,0.009178204263357071,-0.00726359566385162,33.5454295452109,-13.982961582313017,26.018733605519838,335.8325983770491,1.0658429053629401,4.128114915929871,28.556272414073725,77.24006749469854,0.0,0.8509742537316651,337.87035021374226,1.0247165543059409,11.0
175800,0.5895456524351588,0.7285793611950263,-10.027614106929166,-0.006131418587944167,0.005703130037977426,0.004248994711428877,30.08126777520104,-16.847653461943942,30.74668156250679,335.8229676544497,1.0658429053629401,4.128114915929871,28.556321152752094,77.24004196566952,0.0,0.15166441513313444,337.3817121632633,3.040998499890015,7.0
175900,0.10644628493364408,0.8846091559439837,-10.110908085797272,0.0034242722962490413,-3.0275358121396867e-05,-0.0089220844650266,34.556460518968066,-11.109159476648605,29.995340279387765,335.83860934419954,1.0658429053629401,4.128114915929871,28.556251369128464,77.24002921477393,0.0,0.20593461044220818,340.2713082254526,5.17349256989295,9.0
176000,0.01609030319220489,0.8589211762254654,-9.68512426134019,0.008418811340833185,0.0031883536583108335,-0.012718814597036856,30.63048691299283,-13.634624324976755,25.944948175113716,335.85170571902273,1.0658429053629401,4.128114915929871,28.556298785378498,77.24003278479661,0.0,0.0,335.1027879182636,2.7151987722479234,13.0
176100,-0.1134961139131554,0.7061149810031278,-9.840359281526766,-0.004417323831050441,0.0065683462985828625,0.016666800112645982,31.086740857486852,-16.813548058460647,27.603109752908143,335.855910275693,1.0658429053629401,4.128114915929871,28.5562916327098,77.24008766654507,0.0,0.2977292751128901,334.33397543970284,2.95953974836833,12.0
176200,0.10617087879489451,0.3450154051883651,-9.934246987880357,6.980171251247608e-05,-0.00404969236635123,0.0006600889821276709,32.9313244648625,-11.830461568758933,26.442079853516802,335.8673078707184,1.0658429053629401,4.128114915929871,28.55630085663518,77.24002137587915,0.0,0.08769206846908617,339.5113773161563,4.002184407839657,10.0
176300,-0.3116403380450516,1.0563182881934317,-9.582112062131129,0.0012511517022609404,0.019236884491005232,0.003672128234507425,32.2768670335892,-13.059680564709275,29.018012084544303,335.86919495932284,1.0658429053629401,4.128114915929871,28.55625208604231,77.24000851838001,0.0,0.6853784920416606,337.0465441537901,2.605211727653686,10.0
176400,-0.10959731066055245,1.1410549088121549,-9.83487897089625,0.005096387652782658,0.004076004794153947,-0.01710039083300471,31.22566512063616,-14.797855226087798,30.440096910959564,335.86519582926735,1.0658429053629401,4.128114915929871,28.556267168231088,77.24006238831335,0.0,0.0,335.49167868768905,4.552075076545418,9.0
176500,0.1684352996575086,0.4199958475418263,-10.020293449248689,0.0032756796065498673,-0.0025402444606320426,-0.0006121171754669358,33.26506687366255,-18.81752789579136,27.320052575361167,335.8579763666805,1.0658429053629401,4.128114915929871,28.556266407333226,77.24010713582778,0.0,0.8726426301529642,334.8243184764686,5.153406610817837,8.0
176600,0.5221339238816701,0.37872945711873884,-9.949862605078197,-0.0016077495058317544,0.0037893301235645167,0.006459731265249347,30.7544379908927,-15.764670416308784,27.915848139646894,335.8590300282755,1.0658429053629401,4.128114915929871,28.556227479058336,77.24006552205242,0.0,0.9037118845304635,334.8210007456268,3.6525856785317883,9.0
176700,-0.2107040090999075,0.3941990852404873,-9.87270718616705,0.01859059367391706,-0.00599575899195754,-0.021447990887823523,36.3636376778472,-13.276732765391763,30.70203414043005,335.86666969572536,1.0658429053629401,4.128114915929871,28.556256860559348,77.24009052457714,0.0,0.7638335499515883,338.8971653703144,4.762187089048435,6.0
176800,-0.23289923925902525,0.5643561334081222,-9.821867831305076,0.005778178242629241,-0.007737356651503967,0.02059361798400583,32.619260685486246,-14.033445457969268,29.510525075146518,335.8470197674375,1.0658429053629401,4.128114915929871,28.556270605287434,77.24008014834077,0.0,0.4951135754716066,335.7291020723599,4.969751705584495,7.0
176900,0.3323364305029421,0.964376735537529,-9.558427612539798,-0.005831278901657718,0.003974216106405435,0.0027678686586666574,34.54345038424297,-10.338721765099322,32.16108230882764,335.84300592484993,1.0658429053629401,4.128114915929871,28.556278013546862,77.24001441934273,0.0,0.0,333.03776499932667,6.338145644717088,7.0
177000,0.5512316641077752,1.0482661955427082,-9.940624245662585,-0.020699363460467482,0.00207433543696131,0.0007443118211427832,32.261563979248876,-12.758220708125236,27.52122899616731,335.8375373150529,1.0658429053629401,4.128114915929871,28.556276448354012,77.2400799377714,0.0,0.5805626647552433,336.85075791011684,1.4442707907104184,10.0
177100,-0.26123109596243566,0.5788110444645602,-9.354377963090014,0.0012587893261137427,0.004873808192143688,-0.0008173257862355799,31.36771612888773,-15.020566754242333,26.577355092419324,335.83157524418846,1.0658429053629401,4.128114915929871,28.55625316343669,77.2400536981756,0.0,0.0,337.2107287358063,1.403122529824938,7.0
177200,0.0028228589957680073,0.5755568657376591,-9.416982067294507,0.014720333101139339,0.00796502507824142,0.004016000565129685,32.15352683644677,-16.7733413292355,27.45514129604629,335.8512254205823,1.0658429053629401,4.128114915929871,28.556268747756945,77.24003636322902,0.0,1.113994104586611,337.49155822032174,3.3322515166933564,8.0
177300,0.9747995470353676,0.7584050191772739,-9.967882064380476,0.0032597656882096494,0.02818991076592201,-0.011713251991136167,32.69742676037479,-16.119779587457547,28.176025269467193,335.8552417246493,1.0658429053629401,4.128114915929871,28.556320084725836,77.24004298954944,0.0,0.464267526741556,334.4595632809443,3.4639225162679326,13.0
177400,0.1302719130878695,0.4971249332364407,-9.634860901999481,0.005981475157801143,0.015580718250230628,0.007045820038595896,32.09774137603837,-17.388177802309713,30.34989821410775,335.85920594591244,1.0658429053629401,4.128114915929871,28.55622367432234,77.24005766738148,0.0,0.5844300338687693,334.09381451353386,2.019141099208696,9.0
177500,0.013685312426810481,0.11372332290400577,-9.889478117170047,0.006928678342573513,0.017047530084691762,0.006555776017803014,28.756113991924234,-18.20058717417793,28.445116489607862,335.84955987663,1.0658429053629401,4.128114915929871,28.55630369221437,77.24003878821324,0.0,1.010930171606219,336.72230919621023,2.850842993084992,10.0
177600,-1.0130620745910646,0.15955053379071166,-9.92869147427035,0.009575369676674304,0.01093662407227889,-0.0007582909650464499,32.715546059493455,-15.222894649279468,28.980416216311262,335.8517303617136,1.0658429053629401,4.128114915929871,28.556211617123516,77.23999729553934,0.0,0.2593910438291494,338.0470501475615,5.06359579936789,8.0
177700,-0.21453662595204742,0.6232375992348113,-10.223158113959922,0.011148152504190684,0.001761889017432008,0.01171043152658868,31.139705213171357,-14.108878944303157,32.44150119605702,335.85529163898684,1.0658429053629401,4.128114915929871,28.556281545723913,77.23999907329542,0.0,0.34837875205151275,335.43295407442844,2.712127731379689,7.0
177800,0.5414649494330477,0.4344864619232668,-9.242852617168783,0.010389085577614351,0.014723397630376844,0.014923374494053478,32.301084423490565,-18.75308276525518,26.570266439666778,335.87134800285463,1.0658429053629401,4.128114915929871,28.556266960125154,77.24002355368492,0.0,0.0,334.4216724220055,4.411784991467466,9.0
177900,-0.7161963984698156,0.2532166151238318,-9.586781219026088,0.005469741441366559,0.007487105850032604,-0.004638659120661416,30.76376320744254,-15.70614566921169,29.04838923405619,335.8796646530044,1.0658429053629401,4.128114915929871,28.55628225828454,77.24007559460321,0.0,0.30756289789893276,339.50523212270326,6.256677017211088,7.0
178000,-0.2810875910352563,0.41336923311619206,-9.940908046700848,0.012019419571629629,0.010776846418305217,0.01626204032944617,32.67463689911051,-12.116580080738991,28.797750703855094,335.8797012764104,1.0658429053629401,4.128114915929871,28.556265622879277,77.24012391049162,0.0,0.25492158669358117,336.4640697049159,2.1227410377844933,8.0
178100,0.29604378587999025,0.14206087895752373,-9.15900327134951,0.0035904504098225798,0.004675825350548563,-0.004436821812472427,29.85407674209711,-13.190983191598985,26.016711645754867,335.8700682988861,1.0658429053629401,4.128114915929871,28.556270468143715,77.24005064111539,0.0,0.0,336.38700202584687,3.582503504263365,12.0
178200,0.3634632503760674,0.8815061779968909,-9.635274873615758,1.8091374244760643e-05,-0.0016016617095937604,0.007235708731223125,32.6307474577929,-11.543389017634578,30.937485368916917,335.870230054623,1.0658429053629401,4.128114915929871,28.556294116857558,77.23999845206703,0.0,0.13219319436314583,342.2207934016709,3.3559774199355226,13.0
178300,0.4252586085910127,0.33914882456588197,-9.712734831818686,0.006327767680143476,0.010915683258729936,0.008389733141924609,29.533994494062245,-13.08488356049224,28.061204935620896,335.87573052717585,1.0658429053629401,4.128114915929871,28.556256051302878,77.24007971905138,0.0,0.0,337.181614595031,2.0298856634578417,10.0
178400,0.5281736819727393,0.9758720966334197,-10.320978526714566,0.010450098620851136,-0.004366991780590521,0.004661337172746199,29.829115054244905,-13.242172127628699,31.316206641273,335.8707241503245,1.0658429053629401,4.128114915929871,28.556286114422694,77.24005162606453,0.0,0.20636324939912526,341.56857784178624,5.699475468307332,6.0
178500,0.3596981978500322,0.6240928782319691,-9.809484373257936,0.0013308411714162832,0.014134283879890255,0.013691658328194887,35.99081112005382,-17.529947920562442,27.60460781541969,335.87477940151877,1.0658429053629401,4.128114915929871,28.5563182448099,77.2400492807094,0.0,0.2830747468738783,335.1825532513086,2.115256397847771,12.0
178600,0.021648780243353982,0.3233520154448583,-9.90828812506824,0.008584095152630988,-0.007437595716690213,-0.002474377207558568,32.0895766406437,-14.11693098036265,28.131583909740478,335.8620546366138,1.0658429053629401,4.128114915929871,28.556259470394505,77.24004368665874,0.0,0.11008564269871945,334.09298352090264,2.462351697298314,8.0
178700,0.10113012357400239,0.23097179777616178,-9.514174647969375,-0.01699663936963022,0.00919997746128378,0.00015086750442124092,30.53924477530702,-11.14496104798637,28.49925991499422,335.8549101626433,1.0658429053629401,4.128114915929871,28.556277189423593,77.2400137250657,0.0,0.05149222218653175,332.487050977945,3.6630118208245825,7.0
178800,0.2839939174218249,0.9200896690868614,-9.545453223052782,0.004622957161472903,-0.006625534107119169,-0.0025381287671016957,30.353049855899023,-12.651110239258063,28.55813519877396,335.83405445015234,1.0658429053629401,4.128114915929871,28.556264618834085,77.23999267583054,0.0,0.5023907345863619,334.2496612806583,6.054827885083724,6.0
178900,-0.16551376946103255,0.7483482261104712,-9.696103785447733,-0.0068081195465999585,0.017737562667840306,-0.0015801487159140494,30.566223597525802,-15.77379677226042,29.683496048281317,335.818857059861,1.0658429053629401,4.128114915929871,28.556202813544896,77.24005545699616,0.0,0.0072218939559130025,335.7749421899156,1.9044191339299044,11.0
179000,-0.0253354472079583,0.49555440548170615,-9.412124462987467,0.009848436096580038,0.005069300304789475,0.001575516890673752,30.46026733576236,-17.40014550093099,31.21896884754471,335.832450900623,1.0658429053629401,4.128114915929871,28.556276646583225,77.24001695771653,0.0,0.0,334.6645530315786,2.506705565965752,13.0
179100,0.6340282844778097,0.5274606616743401,-9.764772185289493,0.00451010680462716,0.0023719618878052778,0.014972654963158034,30.163346134440662,-12.237825991699323,24.639459407659682,335.8396692629599,1.0658429053629401,4.128114915929871,28.556262639495188,77.24003299916839,0.0,0.7835046759149261,336.36802904156053,1.3455342300529838,11.0
179200,0.9569392418592139,0.49352874007947245,-9.546899159204372,0.0046712227279409844,0.019065019005169798,-0.00819449417695231,31.656048699762277,-16.593870889948843,30.231590544558905,335.86282581231455,1.0658429053629401,4.128114915929871,28.55626750757463,77.23999588963498,0.0,0.47298870284961037,335.22555195647817,2.761292335950454,12.0
179300,-0.07229587988423869,0.7813490658792595,-10.152065828334708,-0.0024168814720568047,-0.004011779405146558,0.00039679036323734184,29.165387614924693,-16.58867988681432,26.33859644619853,335.8622730699971,1.0658429053629401,4.128114915929871,28.556299504572838,77.2400236402844,0.0,0.0,338.7941547143167,2.859862446559456,8.0
179400,0.9646022732262723,0.7874897336129802,-9.69615210409948,0.006416155115975757,-0.006122747264511085,-0.010882537651590845,31.70176727279605,-16.29927466403397,27.176405592519938,335.85872928471935,1.0658429053629401,4.128114915929871,28.55623793539869,77.24003162435652,0.0,0.0629683789639334,337.3315046750406,0.05260120861388806,10.0
179500,0.46124506190763315,1.0167221112444946,-9.480117830592043,-0.013648948265355416,-0.0023334594864451866,0.0050440163204585175,34.31199016252067,-14.258163710298541,28.131968096516104,335.85189341537324,1.0658429053629401,4.128114915929871,28.556270903058376,77.24005762123079,0.0,0.1179877218911875,334.26659018806384,4.9985763896152875,7.0
179600,0.5469330233775915,0.5587641064198908,-9.573804375083514,0.01479804794240559,-0.008682740735927216,0.007831557420324153,30.379142516108733,-14.908797432108473,27.663592998265614,335.85261130541954,1.0658429053629401,4.128114915929871,28.55628372272445,77.2400364680963,0.0,0.4314348764317848,339.52853016274156,1.2868237697404306,8.0
179700,-0.3184393502330236,1.1108818286991389,-9.823220766286864,-0.0056851844772440084,0.016659030232960923,0.010819446735836173,33.01078234962167,-14.119519653301486,27.38586101846827,335.8691669439425,1.0658429053629401,4.128114915929871,28.556297972986805,77.24004792914904,0.0,0.0,338.16168115018803,3.2715529030153356,13.0
179800,-0.6364708551024593,0.6656715255106502,-9.841808754407271,-0.005119214806889306,-0.017656064993904846,-0.00017664474331027065,33.47710834461082,-13.842940047596768,26.014114480533323,335.8726312766882,1.0658429053629401,4.128114915929871,28.556262469074717,77.24002897758564,0.0,0.0,338.5287488307005,4.964983620940046,9.0
179900,0.23373470998540924,0.5027853228896731,-9.696852403642373,0.00390642005269445,0.020858956997394328,-0.010941541956268966,32.845302517282626,-13.911430521456575,25.995770615106554,335.86722752380865,1.0658429053629401,4.128114915929871,28.55629333436345,77.24007832840103,0.0,0.3201134982421025,337.5159094308281,2.9300527051669025,12.0
