Time (ms),Accelerometer x (m/s2),Accelerometer y (m/s2),Accelerometer z (m/s2),Gyroscope x (rad/s),Gyroscope y (rad/s),Gyroscope z (rad/s),Magnetic field x (uT),Magnetic field y (uT),Magnetic field z (uT),Orientation Yaw (deg),Orientation Pitch (deg),Orientation Roll (deg),GPS Latitude (deg),GPS Longitude (deg),GPS Altitude (km),GPS Velocity (km/hr),GPS Heading (deg),GPS Accuracy (m),Satellites
0,0.9720917080535428,1.2375274776276384,-9.767158135344149,0.0013391892617152967,0.004428006428314734,-0.009347715079641246,23.887245145723586,25.133942811442605,27.22450478603389,44.99626930618889,0.2734290781961999,4.028595083730092,28.63496020152056,77.22790440741369,0.0,0.6501543260761082,44.614065345070486,1.610484377613465,8.0
100,1.3319568028920892,0.94149441868129,-10.230672395357953,-0.002164491818959814,-0.005872720804327905,-0.016798653185450447,22.71912485613701,26.423090616514294,27.37276567074781,44.996477572118,0.2734290781961999,4.028595083730092,28.635037895700393,77.22803014734872,0.0,0.1373361178174769,45.466651012994724,2.4300822755528153,13.0
200,0.979229358071618,0.35815254398606367,-9.497671544323325,-0.010784726256569285,0.011067608802362442,0.008287412826718965,25.95603203326604,23.72912400928792,27.176038013621348,45.01136193876963,0.2734290781961999,4.028595083730092,28.634981400624618,77.22799173763353,0.0,1.1766032097087165,43.058917272602955,4.748905728070222,8.0
300,1.4636968223166744,0.9466752962069443,-9.842500909836614,0.0017225713351597177,0.0034722129100563937,0.0075994631963869205,22.56951075845295,25.92021481020584,26.816067754349593,45.01539272440096,0.2734290781961999,4.028595083730092,28.635000532888427,77.22800906640688,0.0,1.562642353333497,45.726850277261356,1.4659875437376202,9.0
400,1.1501014736438564,1.2767671281048292,-9.297900884331343,0.008374554906913394,0.00876187906490361,-0.003086968350426412,23.372784454398428,27.48764725054474,32.113930273512764,45.01459106766232,0.2734290781961999,4.028595083730092,28.63499203271514,77.2279847075287,0.0,2.0480784603182762,47.25409910245767,5.236010572502242,10.0
500,1.143726274096105,0.8107054355146455,-10.028380366671382,0.007375655581379236,0.011353800020656137,0.010151682272471865,27.14991570585323,23.15547828488811,26.835289601567766,45.01203646465166,0.2734290781961999,4.028595083730092,28.634984783845894,77.2280200708582,0.0,3.063757397485911,41.55549570962709,3.359636794933728,9.0
600,0.6067923806884271,1.0844472942521166,-9.588408262288368,0.013710492752213338,-4.439291486932947e-05,0.007745324685731725,24.400335477576423,27.350297519336554,26.837980301151585,45.024688355704505,0.2734290781961999,4.028595083730092,28.635018658384748,77.22795236921691,0.0,3.4161708535010566,46.575973430375335,3.6249228251181123,7.0
700,1.0752983213337928,0.7818984023478435,-10.193458177944164,0.008241068582893179,-0.0012064927594966869,-0.0070527447601599885,23.925900405174556,28.07519916091721,31.368699277378298,45.03476399694859,0.2734290781961999,4.028595083730092,28.634993399100665,77.22798745539195,0.0,3.835558895498796,45.35080834506743,3.7175774898130327,13.0
800,1.4081514094215108,1.7451838760882237,-9.90759264528839,0.00935098418110823,-0.009682021643977672,0.0005294979282055947,20.70554972417255,26.377006551631847,25.022127367038195,45.040285153682305,0.2734290781961999,4.028595083730092,28.63497042372371,77.22796849923893,0.0,4.439609321037661,44.05264414161796,2.487527523688417,7.0
900,1.4193088444242918,1.0669152648306717,-9.80533682070522,-0.007467317263461737,0.009525624785290569,0.0018600404587420496,21.820036805934194,24.546775500759853,30.51307523632724,45.052878240880474,0.2734290781961999,4.028595083730092,28.635011540551744,77.22799766596195,0.0,4.800508836191965,43.23149734523466,3.2031036232063634,13.0
1000,1.1836120473284422,0.6246730982962947,-9.617434587731209,0.0029596048063918437,0.014547162617431771,0.033247725600462436,26.568016037793686,25.609241794244753,30.305275682127487,45.06414671351722,0.2734290781961999,4.028595083730092,28.63501599934096,77.2280054596312,0.0,5.189512388372845,45.11668858769165,1.932577063161379,7.0
1100,1.403719674516649,1.0394820818396555,-9.461809800840093,0.0012036362183975029,0.016162524862196128,-0.002825240478922978,25.634353707425305,28.349923064157085,23.152513931561543,45.04817215173036,0.2734290781961999,4.028595083730092,28.634963665890556,77.2280582908166,0.0,6.258009388290041,45.23259262436236,3.7339470470181846,11.0
1200,1.2308597463666002,0.9138523676233432,-9.676696345183545,0.002495126924612572,0.0011713440467842444,-0.010287158078739988,24.206534310007193,24.30562649918731,30.97510708447039,45.04668822324774,0.2734290781961999,4.028595083730092,28.63507281408964,77.22795176081893,0.0,6.781507998251812,45.877730053413764,2.988123820323663,11.0
1300,1.3577852377117805,0.8179703675188024,-9.70185398894337,0.011586963173161421,0.005716040264875459,-0.012114739001109914,21.338755201394246,21.743685478574964,29.323167467673883,45.04025563711192,0.2734290781961999,4.028595083730092,28.635016986877677,77.22800736560983,0.0,6.579193524850595,46.54581715698708,1.9171331545775137,10.0
1400,1.3797144171819926,0.7317858585684609,-10.152258941215816,0.020298917262964854,0.009150427051121086,-0.0009273028969412794,23.914390867002002,26.857421336718975,28.85361533469438,45.03555993921992,0.2734290781961999,4.028595083730092,28.634983091208372,77.22803806584098,0.0,7.894868234925573,47.482312976191096,0.6458091161900299,6.0
1500,1.2575609056791,1.1549945512333617,-9.77911304332904,-0.018875140437279014,0.017681977761449388,-0.008819155667096653,25.72905731162838,24.09960677682059,28.777650132890997,45.03233337975868,0.2734290781961999,4.028595083730092,28.635032248828562,77.22804573151323,0.0,8.25629158438241,45.85584964351356,3.8410852523504566,7.0
1600,1.5310946625997974,0.3750095161989637,-10.060399760174533,0.021426825434939414,0.014376685580436248,0.007057156190044194,20.813817892741458,25.59012136555304,27.89458342362217,45.036351285977844,0.2734290781961999,4.028595083730092,28.634977285544878,77.22797643426229,0.0,7.764868461188075,41.3813345157921,2.952143526805036,12.0
1700,1.8030686726134513,0.7523757979413437,-9.424928993521691,0.008249416712360657,0.006580696020663636,-0.002149062314198155,25.388710312067477,25.00692039891919,29.031081309046094,45.03225065725879,0.2734290781961999,4.028595083730092,28.63505631013787,77.2279874289203,0.0,9.51092502130944,46.06417537672469,2.184519986204034,11.0
1800,1.2610373780987307,0.6995883504783467,-9.263145406701382,-0.0021902800708257205,0.01291351748760165,0.004530754720214063,28.36099959240594,26.771663396941904,30.05296508425966,45.02789940904568,0.2734290781961999,4.028595083730092,28.6350100236812,77.22804324181028,0.0,9.690239797655444,45.82127454444789,1.9767931718869853,8.0
1900,1.4995861547339548,0.6716940721148499,-9.128663205675052,-0.005244149745352583,-0.011467534463873295,-0.007322691162885834,24.311463935508602,24.77895597621588,28.982664985096324,45.03989511599732,0.2734290781961999,4.028595083730092,28.63500471288464,77.22801394806875,0.0,10.243779068524146,44.99612726076925,0.07125917277290439,8.0
2000,1.601175771364622,0.7961730585653256,-10.039235675361468,0.0032714178073844956,-0.0029849886169100786,0.0041940414615524585,24.748948687713995,26.07929548645184,29.422152720263576,45.05535959155719,0.2734290781961999,4.028595083730092,28.63504951430223,77.22805635974366,0.0,11.474133551684261,43.51991878420958,1.2325512418137161,10.0
2100,1.391707596620104,1.2694313584569714,-10.001212263342433,0.010042005667239711,0.016365508520301945,-0.004303882203340468,24.60385178939598,24.08643227259268,30.657316973586944,45.058545129721516,0.2734290781961999,4.028595083730092,28.635078415880667,77.22801203103376,0.0,10.346003204444443,47.92477240606107,3.2816465098362153,10.0
2200,1.9432171661316895,0.982474310548694,-9.780807448764332,0.004232695886506034,-0.0008705748164684075,-0.0016107308392977204,25.66019688050421,22.442804893410784,25.255548819090357,45.049144630880775,0.2734290781961999,4.028595083730092,28.635017554150966,77.22797664317957,0.0,12.593863103874662,44.61364790001511,2.372716188447847,11.0
2300,2.409453078327417,0.5362241660514153,-9.723369930158574,0.015463616304244115,0.0018879612250381653,-0.008084299150597095,27.440193754370878,25.284499505705224,28.07372728220474,45.04872301568535,0.2734290781961999,4.028595083730092,28.63504118224962,77.2280179303783,0.0,11.998965355438774,47.29822854038431,1.4264371476513373,7.0
2400,1.1391661600628473,0.8134774818574061,-9.74857741055322,0.002099664877643401,0.011952930449814252,0.014752605017974655,27.437558341445314,26.30608880873486,26.953673304841683,45.056618791190395,0.2734290781961999,4.028595083730092,28.63502726089771,77.22803470128221,0.0,13.688107860686472,43.44785324377163,2.204271820912386,10.0
2500,1.0737884354470735,0.8730619191343952,-9.784907829839323,0.014032215349672167,-0.016473890663459723,0.0006814144506276027,26.19696085956322,24.557269708683734,31.81060637033709,45.04959665779047,0.2734290781961999,4.028595083730092,28.63505530809375,77.22802057365827,0.0,13.652398674255165,46.99759404279232,3.399791789755336,11.0
2600,1.1960159110249002,1.4232216665799091,-9.817962306312658,0.004872252056157897,-0.008569276780526838,0.01409753455241508,23.18047094699586,23.575653651136648,28.58479854761952,45.056655175893695,0.2734290781961999,4.028595083730092,28.63504571652353,77.22806315825777,0.0,14.11059585831558,41.37393117542784,1.482518720677052,10.0
2700,1.0431743049989959,0.7236976795201985,-9.324733762509128,0.009212449850027594,-0.013648688961043667,-0.013298497397334018,22.803115253032956,23.65227558754009,28.00900177139789,45.055292623215465,0.2734290781961999,4.028595083730092,28.63502041619277,77.22804378046926,0.0,13.382751126946314,44.55491253109957,3.1584082290487006,9.0
2800,0.8258570600137985,1.1240987686579873,-9.155010939439897,-0.011269201113780658,0.007667141638933645,0.002894057093202788,24.746049128371457,26.426594230189206,26.924685039143544,45.05828559330808,0.2734290781961999,4.028595083730092,28.635059934952295,77.22804085709164,0.0,14.51123067386874,48.997102113481695,4.798769036926343,7.0
2900,0.7004605267365427,0.9750912402513003,-9.76220698434164,-0.003846774026736115,0.022604798386768783,-0.0003581488667519614,26.74104815714221,23.702314939911275,29.7579222214343,45.061456683505796,0.2734290781961999,4.028595083730092,28.63509714462403,77.22802751172125,0.0,15.13172850069396,46.80901006059823,0.248568766542836,9.0
3000,1.1883512306322235,1.023946482180107,-9.59242528947954,0.013157902253342936,0.003935221472505413,0.0019175816082537054,27.1339584181078,24.854615709343133,25.015184909530575,45.081095059452586,0.2734290781961999,4.028595083730092,28.635070699801535,77.22805824303144,0.0,16.19713283071112,48.360379412868575,4.376795811974301,11.0
3100,1.2642162621620592,0.84119209615216,-10.017062446683846,0.0024755682899572284,-0.0005009839288383292,0.006450974343609091,22.85101089651399,26.210892859765117,31.822503943190462,45.08565964350641,0.2734290781961999,4.028595083730092,28.635070356952433,77.2280431956413,0.0,15.776564329869263,43.9300129621319,1.4130964760142688,7.0
3200,0.8937697263268986,0.9482599546106965,-9.45030699686407,0.029659748543844115,-0.0036164105192595776,-0.004294677165107723,25.538070144323537,23.576183482214457,30.271918625266302,45.07849772944893,0.2734290781961999,4.028595083730092,28.63505681190947,77.22808087616163,0.0,16.3465588791422,44.853343903641594,4.156403033005731,13.0
3300,0.8129652189406043,0.7323800707377657,-9.144135889919978,0.004042587975522942,0.011028840688484996,-0.0003305302409157211,25.34983326785006,24.20268089942513,28.69526456105577,45.06657621141025,0.2734290781961999,4.028595083730092,28.635020590823675,77.22801737791171,0.0,15.39251701587167,44.179282641477585,3.809249413207678,11.0
3400,1.3947373103158396,0.6094162570820125,-9.970888378900408,-0.013758319907335788,0.015243085613187077,0.008753794964268213,23.929537147567437,23.997832758404265,27.33453869457247,45.07091428859614,0.2734290781961999,4.028595083730092,28.635049447665562,77.22801664579627,0.0,17.202125491407763,46.294537221960056,0.7553355169601152,10.0
3500,1.9783142635626267,1.1230663963726004,-9.90142648304981,0.024754160921190364,-0.0012358267447923326,0.008508439245784594,26.76859878690028,23.374392250923876,27.383844587570913,45.06248470872422,0.2734290781961999,4.028595083730092,28.635094689602774,77.22811331863393,0.0,17.40955397848785,46.800735870568424,5.808505921373934,10.0
3600,1.328840079843566,0.44122520589922876,-9.378658635721223,0.00918620456010524,-0.0069037679271210664,0.009951051514020544,26.964136005127482,23.031362809231066,25.833304147314962,45.07751769660449,0.2734290781961999,4.028595083730092,28.63510762590942,77.2280669874502,0.0,18.180256001812893,41.746941988626816,4.474072864905734,11.0
3700,1.5158181545925475,1.490463745393721,-9.965258627707168,0.015014059211039894,0.013163284265974972,-0.00494852636359397,23.057949455466595,24.043318135222844,26.438853311327296,45.069716445460344,0.2734290781961999,4.028595083730092,28.635095561583295,77.22809526257721,0.0,18.06947735899149,47.4808301459724,2.0347942268259818,7.0
3800,1.6159300328530228,1.238528633073329,-9.559416841407018,0.004198747522680878,-0.0010269938112721201,0.00783893985779912,23.420081203055737,25.488009814650194,24.843087310330063,45.08935746841308,0.2734290781961999,4.028595083730092,28.63502493944234,77.22810992526614,0.0,18.14946036212925,44.613971119801036,0.4324837449756669,7.0
3900,2.185715600538167,0.8911877152553083,-9.827041064999166,0.016426107535021245,0.009859451757430837,-0.01043338927657552,20.956347472068035,27.794222347550047,32.37863937624395,45.09695641267199,0.2734290781961999,4.028595083730092,28.63506434076256,77.2280994481622,0.0,19.540637022503482,45.661106822790046,4.1326846827063015,12.0
4000,2.2862749959054165,0.7723116556797832,-9.886085979717976,0.006060302361088938,0.021514088371193806,0.0051243323354787955,24.816997176195514,22.393326261036247,30.419222882983117,45.07922526247225,0.2734290781961999,4.028595083730092,28.635072446384118,77.22808387067374,0.0,20.662871721479725,45.91004937602684,1.5125124301314274,10.0
4100,1.8130946975301403,0.49168484069772506,-9.525530549750586,0.0006859883980429296,-0.004284772586147719,0.003046556534718442,23.875395637785086,27.66749772410455,30.062055757916077,45.062931280859594,0.2734290781961999,4.028595083730092,28.635108267728636,77.22806511163358,0.0,19.812112353649717,42.33710027713997,2.718858218739185,6.0
4200,1.2707272841118757,0.7693619998795318,-8.989313594545635,-0.0059921359845249425,-0.004459469849788543,0.0010421815870800732,23.587190020809302,23.72151573231995,31.82196536956632,45.05136742382116,0.2734290781961999,4.028595083730092,28.635014337100433,77.22807053647476,0.0,21.395144524263028,45.30464388835994,4.166765258858127,12.0
4300,1.8340499347803583,0.84853218548921,-9.797445720765303,0.003917165522395866,0.031553183171181956,-0.009795602064091021,29.12345938360392,24.34345165281093,25.543542769220082,45.04974197623663,0.2734290781961999,4.028595083730092,28.635087813378743,77.22815327679358,0.0,22.077977261048655,48.766451941830475,4.09436458625992,12.0
4400,1.6436948858360378,0.7169639668400076,-9.769335224025223,0.009648244588940095,0.005597727653183689,-0.00962991982224963,25.689013404447618,27.290102967558266,24.867738669584973,45.050938661397346,0.2734290781961999,4.028595083730092,28.635074055879162,77.22809805439839,0.0,22.720340159224413,44.368231843296364,2.2043903855084457,8.0
4500,1.6465536097036297,0.48130155886088166,-10.081335282395818,0.011406521749146446,-0.0004636651777634405,0.015587984184508814,19.521014954396218,26.85910076848612,29.34947366277774,45.05298370695831,0.2734290781961999,4.028595083730092,28.63513868658227,77.22811980719447,0.0,23.652252532115135,45.146973006124675,3.9866558557891807,6.0
4600,0.6252651870168213,1.087479228329409,-9.216168041616243,-0.019613433491768605,0.0071016336565348625,0.0065240558764952565,25.63223351311238,25.234126317613352,30.357552583208744,45.059439136520254,0.2734290781961999,4.028595083730092,28.635125096902136,77.22808139994767,0.0,24.142322910091828,46.24268346077544,4.893755905719725,9.0
4700,1.07746508775941,0.9396142194631597,-9.740775517696742,0.0072524584394752165,0.011105935701205352,-0.002298321161474215,26.745942114358805,25.13556191191679,28.447083936155337,45.06167583704664,0.2734290781961999,4.028595083730092,28.635092604522317,77.22808439492194,0.0,23.11471149667771,43.78915239277808,4.005922468671775,12.0
4800,0.9839295145670437,0.6833031162923289,-9.597448213354197,0.0025913302179180002,0.007228108512643683,0.005646299785696751,23.85786304613053,26.782077991791915,31.043160008889668,45.06088611235874,0.2734290781961999,4.028595083730092,28.635119422672137,77.2281004857031,0.0,24.422474087921504,42.43155102400837,4.669099454867628,12.0
4900,1.386340663938158,0.9136128472879629,-10.19006613496326,0.02012317105450809,-0.011571116116785362,-0.007746967003046049,21.63001413196671,24.507614200444095,29.394676025391675,45.05210029131903,0.2734290781961999,4.028595083730092,28.63512379638598,77.22811604183008,0.0,25.615720049394508,42.521399352922,5.210182010170591,7.0
5000,0.754759342417005,0.5025158819991133,-9.361398166198507,0.01822450569539099,-0.004501495519005679,0.008932458919987736,25.4253408245107,23.148528645150286,28.057692935921917,45.04614865123017,0.2734290781961999,4.028595083730092,28.63515524707444,77.22815796035181,0.0,26.04679478549369,46.51573880759468,2.8053799986447405,12.0
5100,0.34235759914471076,0.7174966781110188,-9.928451300116553,0.011668057798009848,0.010580428176175848,0.019353070168792567,24.049477051980105,25.485551223503208,27.451977483752568,45.0463740906363,0.2734290781961999,4.028595083730092,28.63512040015093,77.22811822890965,0.0,25.76603098006066,46.68365123908219,2.3529215001926507,7.0
5200,1.30886507751962,0.8234512066035353,-9.480833410802505,-0.004919205714529901,-0.0019361689210092127,0.0007136040705339444,23.88553377954291,26.926904583822168,29.449123722028286,45.0490976597289,0.2734290781961999,4.028595083730092,28.6351575666048,77.2282023305226,0.0,25.816650915588294,47.3481699026104,4.257081420759001,12.0
5300,1.7867795563504774,0.7995990102543167,-9.64018174943499,0.015979951798185232,0.005171295854101597,0.002622350688125753,22.210794247406387,25.279908993842696,26.29975481507075,45.06205082199906,0.2734290781961999,4.028595083730092,28.63514101270256,77.22816948149718,0.0,26.387474980234977,44.52041814478579,2.6384720475933876,7.0
5400,1.1838572179479385,0.7358874888533486,-9.537037537720025,-0.007814879634381836,0.00269329002876057,-0.0010066314396263215,23.300893922873072,24.561818347689286,30.567869002967264,45.055913507256534,0.2734290781961999,4.028595083730092,28.63510693798381,77.22814988137759,0.0,27.51199536289742,43.11363389822268,1.606035358545091,13.0
5500,0.9262614523549734,0.7734021581190953,-9.95283744073039,-0.006602188149315278,-0.0033567370536957174,-0.0006438462143913455,24.29488956914275,26.333839361077693,25.04909233685884,45.059985071036635,0.2734290781961999,4.028595083730092,28.635170267036617,77.22814884582579,0.0,27.65674059240445,44.98824959149193,5.032912067468494,9.0
5600,1.0339637785386164,0.9159253577439197,-9.313456470934382,0.009374972932901942,0.0015220359994169057,-0.028082114655295937,21.55903794668466,24.1328117842707,28.081938959281118,45.05011369827642,0.2734290781961999,4.028595083730092,28.63512321972454,77.22816047894032,0.0,28.04886856394833,49.54745409717124,1.4976476265447358,11.0
5700,1.8263808761497953,0.2990872546593345,-9.539224460547327,0.014658015806821394,0.009047889949880584,-0.017163129072761976,25.753486377858536,23.295485080990776,24.255828873009953,45.04160719925623,0.2734290781961999,4.028595083730092,28.635157447040356,77.22817334827923,0.0,27.799843804235476,43.2344005193897,2.532566028075028,11.0
5800,1.9165633210053048,1.1637564723657303,-9.913774447607636,-0.0015119761023669534,-0.001642217628750108,-0.012524826700592028,25.968176911360707,22.55532283408788,29.35196021097087,45.04977593255397,0.2734290781961999,4.028595083730092,28.635168177148767,77.22822666943243,0.0,28.53350922752001,42.529413685785656,1.3550835335149833,8.0
5900,1.2771018887592651,0.4416557602082236,-9.69266261610675,0.007202081509422233,-0.007249665016959987,0.01318201085703458,24.012051278397173,23.448239247469523,28.95739481939036,45.04840338023125,0.2734290781961999,4.028595083730092,28.635149574228837,77.22815773807919,0.0,29.34907161501475,42.95291402468764,0.7127394576603776,12.0
6000,2.0732293484025646,1.383773060374041,-9.37172830450255,0.007456255365955875,0.014421243828187547,-0.01771400761485663,26.219352036705388,25.941194174697724,29.01471354893506,45.05530402320061,0.2734290781961999,4.028595083730092,28.635095388585373,77.2282085988227,0.0,28.95053725970421,48.26601807288415,4.811305213603552,8.0
6100,1.4374046359432384,0.3570989417199274,-9.645612884288697,-0.005682712473032162,0.013844629746326793,-0.011360234451479774,23.15911632173071,27.246831578823144,30.49963358913626,45.05339314734938,0.2734290781961999,4.028595083730092,28.635188210924202,77.22818269061779,0.0,31.169542391741995,46.605430373860806,4.930208238417205,6.0
6200,0.9551514240845946,0.8940426986421536,-9.227631086388747,0.03059312202656631,0.008294376933497388,-0.011568511508527123,23.902110000047873,25.239972234256594,33.840395423708046,45.044481782541425,0.2734290781961999,4.028595083730092,28.63518991400523,77.22822209369718,0.0,31.159633431870372,44.2906015153612,1.7911212808451635,7.0
6300,1.8941138129051727,1.2031483555681488,-9.179495440531818,0.0016676472915733822,-1.6142646091871216e-05,-0.025026736576150208,26.391796052958824,23.117084583342457,27.991799309410112,45.047988212508166,0.2734290781961999,4.028595083730092,28.635191292744224,77.22817981602576,0.0,31.88626695258929,46.29127671125532,2.634299784037933,13.0
6400,1.4918015412253518,1.2435182827262625,-9.35443852948123,0.012867089430289361,0.014475999440836503,0.009682776189133359,23.292322478594347,25.07854489213283,26.51342038078863,45.054572716457756,0.2734290781961999,4.028595083730092,28.63520194639078,77.22819398642704,0.0,33.48018685853625,43.15264028567615,1.8729623285473649,11.0
6500,0.9488938312104593,0.3657143331197098,-9.637294260809474,0.015508493044962698,0.015216763038325969,-0.004173029953066404,22.58769449553719,25.3674109613753,30.70688489299242,45.05194204213713,0.2734290781961999,4.028595083730092,28.635130547238628,77.22823438323027,0.0,33.09498619776196,42.75421053164674,2.8180679114020393,11.0
6600,1.2069074309315642,0.6170815299454002,-9.64929999916805,0.01719518451250255,-0.001692595572918211,0.01142416220742493,23.82976612387981,25.297844675394327,29.40088567036326,45.06108566663461,0.2734290781961999,4.028595083730092,28.63522828769458,77.22822199329588,0.0,33.14898125922308,44.06820419186617,2.7121512038033124,12.0
6700,1.4125474969260945,0.6178638973504251,-9.880293673152513,0.0003388551721048407,-0.00703276885414923,0.013724546810203568,25.738665319366753,28.003651175890006,25.15778375262719,45.06897303426778,0.2734290781961999,4.028595083730092,28.635133562013234,77.22822998526317,0.0,33.420233026503574,46.047419741103056,4.399834774296206,6.0
6800,1.5855448015229459,0.8632913402414465,-9.355502612814512,0.008289627315990908,0.016196017297230015,-0.002010220357399052,24.975643879314607,22.883372635868003,26.790973828631113,45.05007003975704,0.2734290781961999,4.028595083730092,28.63518974886374,77.22822913774363,0.0,35.40775267187838,47.01889461228523,3.296313184762099,6.0
6900,1.4851601372980343,1.3698092203066223,-10.117967993896496,0.001207881877633521,0.018275072132176922,-0.008827589204632644,25.667355997657246,25.118465329357843,25.58668807140685,45.037884770871806,0.2734290781961999,4.028595083730092,28.635184408290034,77.2282334092684,0.0,35.841568932640705,43.482801580730474,3.7736257358206378,12.0
7000,1.188815304881855,0.36180823790592576,-9.528462410061255,0.015900748441031978,-0.0035636491091129993,-0.011682557964157472,22.50909218205749,20.308873649538967,27.542073293774614,45.0302026071737,0.2734290781961999,4.028595083730092,28.635281840365334,77.22822745534368,0.0,34.53781622453585,46.60825101453308,3.1071795694603574,12.0
7100,1.1045556414989943,0.7485792606577151,-9.943420027397128,-0.0012366063348577304,0.0078109955692364525,0.0017170731789274642,28.0669677660143,28.10174604265972,26.86732733110351,45.0415152648583,0.2734290781961999,4.028595083730092,28.635179187429753,77.2282224361493,0.0,35.998774511213156,43.22436206437762,5.78396121301402,13.0
7200,-0.34173608829073265,0.7394644574888767,-8.951649206043168,0.003239862483530643,0.002635441269453429,0.010753098067791041,25.514148271706784,24.30363218393993,26.735022696862384,45.048163531726026,0.2734290781961999,4.028595083730092,28.635237105974195,77.2282768142226,0.0,36.783849986135394,43.15719410074543,0.5475531318668554,12.0
7300,0.320453589560249,-0.05883684035518266,-9.63853134769739,0.009192032906301772,-0.011436487571882571,0.0067531964951969975,23.463415423050794,27.562514587919875,28.83641207791443,45.04957505783813,0.2734290781961999,4.028595083730092,28.63527141984008,77.2282800181339,0.0,35.99398699124265,43.653681755302536,2.206289675936865,11.0
7400,-0.34234958043784836,0.792152588433403,-9.525801406023518,0.012822728319867544,-0.0007604165619036346,-0.011487433829343297,25.43846966896806,26.96343801253576,25.014940792113677,45.05280907917007,0.2734290781961999,4.028595083730092,28.63526324011877,77.22829238991022,0.0,35.79641006570384,45.71304188892675,4.332010824388818,8.0
7500,-0.7630506469923171,0.5896046468805975,-9.801770579221039,0.016202590758349775,0.0156806445787487,0.0034837486541670092,22.6372842508312,21.46951219905248,27.028749598776614,45.047389426573936,0.2734290781961999,4.028595083730092,28.635329313110677,77.22821078621907,0.0,36.002839191326906,44.30839223264767,6.510732641715073,9.0
7600,0.411339912821512,0.7902850856791488,-9.49277074649551,0.01668203253693594,-0.00413703191944016,0.002174919926640005,21.547114098932358,25.127095771840768,25.40147285970416,45.04143636432466,0.2734290781961999,4.028595083730092,28.635260615188358,77.22827757205863,0.0,36.773904963264876,44.26580355843871,0.7628587805261939,11.0
7700,-0.5804346663192221,0.7583505069763731,-9.360190566709903,0.006852668964729643,-0.009921856560167003,-0.011337371267864655,29.809029340425944,25.381170155725776,24.466904666994225,45.05596619571847,0.2734290781961999,4.028595083730092,28.63527304763803,77.22834646385543,0.0,35.16449474281156,46.80763916604725,3.227786962234413,10.0
7800,0.008606424951975028,1.1832068022497446,-10.105790524633036,0.007346623900680845,0.009834375842470735,0.0038771205313791212,25.22286373602094,25.677567562189633,26.6906106998911,45.07524752594999,0.2734290781961999,4.028595083730092,28.635273007326777,77.22832651882476,0.0,35.54880301762119,47.032053869340054,1.3567450875226725,6.0
7900,0.1692544795640204,0.4101620701175253,-9.473708704955593,0.015798140313313898,0.020461411786225493,-0.010611754566340061,23.519032400557712,23.780041139929995,28.873515788958358,45.08840997878172,0.2734290781961999,4.028595083730092,28.635300942517198,77.2282972734557,0.0,36.14841461581412,46.1502564659979,2.8344355748069643,6.0
8000,0.1104890881811472,0.028587917771123683,-9.684266999749685,0.0017411076593709844,0.004378850549338929,0.015673320553403494,24.97041188739013,23.298391849642005,28.369106580785935,45.10248242165415,0.2734290781961999,4.028595083730092,28.63532342304164,77.22831017330591,0.0,35.76124376255512,47.316895984773126,5.013826646924643,12.0
8100,-0.1085473634623404,1.060607115263472,-9.967515357559876,-0.009317378361178283,0.02178856628044841,-0.002685702354244087,22.56663830483565,25.488011692869556,29.46578745575632,45.112324098944605,0.2734290781961999,4.028595083730092,28.63529518315536,77.22831477887824,0.0,35.224298876043015,44.221926784929764,4.269219802902839,12.0
8200,0.2264474726226698,0.5323436769278813,-9.368802365323045,0.0034665721417470275,-0.008839169515399276,0.002445761538512509,26.786624689701526,23.442180504421334,28.255227396526603,45.12504164649349,0.2734290781961999,4.028595083730092,28.63530546325767,77.22834123763097,0.0,36.112645479998235,47.360856528431334,2.6386835724819058,7.0
8300,-0.42940764031413353,0.6842971611911026,-9.76283687283187,-0.001674338346160092,0.015464784698437189,0.011021510003169966,25.97832857569883,26.815119692437083,30.946966894213773,45.12843000385802,0.2734290781961999,4.028595083730092,28.63527942154531,77.22835367460259,0.0,36.21518049402186,44.56984212954006,3.291264047855292,11.0
8400,-0.01734338525615548,0.8638139576622685,-10.131998084949341,0.0013270359795380933,0.012736625375248046,-0.007929158748335304,24.161016059228366,28.095287855033035,25.8221831411013,45.12957009336539,0.2734290781961999,4.028595083730092,28.635278482693007,77.22834008903493,0.0,36.30462169542886,49.42947932569441,5.489458553419823,13.0
8500,-0.16419614536063087,0.2478543160540223,-9.841248192223237,0.00988269740786276,0.005452955797879838,0.008517148853031667,24.675583614736393,25.05146847260501,26.950458373227967,45.13319003442172,0.2734290781961999,4.028595083730092,28.635394884123524,77.22836569908564,0.0,36.78691201180229,47.20792634688398,3.742323178007432,12.0
8600,0.3385252954305752,0.031854980373624664,-9.743368801000978,-0.00951533907146222,-0.007661032647852316,0.007720334946340944,24.675005199772976,23.173547814658964,27.06523192579744,45.1135433272743,0.2734290781961999,4.028595083730092,28.63531614132134,77.2283668114093,0.0,36.123293620649186,47.47285631510325,2.674305285598039,10.0
8700,0.019017361712182754,0.43496945114952684,-9.760045815238955,0.01783661180964888,0.0003777589011962675,0.00018242671312521618,24.9515767255166,22.041892888064677,29.42324098993084,45.113777287729356,0.2734290781961999,4.028595083730092,28.63534926711624,77.22836472879125,0.0,35.72468693282576,46.14559249188742,0.9560180045391058,12.0
8800,0.08317743522741326,0.9993039941651198,-9.970172168867366,0.0014114223499273226,-0.005572017081393195,-0.001882372705756192,28.137791221921077,22.275521914121555,29.234074159563022,45.10669238486003,0.2734290781961999,4.028595083730092,28.635309235704145,77.22839605697477,0.0,36.81460966223824,42.94255708851902,4.521526739226836,8.0
8900,0.03138436821869676,0.12710701143705494,-9.943994839980792,0.000844475053157533,0.017030744196742845,-0.011588415794711792,24.100090082888666,28.509836580212745,28.563926054654473,45.1189397023724,0.2734290781961999,4.028595083730092,28.63530750737975,77.22838959798321,0.0,36.15775315612638,45.011595145919806,2.6698498080460342,12.0
9000,-0.0003399117698826351,1.0423111650831722,-9.36043679275366,0.021676042517843937,-0.0026607092549980962,0.00794184660238264,24.019049483377213,22.349101467702702,27.279038021936614,45.11937635384291,0.2734290781961999,4.028595083730092,28.63540374156895,77.22839209021632,0.0,34.80278185471602,45.32016270870894,2.4102062408068887,8.0
9100,-0.2940016620247861,0.7239015386699558,-9.912325759379273,0.018107905426833288,0.02325446015280314,-0.007948585124092437,24.325082302946054,25.139379269825607,27.979856064962366,45.13113041563739,0.2734290781961999,4.028595083730092,28.635315829081748,77.22840216565889,0.0,35.498127508171876,47.89739001000755,2.38934711444149,6.0
9200,-0.009675169194216956,0.26368855610519837,-9.422159104348513,0.016827524467686754,0.0013843247756824876,0.02510695924399623,24.285788775601418,24.807240665588335,25.554005552059465,45.13880679918126,0.2734290781961999,4.028595083730092,28.635330429323243,77.22845074333466,0.0,34.61584789448267,48.35692140102013,3.570317700378003,6.0
9300,0.333149896420479,0.5398937108154297,-9.268335539475176,0.004306812679115685,0.0005858195132533439,-0.0013674893777542467,22.759109099355182,24.291253125230423,33.10737381822465,45.14057215138242,0.2734290781961999,4.028595083730092,28.635364668579232,77.22838657751285,0.0,35.97291848190099,46.32617526357701,4.004415608791987,8.0
9400,0.08683375540745975,0.5742530297982131,-9.326116371470324,0.003991742656354459,0.014827942415943499,0.007090298500017378,22.795981417298872,27.92143796401009,24.100328069803297,45.14010288847189,0.2734290781961999,4.028595083730092,28.635380311487687,77.22850215068466,0.0,36.3678342282726,42.08821811155442,1.3335197180243703,10.0
9500,0.15380118992643926,0.5097104791388024,-9.908413519919122,-0.0013392347414851544,0.012074600716924167,-0.01356328108675784,21.622658548126484,19.88406952245754,26.974527284994906,45.13046709375474,0.2734290781961999,4.028595083730092,28.635382410594534,77.22840947279339,0.0,36.28234401799563,42.584542269435836,4.651516435303902,12.0
9600,-0.0551047140257931,0.7689363582814375,-9.496677368762079,0.0035617703017512114,-0.005412818792486789,-0.009912581326716952,24.30914742832355,23.143725002374854,29.336394508090653,45.12876995795146,0.2734290781961999,4.028595083730092,28.635346293821296,77.22848145729911,0.0,35.54377282846327,47.76282088359537,1.9261529121301308,7.0
9700,-0.08484475324228073,1.0535547415920825,-9.633063538180629,0.01118702418364275,-0.0004547892695348204,0.010638344447654293,25.426502388211254,24.28421041366561,28.920905143839754,45.1356230546615,0.2734290781961999,4.028595083730092,28.635385017887433,77.22845767010394,0.0,35.48868973373073,45.96149381374645,3.4395380774522906,7.0
9800,-0.514929337807891,0.8507165394642702,-9.160945303023325,0.019422796483182916,0.004164053837757774,0.01999337300438399,26.332259911006798,26.44754811907858,26.022018800457154,45.13827470185253,0.2734290781961999,4.028595083730092,28.635410502551387,77.22851086616905,0.0,35.86565120332519,43.471532976705916,3.7992442246133455,12.0
9900,-0.09514530893469741,0.376207048957247,-9.54830594669633,0.00805421970144188,0.0057482889627460095,-0.016407036857442707,26.148596437233625,24.714392380888068,26.65121795413356,45.126234439490936,0.2734290781961999,4.028595083730092,28.635384600455016,77.22842328551825,0.0,36.55327530867867,45.97610298154309,3.470290947681895,6.0
10000,-0.10266462804642781,0.6760579919112053,-9.086974992615154,0.001170912173171269,0.002466934553264351,0.009221824959617955,24.49359435418491,26.14164485167749,29.29625793596647,45.13099676690508,0.2734290781961999,4.028595083730092,28.635419899020572,77.2284856285255,0.0,35.94762710659731,43.60432723822718,0.8720087233343241,10.0
10100,0.045736043145484497,0.8299318000446536,-9.549111601626429,0.02395729659084277,0.01322910895954861,-0.008288428693180727,23.111062705943425,24.25492761349158,29.807345237842746,45.12326101603035,0.2734290781961999,4.028595083730092,28.63546109732568,77.22847230555391,0.0,35.43927182241813,43.74954119953214,1.9034656457365733,13.0
10200,0.19710112498325982,0.43848960490829975,-10.20488909625947,-0.00971566425930442,9.491288176980556e-05,-0.025673578599782473,26.81772144776203,22.15515404513702,26.53321327174194,45.12996950163737,0.2734290781961999,4.028595083730092,28.635459432497157,77.22846013035218,0.0,35.733841413236355,49.38570819752114,1.7593162676905594,6.0
10300,-0.0902468866134481,0.49169441974525585,-9.48891712886058,0.008771562741483017,0.007075612916226949,-0.008788889492758656,21.860549421196946,22.504897673239867,28.163239275368845,45.12611475842882,0.2734290781961999,4.028595083730092,28.635446628526427,77.22850853417864,0.0,35.99788003360578,42.920495425492646,3.165817464261225,11.0
10400,-0.21682886134574425,0.12708702253452042,-9.56945263377352,-0.010168722701558837,-0.0048048510542517174,0.00019082556359541116,27.150921563872636,23.873868302284418,29.369102494034678,45.1398570887038,0.2734290781961999,4.028595083730092,28.635444078015716,77.22850670671829,0.0,36.59614133336906,44.43716772377405,3.448135904168674,11.0
10500,0.4455488103882116,0.9345075903091296,-9.769409361454413,0.0035089278466011063,0.003028458080547942,0.0013126887480678436,24.41888521591844,25.933281415800586,29.296041878761862,45.15729967510744,0.2734290781961999,4.028595083730092,28.635420898528725,77.22844139091899,0.0,35.10652758976522,44.76838070934975,5.424656235423603,9.0
10600,-0.15484077137788577,0.27820485759490193,-9.50662699231105,0.005447844738086836,-0.004923492516601181,0.015460248088890644,26.96087158352071,26.02005424559062,26.63457524420753,45.17268678447685,0.2734290781961999,4.028595083730092,28.63546803926354,77.22855150006774,0.0,36.188872451210116,42.629989940456056,0.8951082646090862,6.0
10700,0.1716753825855416,0.806420128506126,-10.023491647026226,0.011439413235799951,-0.0031125573016368034,0.002008608807104937,23.697900230842286,24.114522636274053,27.542099517223146,45.149503378169904,0.2734290781961999,4.028595083730092,28.635498144753825,77.22855439489861,0.0,34.47613489757807,44.199016892108915,3.1882819388709165,8.0
10800,-0.05929596877262491,0.16690787905113613,-9.792608995304175,-0.004523755672229184,0.003947285996201497,-0.0041094203700244945,24.81906893956978,25.584577579471432,30.412605737646494,45.14205284133105,0.2734290781961999,4.028595083730092,28.635504918807033,77.22853881687539,0.0,35.77389070008307,51.01921205058723,1.6191841771470195,11.0
10900,-0.061777816367687366,0.6384872724987593,-9.80954514501588,-0.017898382992515255,-0.00508029220662978,0.014972712831980596,23.83373553485567,28.388693516611042,27.283600912224923,45.13108264481975,0.2734290781961999,4.028595083730092,28.635439561063567,77.228542947858,0.0,36.73389680612759,43.61572925370028,4.402196391291492,11.0
11000,0.34790925142034124,0.5404681804725748,-10.276159761940965,0.017407960220770215,0.014937612430288537,0.012143203753770109,23.95547711032785,24.34154372212647,29.71561681900818,45.15791281624977,0.2734290781961999,4.028595083730092,28.635439260821514,77.22851905461879,0.0,36.20269916392726,44.699342480088816,0.1548686773799366,9.0
11100,-0.04170751015715379,0.8081860906216359,-9.712810459462935,0.01218333446211477,0.0129295116933013,-0.016025593042557754,23.555522391195638,26.33463932570832,32.62933005585079,45.17461347767652,0.2734290781961999,4.028595083730092,28.635513264609724,77.22856644653889,0.0,36.250484428356465,43.84482100071791,4.985254022220623,7.0
11200,-0.3624757002153568,0.5238405960067987,-9.92884357884264,0.01223402802755611,-0.007905821906073876,0.021686652198406056,24.775580036748465,22.850468351795055,27.01097992446788,45.15644243708167,0.2734290781961999,4.028595083730092,28.63547714706646,77.22854689996197,0.0,35.52448454859196,47.231978978721365,3.8312760140477993,9.0
11300,0.21147295349566075,1.2104967188263465,-9.952994352777226,0.007238942676524517,0.003770390610971829,0.0019159470156977128,24.859509373941496,22.14126235681343,30.90626149250854,45.147745563496606,0.2734290781961999,4.028595083730092,28.635480979613583,77.22857080299872,0.0,35.924772296037006,49.370279431980165,3.3078444986475635,10.0
11400,-0.44349270183594686,0.3240843840490931,-9.35713696020641,0.018324368054618016,-0.006811773472803625,-0.007810714393001869,26.287982841585993,25.494063948270878,31.46487721163418,45.150105551519545,0.2734290781961999,4.028595083730092,28.635446510139865,77.22858412760932,0.0,36.234775515377656,45.779940189378216,1.7644424588640457,6.0
11500,0.22284978537205166,1.1420140062779085,-9.724882956799524,-0.006870869451961826,0.018396107608445813,0.013770611691045534,20.998022637791003,23.433551116355183,28.488602468073207,45.153850123796566,0.2734290781961999,4.028595083730092,28.6354848566331,77.22856902881577,0.0,35.72391042682278,44.68160371470041,0.5980664600153509,6.0
11600,0.340927164261436,1.319328911720624,-9.316650053399012,0.006383726965902217,-0.0048483863796516214,0.008844906357215037,24.86576011448653,22.81904903769191,28.752554345088072,45.15821714590995,0.2734290781961999,4.028595083730092,28.63553778206685,77.2286002843123,0.0,35.187490590814235,46.786761518178416,0.6612981929871284,13.0
11700,-0.0697617713403137,1.1637212514691506,-9.622829055253396,0.026741650627149956,0.018201956371118388,0.004739343193577477,29.038927919052675,26.71645340249473,27.23080011196334,45.17112980853845,0.2734290781961999,4.028595083730092,28.635494908333357,77.22858511170224,0.0,36.5447814652729,46.66824032727778,2.3676824229695574,12.0
11800,-0.09140649546528863,0.8607189975956526,-9.79449159247174,0.007444736606622454,0.012455740548719925,-0.002939295600568073,24.623731027471326,26.94902283636625,22.334383209891485,45.16437212332707,0.2734290781961999,4.028595083730092,28.635554264252683,77.22857066585475,0.0,35.81041195527622,41.4032538277633,4.433673297335497,12.0
11900,-0.45384382916602717,0.4351717916174769,-9.705741819583034,0.003502440541980382,0.031297861845839825,0.012760420092061717,27.926380650406138,27.08465409855339,25.720265730389585,45.1481914503338,0.2734290781961999,4.028595083730092,28.63556438402987,77.22856214208466,0.0,35.808535711322136,43.346825453945776,4.7924078921390105,13.0
12000,-0.43044746014406265,0.4054876481251035,-10.080590853992486,-0.006779697737715873,0.007544074186015385,-0.014609967859955986,23.155297473976105,24.97911010924388,30.003559725939514,45.12933160662036,0.2734290781961999,4.028595083730092,28.635533386281224,77.2285903227935,0.0,36.02070184651561,45.22046116836278,3.8560882297485577,9.0
12100,0.3258486717196705,0.6002107018876677,-10.024808497420977,-0.0014735096483227397,0.004400604527366205,-0.01178604683586739,25.49237342592863,25.147087554971435,25.555400625112938,45.113724112514426,0.2734290781961999,4.028595083730092,28.635547114669457,77.22865824079,0.0,35.98197209526259,47.108125372038046,2.6018102542878334,13.0
12200,0.42702759789030886,0.6456293025065941,-9.746362131053006,0.007393382724700854,0.023859677223751704,-0.019658694231328072,24.589572491760368,25.156220163024447,23.659571123204778,45.1139953720188,0.2734290781961999,4.028595083730092,28.635539367168043,77.22863803105865,0.0,35.10042799616134,46.982978501009875,2.023493460195232,12.0
12300,0.09897182855672414,0.6077430404253119,-9.475018842014947,0.01769271493074264,0.012400104403233976,0.00029401028639776134,25.576773352178602,22.15722319296267,31.276560441148856,45.11329740085348,0.2734290781961999,4.028595083730092,28.63559239245765,77.22865351368411,0.0,36.5258369201433,46.0169039173463,2.916244937503839,6.0
12400,0.1698159966243279,1.0075272998451612,-9.228038868926014,0.004669560797557703,0.018654107081663103,0.0028602567592909273,27.42266097403511,26.566505229188675,26.934671474119984,45.115966147551035,0.2734290781961999,4.028595083730092,28.635531683067846,77.2286147148806,0.0,35.82772718213803,43.041358386552844,0.9735944685713545,10.0
12500,-0.31494620272752316,0.30114027586225983,-9.490197372188113,0.011709740428320903,-0.007052542193246909,0.010652704329558137,27.694176417856283,21.222679607475257,29.580733467605917,45.10998235219499,0.2734290781961999,4.028595083730092,28.635593326601526,77.22867321268636,0.0,36.081670560243914,43.20486817117786,4.331709795451404,8.0
12600,0.07256584579488357,0.3864005652153507,-9.722440680310998,-0.0032635954206049504,0.011415858452156709,-0.001602295475100388,24.924629609654964,27.764848854240256,31.37065214544903,45.11918531939898,0.2734290781961999,4.028595083730092,28.63559164105182,77.2286685050843,0.0,36.582438642586105,46.194903906360196,5.075200498344677,6.0
12700,0.076950420897929,0.9170575334648474,-9.181853089965774,0.006170410775600997,0.01989849634279217,0.01036522028797559,25.08157257612823,25.448172429316468,26.46565522086395,45.12172076225109,0.2734290781961999,4.028595083730092,28.635598227124795,77.22872143732124,0.0,35.63017447976636,40.77144995195049,3.663747728783399,13.0
12800,0.4960001684056906,0.22328770908900453,-9.553018981409373,0.023866018472762308,0.004956684021130843,0.0037995877637169344,23.259017666575062,23.94276707077021,26.798970160717076,45.09846593727884,0.2734290781961999,4.028595083730092,28.63559862379504,77.22863583767119,0.0,35.39970403199458,43.86348088276357,1.618326138746755,8.0
12900,-0.500424169548029,0.42001778350918995,-9.578710112323789,0.012308235504135494,0.02378900156358178,0.008308979636799552,25.826932526074966,22.846654029689375,25.365588256536988,45.09154295425236,0.2734290781961999,4.028595083730092,28.635616843260333,77.22872458638638,0.0,36.35729298260605,49.47598139462117,1.5918710565775425,10.0
13000,-0.19174815235032314,1.2002098328207893,-9.767511108022678,0.003714474961597912,-0.002992332227763875,0.007830012523207038,28.75556090688952,26.11104027064837,29.259274251429385,45.11090041844103,0.2734290781961999,4.028595083730092,28.63563572407668,77.22868396829918,0.0,36.25497034691332,42.69391200840471,2.928272988564787,7.0
13100,-0.17696838034890033,1.203480234609515,-9.380427245810933,-0.0059214213230872,0.01585080155180289,0.010539803299263299,22.006760782356857,28.324217656247257,26.74912390280021,45.10070353017259,0.2734290781961999,4.028595083730092,28.635589942663206,77.22870929793642,0.0,35.57137625101084,43.126633049094146,5.036182637722946,13.0
13200,-0.4912715897274463,0.16833171372557576,-9.759322699894438,-0.00684379215052701,0.006903231905219057,-0.005535007391014034,22.831456501033596,26.013975629022884,25.327252791334622,45.106523646107256,0.2734290781961999,4.028595083730092,28.63558830707986,77.22870926876413,0.0,35.91770608350404,44.243602993209905,3.0752987184288925,12.0
13300,0.096342940814666,0.6275998508991074,-9.28931004360255,0.024753201714220963,0.01801492351251744,0.013692763363170792,23.74363184855301,21.990630298245282,33.27182184844297,45.09879211931286,0.2734290781961999,4.028595083730092,28.635632651324133,77.22873456245465,0.0,36.04786526686403,45.031770001698725,4.172531869924901,9.0
13400,-0.38173097596050826,0.6146416873975433,-9.79054805820216,0.0003838781819059684,-0.00323220559669661,0.005648549060228909,21.286604445610358,26.89587979758038,25.28267715065702,45.09832268012323,0.2734290781961999,4.028595083730092,28.635641244753756,77.22873260743525,0.0,35.526255359221324,48.1909130208624,2.3161022394420847,6.0
13500,-0.16969691606534715,1.2518867447601307,-10.30351959424342,0.01009898944726251,0.0037642159611583617,0.009761843992097246,24.342917353075215,22.690649807181167,30.087402284218193,45.110851329996706,0.2734290781961999,4.028595083730092,28.635670880798322,77.22871574949721,0.0,36.15556448258414,49.47679303309417,2.2737029347494127,13.0
13600,0.013389446290934269,0.9821013137958845,-9.758676021081834,0.025478339434323014,-0.013202021151908806,-0.00345218476404378,20.64932850777279,23.627638773648727,33.70157947238101,45.10536900329942,0.2734290781961999,4.028595083730092,28.635664464734273,77.2287347523902,0.0,35.55747930406304,42.44645540965129,3.3462137045969773,11.0
13700,0.006625975129769396,0.537247281002606,-9.665407702378571,0.00975910220312611,0.0016127779950000955,0.010547776917499117,25.3646204727099,24.088585165593166,29.20700580704161,45.10625281275322,0.2734290781961999,4.028595083730092,28.635610433308752,77.22872765018427,0.0,35.52454387136425,44.93694560861301,2.906338430993717,7.0
13800,-0.6345060953950112,0.5974786883827672,-9.39443762913484,0.011886011286477628,0.0062007155672053615,0.0013796451211501933,24.637721516570167,22.204842206040187,28.37726790428462,45.093762328979025,0.2734290781961999,4.028595083730092,28.63568112899547,77.22874341842422,0.0,36.609677741394904,45.49816677928551,5.472272391105966,11.0
13900,0.29093163789433213,0.8397614329126539,-9.564505393090595,-0.004053818381263892,0.016203784663958536,0.005607352643090674,24.279902881914357,24.47472920162934,28.840315216830742,45.09006725627786,0.2734290781961999,4.028595083730092,28.635659559164043,77.22871832553722,0.0,36.44958825781028,44.9586921420552,2.8668294879351652,8.0
14000,0.3806442718452388,0.6797177312651738,-10.101608762638458,0.02459542484679998,0.009480844113553558,0.0024886853763245397,24.55441191109886,24.745613215870613,30.4872578741989,45.09220419833468,0.2734290781961999,4.028595083730092,28.635669985027302,77.22876087444004,0.0,36.52249316853955,41.591642637411596,6.867716047267182,12.0
14100,-0.2604236810152778,0.9518424248966009,-9.893176725871289,-0.005900858255875166,-0.0046185692841512775,0.0037194494051271047,22.25937826390199,23.65218709070366,26.601985661938027,45.08444861974549,0.2734290781961999,4.028595083730092,28.635675837634633,77.22876308840102,0.0,34.77074097713953,47.54249196349986,4.903972803171696,11.0
14200,-0.03222361501808693,0.49629032322990246,-9.804090053820445,-0.003131942877493364,-0.009104875652411318,-0.005557684493081056,27.26922115994968,28.127329280912537,26.34855191294966,45.08379533261219,0.2734290781961999,4.028595083730092,28.635656453197605,77.22867828929176,0.0,35.17089306593384,43.90160853353688,0.5875488830063809,6.0
14300,-0.015015514022853983,0.5364074999425406,-10.153106798885574,0.006337477409442838,0.02212572252871712,-0.00965986565371284,23.519482378173304,28.577920871315946,30.2917863381901,45.08590694038234,0.2734290781961999,4.028595083730092,28.635675053575145,77.22878359305523,0.0,35.43478599507625,45.390782852643646,0.5635066615283479,10.0
14400,0.027697419242149086,0.606285192402071,-9.686298108744838,-0.0032085430135064394,-0.008309053418157603,0.001628150232759351,27.406780707595804,25.143287423004477,31.803527862238404,45.07564280118409,0.2734290781961999,4.028595083730092,28.6356616611594,77.22877073792108,0.0,35.43606816912231,44.299065293129004,0.6214482185560208,9.0
14500,-0.3190204794570003,0.9752629911151292,-9.320885690779436,0.015295542161536571,0.03508467110569102,-0.008244577627378565,27.74743786674456,23.790750781379643,24.970088860463562,45.07312580297138,0.2734290781961999,4.028595083730092,28.63565682837726,77.22876211845357,0.0,34.84487735375285,42.51563204772095,2.868476948102599,7.0
14600,-0.5853576463216945,0.7848569077261429,-9.17108265069612,-0.00382992610620463,0.004748978311701729,0.002316257888171294,23.534283918508155,23.632433336468118,28.594440408635343,45.07374119657745,0.2734290781961999,4.028595083730092,28.63572403743974,77.22880007576491,0.0,35.977380071503106,40.42382166399073,1.6135375557299212,6.0
14700,0.14335682782485765,1.0803402515571041,-9.359240115068122,-0.0007562893118508059,-0.012522273692650437,0.011075223773081198,24.356553663636696,24.8758910841178,28.103356003369186,45.07102312599349,0.2734290781961999,4.028595083730092,28.635748609637847,77.22883425853185,0.0,35.39920285460372,45.79189076242773,3.0345544096522126,6.0
14800,-0.23242429395222358,0.16581522474557464,-9.805944620945475,0.015441658434323609,0.003735048238360559,0.004311053813421122,25.576533342550775,22.246963479429624,29.163779391084205,45.081561778077564,0.2734290781961999,4.028595083730092,28.63573733160984,77.22883407434367,0.0,35.52909695224352,44.404985363681206,1.8674256376339569,12.0
14900,-0.4702257939789054,0.279142950651418,-10.022455989283783,-0.017031190224999253,0.014948251112835306,0.007587502723944677,24.282106911601385,23.177355218856594,27.633416733676274,45.089789664080335,0.2734290781961999,4.028595083730092,28.635721775070863,77.22879744041063,0.0,36.597509434086376,44.45722608889897,2.6596654679580816,10.0
15000,-0.26052477698294485,0.49455218374346543,-9.630440997692142,-0.0031291703553353407,0.002391010959122832,-0.0007211529653961409,27.52824510266575,26.575802795369626,31.73775894364413,45.08279252425316,0.2734290781961999,4.028595083730092,28.635738245345575,77.22886165048081,0.0,35.478713122056504,47.7980403415477,2.761623831292064,11.0
15100,-0.3604718611897312,1.296297988254298,-10.115656923120081,0.014581665642341677,0.015296289674919132,-0.00045276802827411643,27.883593788382907,26.05638361866444,29.218055886118556,45.08458061905406,0.2734290781961999,4.028595083730092,28.635749348586476,77.22881495297956,0.0,36.33117922367442,42.25878160913935,3.062347716106995,11.0
15200,0.29468303553068287,0.4092386232083904,-9.416724553060321,-0.0017389357862090489,-0.007869133856406363,-0.010102297166877465,19.86019741232562,26.72988421018432,32.32182248859895,45.07640429276488,0.2734290781961999,4.028595083730092,28.63574734822278,77.22881890247615,0.0,35.33643610245298,44.017123551603916,1.9735545762571476,7.0
15300,0.3950098971263464,0.6991226644393362,-9.59080067636891,0.01592278553894662,0.02025662892844133,-0.004783584928873845,24.806068274999102,24.46859915850946,34.71532908922057,45.077477699324035,0.2734290781961999,4.028595083730092,28.635746862985215,77.22882965248088,0.0,35.478578752160345,47.306654797882615,3.860895792360438,10.0
15400,0.07346033388602019,0.9280049006456058,-9.75668366158922,-0.003357424902047982,0.02462456292403877,-0.0011952601801954335,25.417387959550215,27.367065727075094,26.1835361072316,45.06606085013281,0.2734290781961999,4.028595083730092,28.63575644541649,77.2288419889859,0.0,36.12267578835911,45.64433344959583,4.094441761640045,10.0
15500,0.06437412590729982,0.3272066992030029,-9.726580811588986,0.01527632367049091,0.0010330318436578981,0.006668697917968801,24.510750042404,20.755012087505435,30.082410437489134,45.05268241341069,0.2734290781961999,4.028595083730092,28.635723815799405,77.2288534216778,0.0,35.758383536840526,41.77448478342548,3.8524949687721515,11.0
15600,-0.5962001592033193,0.548860402882185,-9.534081165254769,0.013014827311661193,0.017510133489759692,0.006839845806735984,23.652043548385144,24.95790592988491,24.05768836426621,45.06442058279548,0.2734290781961999,4.028595083730092,28.635732439773825,77.22884518277723,0.0,35.8651436360366,41.77220999039145,1.8299825142174526,12.0
15700,0.061095271820339025,0.18711731254989716,-9.737564143342434,-0.0008930568806160815,0.01300974356174213,-0.005783828113456381,28.42643087109498,24.13315672562539,26.99939187563941,45.08087700152408,0.2734290781961999,4.028595083730092,28.635786565446576,77.22887214364674,0.0,35.4434997057602,43.11763540975359,2.140890842725124,8.0
15800,0.2599510684402618,0.6250319426254041,-9.781893099039312,0.03210558570536894,0.02366106657746781,0.0018048423262183395,24.7660130686592,27.670894707600112,28.4440462839587,45.07965681835021,0.2734290781961999,4.028595083730092,28.635817915529948,77.22889195402,0.0,35.960900552286695,46.27128190295625,2.393811288098896,12.0
15900,0.28042644637322434,0.824733447973276,-9.94300627792516,0.00416262614830259,0.010769058220493753,0.010335936188191884,27.056808519891153,25.795555963911426,29.567902893642515,45.09055820631305,0.2734290781961999,4.028595083730092,28.635763715257994,77.22890131366557,0.0,36.209174839513096,46.914758679369015,0.32411412403346374,12.0
16000,0.09850209808869025,0.7386824435103053,-10.04081266906378,0.00040201234115403144,0.02021153002568763,0.005515434306020873,24.989458992014573,25.843107658229183,27.981626281741494,45.08675882873512,0.2734290781961999,4.028595083730092,28.635800821295444,77.22887571174542,0.0,35.62491362105211,43.699798094458735,2.666120432597433,11.0
16100,0.5976278405741756,-0.069846143803862,-9.345892819135265,-0.003021097397903472,0.0190767293282105,-0.0004497988400351768,22.713806333683195,26.71393247998975,27.786167603835096,45.09941671224498,0.2734290781961999,4.028595083730092,28.635736834712265,77.22898263865649,0.0,35.28843067958262,45.2681598332705,8.019253370759127,10.0
16200,0.4762699665598304,0.8401811531741485,-9.722461063101724,0.023595703152744393,0.0008300990212057281,0.002120254247121053,24.469693769647957,21.880127500285404,27.884386424200503,45.10332474467409,0.2734290781961999,4.028595083730092,28.63578497272861,77.22891031304978,0.0,35.30539227704547,47.2745288424853,4.146733406868119,6.0
16300,0.09854891708821008,0.6414304859825795,-9.822001752146884,0.0062345872748754355,0.004057073082131992,-0.003810724624504283,26.220012691128474,21.659894638361322,30.259900605866008,45.10526199307658,0.2734290781961999,4.028595083730092,28.63579279358929,77.22895856633595,0.0,36.0453832518539,48.64970940509743,4.475104316312069,6.0
16400,0.6843381091124551,0.48284225129588587,-9.503342569777452,0.006970349944540041,0.0073830077533935685,0.02209044878358575,25.489689119802897,23.688090878583164,27.748932042620226,45.11336812832832,0.2734290781961999,4.028595083730092,28.63580108854637,77.22892017132737,0.0,35.53592486314054,46.47000394693669,2.2918977677773027,11.0
16500,-0.0108060373869633,0.9758312914574089,-9.86091707057938,0.0030504163954433597,0.02518499109647552,-0.0004367768469418665,21.28750660005142,25.604116297482705,28.78356127470778,45.109689667127306,0.2734290781961999,4.028595083730092,28.635780192052174,77.22896044301665,0.0,36.155481171775854,46.88477632690245,4.418952122991228,13.0
16600,-0.36111812650138386,0.771629750441822,-10.184481103295244,0.017319175323381765,0.01067209183842546,-0.0074613878756434274,22.76545600755108,23.622353176232092,26.008192861623638,45.11945479838053,0.2734290781961999,4.028595083730092,28.63586957176104,77.2289380058504,0.0,36.20848151516494,45.30794286048373,2.657692576169754,9.0
16700,-0.33703208693694237,0.3533329447990308,-9.769972520665213,0.003610385558093796,-0.003878240689596103,-0.01319703303812995,22.982705857799214,25.63633990307101,30.456277257312273,45.113606855514185,0.2734290781961999,4.028595083730092,28.635875756045028,77.22894416224183,0.0,36.183712704041426,46.52098698083423,0.3419880528296968,12.0
16800,-0.04104453146638738,0.8683466028667973,-10.415654251744797,0.007514046452218883,0.010964786561970512,0.003544306607487481,26.38521705821213,24.70624906246651,29.64557376547987,45.11765543592547,0.2734290781961999,4.028595083730092,28.6358156133923,77.228954850417,0.0,35.57422938607303,46.000040095018676,4.40712232661013,6.0
16900,-0.20676292695789933,-0.009828592219200516,-9.964087060191964,-0.003746412455149035,-0.021023424504335943,0.003209330857572024,23.201051748932212,22.8814843018683,26.679651298179962,45.126057644386826,0.2734290781961999,4.028595083730092,28.63584000813574,77.22899905201724,0.0,35.41667450628976,42.023423284103494,1.9304029364309079,8.0
17000,-0.3482357555174678,1.081446768107883,-10.169537527091805,0.006306091993907073,0.00945586077981639,-0.017665795717003788,22.017161272230044,25.624229845724173,26.277157275930485,45.12075719150636,0.2734290781961999,4.028595083730092,28.635843203365937,77.22895537834341,0.0,35.07327454767072,46.38822431532355,4.067107935976668,12.0
17100,-0.37516017105285854,0.7121604924294312,-9.850739912269356,0.004583063553837166,0.0006641944670552503,-0.008725983083846395,25.111616234875793,23.04871841939002,26.575103533382627,45.122108777621676,0.2734290781961999,4.028595083730092,28.63585507525768,77.22900936988577,0.0,36.99589508387105,48.17749815894694,0.45318622730140845,11.0
17200,-0.2832728687625361,0.8291253648810548,-10.062167053757824,-0.0042889059301850175,-0.009287524821175768,0.01351912429310614,27.3963275899982,24.514884187758998,27.65883752204493,45.120151473343185,0.2734290781961999,4.028595083730092,28.635855102648044,77.2289477837782,0.0,35.950548454841545,46.319048339954726,3.5367095768033048,9.0
17300,0.22148276782247003,0.8172640274100331,-8.943378328935905,0.006147755521221775,0.016388762809434083,-0.002131884996020659,25.065113004062027,23.440647872186865,29.674687530715747,45.114994497659524,0.2734290781961999,4.028595083730092,28.635894763492352,77.22897793485795,0.0,35.94303936992855,41.73755002138443,2.2947541678257313,10.0
17400,-0.3811683466672193,0.9419297186528257,-9.632510122658543,-1.1003963955756244e-06,0.011849339169389378,0.017068394261920073,22.083968119223115,24.650628089887558,26.316054357461034,45.11267262681008,0.2734290781961999,4.028595083730092,28.6358612408419,77.22894632153243,0.0,35.28145794690486,43.295136113911425,4.013929701247005,8.0
17500,0.08375154289065129,0.5303627391505564,-10.034601877181952,-0.0018002573407467411,0.008705341177021465,0.008772894663305828,23.84632301554342,21.865149553582427,31.788152495247108,45.10559988751273,0.2734290781961999,4.028595083730092,28.63590800521306,77.22900334273857,0.0,36.334870414067694,41.342890463107146,1.5737039137134654,12.0
17600,0.4868442793851874,0.7762092951966908,-9.575611470881563,-0.007057750038241846,-0.008074095232364444,0.015346401061952356,25.87364771549244,23.54950763894672,26.138106329429704,45.10738000900996,0.2734290781961999,4.028595083730092,28.635884276407598,77.22901619758656,0.0,35.454933513191584,45.496417397246034,1.6513804740450213,11.0
17700,-0.33064783547935306,0.7138392393888076,-10.205855690625352,0.022678720494821933,0.008037685647846363,-0.009163388606701886,25.89077641436012,24.291596813992903,31.062656098678108,45.09236699707949,0.2734290781961999,4.028595083730092,28.63592567525475,77.2290418024389,0.0,34.75602827678099,42.47473220756898,1.1029913197638068,13.0
17800,0.0855076784118095,0.35401844853370046,-9.420114842248134,0.0030515755865557527,-0.003530273657770348,-0.005693301811385294,25.635998611831972,26.20391013400588,31.026218976044355,45.09153540639822,0.2734290781961999,4.028595083730092,28.635912367384147,77.22910344919431,0.0,35.36088049561319,44.09947650884254,3.0168873871810664,6.0
17900,-0.1571168824641055,1.0257655032003463,-9.94191384347233,0.02071535039547401,0.014436890956917893,-0.009532580817171002,24.47808535606953,22.322425710651668,27.610134478100036,45.08959584952422,0.2734290781961999,4.028595083730092,28.63590919840703,77.22904923171416,0.0,36.912846597915355,46.09798514650646,5.877159654898441,11.0
18000,-0.01519710241711518,0.3400219854636265,-9.15533617514576,0.010667432702975245,0.0007808828726447673,0.007128917851584235,23.628331151171743,24.27320800933921,30.7200819101233,45.0900354421765,0.2734290781961999,4.028595083730092,28.63590974335436,77.22900678215949,0.0,35.83949448372554,41.015944804756344,2.929239246811678,9.0
18100,-0.4051363960298197,0.46698097271812283,-9.494778597967331,0.010901048517445108,-0.0017965689197170136,0.008964785075132419,25.129407536961544,26.596352514557424,25.6198047893613,45.08129991250428,0.2734290781961999,4.028595083730092,28.635942063873262,77.22902641022148,0.0,34.58734556290331,47.1345366023575,2.6667364908871525,13.0
18200,0.055494156121393655,0.9130814292338527,-9.642694891530253,0.027115258764849662,-0.001122192760272896,0.010902233510851211,25.365766615801917,24.9057060503157,27.80090153101107,45.07707764919899,0.2734290781961999,4.028595083730092,28.635905779882833,77.22900005636151,0.0,35.895644471093846,48.30588636216517,2.664033945097313,11.0
18300,-0.3849588947118563,0.22869865882940005,-10.197155253594035,0.006146822288704967,0.003863082079115874,-0.0025332890363719343,23.58287403168103,24.91639533226672,29.208586793073174,45.07715184326019,0.2734290781961999,4.028595083730092,28.63594939021675,77.22918527829857,0.0,35.69506219898957,47.29831065844746,5.440280642469695,8.0
18400,-0.5654610922197274,1.05015211336712,-9.849592179078252,-0.00022511722649563512,-0.003440673676752844,0.022296131926099146,26.359036052883454,23.09413579883964,27.56789843262498,45.05690067928036,0.2734290781961999,4.028595083730092,28.63599918012593,77.22909216431538,0.0,35.78168098441169,44.65640982080239,5.398430963288375,9.0
18500,-0.9047812337891176,0.5026227749067325,-9.419669689058203,0.0160057387144533,0.013515404197202492,-0.005865273383714414,22.911860071317005,24.77385162644653,29.109905730086112,45.05939539311009,0.2734290781961999,4.028595083730092,28.63597157467802,77.22909364046807,0.0,35.97850317370184,42.583574952102474,1.9275440933263823,7.0
18600,-1.6521803370041048,-0.11065038048575881,-9.767431696319603,0.006649746170359708,-0.0017736762275193264,0.0010638702582428019,23.142857971117635,23.406027078815104,26.693429378026185,45.03513151396105,0.2734290781961999,4.028595083730092,28.635972631924933,77.22916031282735,0.0,35.379254962519234,45.25663343401506,2.100019299870654,11.0
18700,-2.598654083018952,-0.23197151233967184,-9.474545432326801,0.006379017364865856,0.010485330904951153,-0.008912209960939827,21.69164157603512,23.838759735474532,29.874801872773528,45.027237937829,0.2734290781961999,4.028595083730092,28.635924322926474,77.22906105331582,0.0,34.86360590179707,49.02069040361512,0.02275192352133759,7.0
18800,-2.029005712361627,0.5859724459676683,-10.188311131226904,0.010279241995542757,-0.006410781820241548,-0.0020529778714501457,26.598898180522788,27.446716372971643,30.243494827026282,45.016146381999214,0.2734290781961999,4.028595083730092,28.635963359279994,77.22908429875474,0.0,33.2720437530013,44.12944729526326,5.369851716191498,10.0
18900,-3.2847097386789845,-0.3591086096362238,-9.91602660209647,0.01629147138708607,0.002767588234590524,-0.011873620424079903,23.9611356177605,22.498198058764647,23.55710254354781,45.00060700368352,0.2734290781961999,4.028595083730092,28.63597485490341,77.22909953155009,0.0,32.40568945162448,45.33492376513308,2.854837570192977,9.0
19000,-1.331319794748158,0.0948328348866066,-9.865238579152097,0.00926398477769861,0.0026785689002735247,-0.00848457871370532,23.95294878168739,26.155666177149783,30.759128445194552,45.00216644544284,0.2734290781961999,4.028595083730092,28.635987914605295,77.22906308557847,0.0,32.214511916100726,45.74989024882597,3.589160910661262,13.0
19100,-1.2960186983283803,0.017497964766300333,-9.728444390181739,0.011573098952808778,0.010172318350452556,-0.018971557705620583,23.544477315109397,32.383205797584196,29.814222359811776,45.00115701552277,0.2734290781961999,4.028595083730092,28.635995101837853,77.2291487111153,0.0,31.363863145948642,40.13540367491159,2.44709428307785,12.0
19200,-1.0111011036108304,0.37792983402528035,-9.406353795188547,-0.0033232845854200424,0.005980883035515575,0.005826226938029821,24.690502820562298,27.661225392261372,27.063455524994886,45.00457159400771,0.2734290781961999,4.028595083730092,28.63597250023631,77.2291133087321,0.0,30.549913502158013,46.818171876350185,1.634633860168305,8.0
19300,-1.8636320529137738,0.3512597420583778,-9.917997320967261,0.001253930793680364,-0.009929875698471358,-0.003656531823419655,28.788572664048587,28.363724853766165,33.17089495115488,44.99940117060784,0.2734290781961999,4.028595083730092,28.636005842928903,77.22907165349974,0.0,30.871510502356024,44.98431788690249,2.5231764282249145,11.0
19400,-1.9776625350132913,-0.06853826328736001,-9.404170115240548,0.005477818743917938,0.003775243674328396,-0.0020796060853438135,22.931579441850516,21.357129342182294,31.48288382034007,44.997354484375,0.2734290781961999,4.028595083730092,28.63598001341033,77.22913159287667,0.0,30.153711487751448,44.283822866638104,3.722337902981547,7.0
19500,-1.7910235805769095,0.04040523404993823,-9.54424811044765,-0.004220121193172252,0.022177292856346703,0.0020670940492452986,27.969377154421014,26.098061440537087,26.274850126260162,44.99298169533507,0.2734290781961999,4.028595083730092,28.63601393789845,77.22912208156467,0.0,29.207514256490732,42.22295712336721,4.683360037535412,12.0
19600,-2.4669684570512755,0.2897963669675199,-9.646130561078538,0.006675372571424807,-0.012434400626708659,-0.0015821467700904332,22.583674200046016,22.6435056497871,31.172295503696546,44.977831586129156,0.2734290781961999,4.028595083730092,28.636078949864263,77.22915111524894,0.0,28.770705695949783,46.65748153395498,0.2980527059518603,13.0
19700,-2.3953594251613324,0.33102596236562953,-9.178798193376732,0.0038608389952295916,0.003950741408376413,0.001658035438621636,26.125008121292566,26.37297907788747,28.671808007110297,44.96021115218794,0.2734290781961999,4.028595083730092,28.636058067806122,77.22920363446438,0.0,26.969572195053036,45.042872482630884,4.110291663258104,7.0
19800,-1.7536839647500613,0.3275755652508561,-9.672740135280288,-0.008770576800787279,-0.0006794820277815873,-0.007025438505669635,25.073567508311058,23.312063368575114,26.390882438406315,44.961726693389906,0.2734290781961999,4.028595083730092,28.636073522485557,77.22919356234306,0.0,26.1019153747603,46.36769299205759,3.9821465396582063,12.0
19900,-2.0093503073099845,0.7283198273011555,-9.386279703923684,0.005090597183666608,-0.001168848796135497,-0.005541371344191276,21.771083805576353,22.418090864736552,27.97520259209481,44.961990738364555,0.2734290781961999,4.028595083730092,28.636058266892963,77.22908887731606,0.0,25.93721521582848,43.10275363183261,3.8168973695779647,12.0
20000,-1.6348669771821815,0.3912967526572097,-9.559576242036863,0.016399949106817364,0.012709918567849888,0.02912376688723848,25.1508596546899,28.91197607227199,28.63246993048087,44.95232626013348,0.2734290781961999,4.028595083730092,28.635998258539164,77.22919055061989,0.0,24.264039723554514,45.136312933897926,3.222270076580638,8.0
20100,-2.3433884798661957,0.22631170091292527,-9.777813311440239,0.012443039885565377,0.013025669915378475,-0.00423761221501978,24.724227781366004,24.069779789643697,26.104348132884507,44.94666841931635,0.2734290781961999,4.028595083730092,28.63600336991235,77.22920255785922,0.0,24.096671221626043,44.35395783717577,6.368413220104724,6.0
20200,-2.6430570817032417,0.2410765144282203,-9.077879892246207,0.02754888797988163,0.010416675878051814,-0.023361025665225698,24.69544266439066,27.191526010281077,27.83629263335392,44.93537124015761,0.2734290781961999,4.028595083730092,28.63607160425435,77.22925197796218,0.0,23.496565859612293,46.07368466938681,0.2623851307400087,6.0
20300,-2.301452266732973,0.5295230985537576,-9.631337153097189,-0.008198745380909152,-0.0017977949636634322,-0.012776784616199301,23.253954542055503,23.745748206554918,28.76805941531866,44.94752871774356,0.2734290781961999,4.028595083730092,28.636056546823795,77.22916914476959,0.0,22.28553231930717,45.76540131289627,2.6702513734736075,11.0
20400,-1.3792987277416555,0.22008585602126332,-10.044913478483556,0.008321964265113259,-0.008288853977360386,0.002729100178687485,27.149389295476233,26.456830957760502,28.232219449652366,44.93839175602251,0.2734290781961999,4.028595083730092,28.636027930979157,77.22919051761968,0.0,22.479576056902115,42.723522780301955,3.373816221089202,8.0
20500,-1.9098957231764015,0.87252057247048,-9.697977351273142,0.010724344520074737,0.0028944412488213834,-0.005147121437278717,25.957225335421363,26.24120629953684,25.924611663697732,44.934627003887975,0.2734290781961999,4.028595083730092,28.636121499680165,77.22921780648426,0.0,22.140183156104218,44.43026066125333,5.161188733406612,9.0
20600,-2.2031588129766684,0.6574782444950745,-9.998748390002023,-0.0033259148300158166,0.009051995066097081,0.01593596378263327,26.752436689666524,28.38979131130923,26.56608324517362,44.93465020299515,0.2734290781961999,4.028595083730092,28.63608115429839,77.2292057941573,0.0,21.006088901287654,46.40116254731467,2.6147322085720055,12.0
20700,-0.9487904821045947,0.33051740382180395,-9.621433621223218,0.019638446883897653,0.007502782937396024,-0.007393396933954521,26.665226216732364,20.05586349876479,31.525314158983406,44.91636429566252,0.2734290781961999,4.028595083730092,28.63603501739785,77.22922535447616,0.0,20.599066596593865,49.62712606475595,2.558233777141263,6.0
20800,-2.2276131829315045,0.9992637599888714,-9.863316411960197,0.01670270092145908,0.00843945229785857,-0.005068198433469872,24.911310958252677,25.79695173715694,24.79358670614456,44.919320049145355,0.2734290781961999,4.028595083730092,28.63608930882716,77.22918068998652,0.0,20.778367268589555,42.61909574927897,0.2605000959788608,9.0
20900,-2.0740544182229548,0.4730898068753242,-9.559114060522784,0.009010722749218304,0.018110781409936348,0.004336336425149502,22.31824111496163,23.85824584771344,28.54688418174862,44.91035221175824,0.2734290781961999,4.028595083730092,28.636074259125078,77.22923625401474,0.0,19.151409719141355,45.04082523306969,1.8362744366775339,11.0
21000,-2.4379842275539776,0.2680524096290078,-10.164035192620643,0.004973309862909125,0.007377341803235104,-0.007433957884329067,25.036663600757915,26.482667224282903,27.66414305363202,44.9169671455643,0.2734290781961999,4.028595083730092,28.63603653887656,77.22920416849564,0.0,17.896048094555027,47.066252257847545,4.0380235516913805,11.0
21100,-2.8172707450424337,0.6568173724395168,-9.656168737201076,-0.006206113970035909,0.001262467946738993,-0.014108832985997523,24.665059408830427,24.890506284270028,29.057224758097213,44.89574341488527,0.2734290781961999,4.028595083730092,28.63610680694145,77.22919942290072,0.0,17.489098646720194,39.14331900485493,1.359141347249262,10.0
21200,-2.0414748688458806,0.553078429244965,-9.75620956217047,0.003880573127513291,0.004687563940329552,0.007064629346442014,26.562843707923623,23.01558315682191,28.0764950707847,44.899804866778446,0.2734290781961999,4.028595083730092,28.636091702578906,77.22921995576544,0.0,16.559571524787724,46.297195005827234,3.3337953154476105,10.0
21300,-0.9808745173298703,0.4497874250574743,-9.923402343123938,0.0026366717416483414,0.017539459087661594,0.013637546797353121,21.994687441181078,25.749150627853385,32.1002423267143,44.90301918895931,0.2734290781961999,4.028595083730092,28.63605656423138,77.22920914259198,0.0,16.189705842528934,43.68086639815605,4.716161792454258,9.0
21400,-1.6825097794632329,0.38651038042759756,-9.65116148454438,0.008446122105763594,0.024838751495523382,0.01529421027940176,23.921965049540365,23.98702579222486,28.294413590961558,44.97565943042197,0.2734290781961999,4.028595083730092,28.636113551141797,77.22923867069196,0.0,15.931935131538959,42.265408799715566,2.9598688202727144,6.0
21500,-1.6103732547488114,-0.1992174772347639,-9.807891760567001,-0.015083252694059076,0.022944661846104716,0.01431031376676244,26.59977142780504,22.324212606476326,25.632174627780117,45.04716924706944,0.2734290781961999,4.028595083730092,28.636056645370555,77.22920400561203,0.0,14.681783254556025,43.20889152019054,3.977273367306452,8.0
21600,-0.7523170111544928,0.743912938256491,-9.365764849758252,-0.001685775350295811,0.01102976485702356,0.013897623076845193,25.797389437917868,24.112020802852904,27.13137933110665,45.11955505740535,0.2734290781961999,4.028595083730092,28.636098273762414,77.22923927139612,0.0,14.312681091378183,45.34634122796461,2.8091255446938614,11.0
21700,-1.3427419856045786,0.7527383959917386,-9.381768063279509,-0.010249204249290267,-0.0032328357801177073,0.017855884337847003,25.051244058906192,20.153624823357145,26.359453751390358,45.18997774583858,0.2734290781961999,4.028595083730092,28.636087919096855,77.22920692910539,0.0,14.38366192654081,45.36798427484501,4.095536267790938,13.0
21800,-1.5056613217770398,0.24688710771743028,-9.51965306833962,0.01142811193434537,0.0073770865879297255,0.022093993384061983,26.745892613946445,21.98164856849141,28.605317509099457,45.251401772474566,0.2734290781961999,4.028595083730092,28.636136019493506,77.22925472879531,0.0,13.685823550212586,48.43546443577564,4.030147608406905,6.0
21900,-2.462390039003255,0.19078264995679606,-9.409459158281276,0.014393446607681423,-0.0030406127710572222,-0.00286403609108345,24.05438639986989,25.107497074816642,28.41967626299845,45.3019161563031,0.2734290781961999,4.028595083730092,28.63607575497081,77.22930854304816,0.0,12.309505434000336,45.701577243878816,3.22817234624468,9.0
22000,-2.0532351489368446,0.32095286158149045,-9.730407443217908,-0.00853057359833519,0.0010956911223839816,0.009917953933777757,23.332063147663213,25.189275494684676,29.33754261255761,45.36477802527011,0.2734290781961999,4.028595083730092,28.636104246915373,77.22926280318842,0.0,12.223297441469166,45.53627213057008,3.5625317358498534,13.0
22100,-2.4407452644316487,0.43614055345380487,-9.52975050430127,-0.002896657214976758,0.006601452561685397,0.02378412451313163,27.754290685733018,26.045250797781662,27.68821244621657,45.43198277975688,0.2734290781961999,4.028595083730092,28.636080376852867,77.22927820540485,0.0,10.538427540891183,42.417827577575245,2.800027677358413,6.0
22200,-2.592069650102743,0.7924446251932054,-9.508236935041678,0.002670204645761442,0.017482906757287434,0.00772960788598005,23.855247469646773,30.33584858786029,28.22377212506959,45.48993711621134,0.2734290781961999,4.028595083730092,28.636067130593354,77.22931984110039,0.0,11.140360306228118,47.92359225675602,4.497167337664811,8.0
22300,-2.712308971875323,0.595220428559786,-9.495256534661625,0.0032641129352174794,0.003588072921622516,0.0015045558889896348,24.471257469221342,23.324180274266578,28.895133553306128,45.55878758428725,0.2734290781961999,4.028595083730092,28.636125123016587,77.22923605804661,0.0,9.257434384969196,46.75734429847086,2.772552850294765,6.0
22400,-2.1671906877684384,0.04793019588139952,-10.049493391213606,0.01347546406378142,-0.008010969422549748,0.02389536726777696,24.798121198581477,24.85937223245297,31.117265218304254,45.623783359694755,0.2734290781961999,4.028595083730092,28.636085262547592,77.22920870960556,0.0,9.328811114403072,46.181930295803106,1.4463897067042075,9.0
22500,-1.4283681340604308,-0.30140439285575293,-8.975147589508271,0.0066538643561203405,0.009146089560749648,0.02650601992397665,25.500736675912318,20.69484984038247,28.953820995758832,45.69107446974231,0.2734290781961999,4.028595083730092,28.63608677528304,77.22927350156968,0.0,7.354053199402353,47.03321287957143,3.2224317799275193,13.0
22600,-1.5342062361902626,0.6635408833677808,-9.969595371232753,0.0014296512817536422,0.0003806308327084923,0.02960476896226656,28.308920359555803,23.844387185408326,29.878821581224802,45.754236742799,0.2734290781961999,4.028595083730092,28.63611072395713,77.22932129707395,0.0,7.921697082185109,45.03313575429289,3.9022715514282273,6.0
22700,-2.056526384179925,0.4126108057541765,-9.591651126311502,-0.005813903031302684,-0.0014654859096966972,0.024016735118561602,24.28527387826267,26.233483957739068,26.69400888357653,45.8416878930413,0.2734290781961999,4.028595083730092,28.63607357616703,77.22925550349383,0.0,7.195489597953144,47.642849828227114,4.267540866814263,10.0
22800,-2.824360152858071,0.45263959612747917,-9.587006711412599,0.008897863424664653,0.012811128673913135,0.012497508630883801,25.593632025495094,21.772159946378295,29.95583392269414,45.90689217524271,0.2734290781961999,4.028595083730092,28.63607178092045,77.22930349146621,0.0,5.607468787245193,47.1765792572779,2.043838880254392,12.0
22900,-1.8976342945399642,0.5335099529802045,-9.78148986278148,0.009847059148324117,0.01993952911600576,0.01938267894213643,25.987829950600073,23.137054340346925,26.469883358821935,45.96935047013351,0.2734290781961999,4.028595083730092,28.636088036253366,77.22926164323417,0.0,4.847774842714733,44.85594019656865,4.9165811104552475,8.0
23000,-1.70760941230454,0.8707277925268356,-9.695208871607635,0.002383766507510362,-0.004218055661885783,0.014245474258675915,22.890044034279914,23.159927092783622,28.32347054211451,46.02829063882843,0.2734290781961999,4.028595083730092,28.636054200866766,77.22922342210053,0.0,3.3813947952004013,48.104202604083945,3.7879590753091517,11.0
23100,-2.116038532998996,0.22928006039376694,-9.252998068668553,0.008176338670109612,-0.008442389914634137,0.025426239083080684,21.766673377764814,27.89795510436011,28.3826991674029,46.09776897330501,0.2734290781961999,4.028595083730092,28.636116144176214,77.22925483584874,0.0,3.0077363873487837,44.75457758909818,3.7456199075376224,11.0
23200,-1.5724855094143517,0.04820114582391338,-9.730643808695158,0.0005877760819494107,0.005216446038490816,0.004648756683298144,25.64723704252843,25.287922124816564,31.071229174783575,46.17613441153577,0.2734290781961999,4.028595083730092,28.63610589742333,77.22929490628334,0.0,3.8461140824380515,45.373530702968615,2.7468968501236932,9.0
23300,-3.372818246197564,0.4252740677437849,-9.974071293748686,0.008101026093617554,0.0003048672853783055,0.002505613679488224,28.892518328794452,25.973794775889996,26.259619557241557,46.2439702152808,0.2734290781961999,4.028595083730092,28.636118545124006,77.22925988112151,0.0,2.1031863340035915,47.867537297168376,3.853078115005367,8.0
23400,-2.62968157494183,0.3246145095667747,-9.703599599029632,0.010296513220482856,0.0038304400244260524,0.024476424119190713,23.66097727535857,25.699161430665534,30.38614013395466,46.24954406157147,0.2734290781961999,4.028595083730092,28.636143090991432,77.22928178774531,0.0,0.521698784473881,44.59955202571884,2.6282959045229295,7.0
23500,-1.1389577119157248,0.5364347137508323,-9.637982223231873,-0.015062332467744969,-0.00043263871811057963,0.005440001732926558,24.074363085822817,22.927164443110335,28.22716750404112,46.2525060773107,0.2734290781961999,4.028595083730092,28.636084013262245,77.22924936995187,0.0,0.7381967017553795,45.53360101518138,2.6704883390392626,10.0
23600,-0.30349895598877746,0.055619810099483025,-9.819702065731887,-0.007870930432023082,0.006063587263974353,0.00181891773035799,23.185575421163136,25.1691559921196,30.60915626920178,46.25657234056238,0.2734290781961999,4.028595083730092,28.636145890697556,77.22930178682662,0.0,0.0,45.205256682006706,4.518104548872293,6.0
23700,-0.1911365037788109,0.2836834984321854,-9.52400211648611,-0.008354958979889773,0.005625959367334931,-0.00940905200623748,22.343461880007826,27.938988805850265,28.995319308946183,46.25385236463469,0.2734290781961999,4.028595083730092,28.63606340593272,77.22927605580895,0.0,0.0,47.066265403385124,2.5284445183489943,12.0
23800,0.17178000961105674,-0.16555480141435253,-10.068503691490799,-0.004430959552458753,0.015046249465233308,0.0005965258952984568,24.115077416325853,23.108526583894783,29.58234190700762,46.238653519717204,0.2734290781961999,4.028595083730092,28.63609265207293,77.22927417624389,0.0,0.0,44.63469375199956,3.484199442847946,12.0
23900,-0.10578903745415044,0.5050193065970869,-9.582082164541935,0.007751361889018427,-0.0025483268011846664,-0.0051087761245181395,21.76294055619905,29.6046549768533,27.72657432933781,46.241448944416575,0.2734290781961999,4.028595083730092,28.636113907371893,77.22927578246043,0.0,0.0,47.1857363396469,1.2204180220928413,13.0
24000,-0.3309466990853404,0.4174130078456204,-9.969830349372355,0.00248311212186944,0.001288517466377629,-0.01650418315044789,23.982658124164434,24.378473024726105,28.33120594969749,46.23218630612352,0.2734290781961999,4.028595083730092,28.63610987895993,77.22923706259142,0.0,0.0,47.807130956786615,5.5869477294698155,9.0
24100,0.2541006716586786,0.4995365242969365,-9.408323554238386,-0.0073537634035761084,-0.0028248003077652453,-0.003167802203208359,25.04027523125583,26.126047026193593,30.13816490334559,46.235178889416105,0.2734290781961999,4.028595083730092,28.636130780407157,77.22925203435139,0.0,0.0,44.58254325110892,1.9646535072138174,8.0
24200,-0.2383779225291715,0.366956175720235,-9.711029705406089,0.0007189486306087879,0.018441046620100224,-0.0060302042465151025,27.80350500685788,25.77359942615132,25.267502532898547,46.24258204733493,0.2734290781961999,4.028595083730092,28.63611243365832,77.22925666708721,0.0,0.0,47.52891109701366,2.124541140022739,11.0
24300,0.3732725382595142,0.23847148436312415,-9.928438852156066,0.0057000461832614245,0.006711973584874032,0.005340550503459831,22.562831182936144,23.450748021824833,31.206087622578057,46.256341273394874,0.2734290781961999,4.028595083730092,28.63612088357007,77.22926500020927,0.0,0.5416462187980424,46.552541023558554,1.2967355656181834,9.0
24400,-0.059413544388258174,0.7046109385822698,-9.61903387430651,-0.008439279923965266,0.009337850535181507,-0.010302877800959306,23.162158472402016,25.600143711404442,26.9304036342322,46.26227099242515,0.2734290781961999,4.028595083730092,28.636095781669354,77.22931425983471,0.0,0.0,44.59246741531549,0.35354954489395407,10.0
24500,0.18333459578990202,0.7498277307839651,-10.112031917010645,0.012368583487828487,-0.012714009320405055,-7.455439074280715e-05,23.83153057736324,25.670387492819753,25.53094163887851,46.279989360546274,0.2734290781961999,4.028595083730092,28.636088627342193,77.22928355104877,0.0,0.0,45.462325328322166,4.907651912036679,10.0
24600,0.4005330229675922,0.3981937294191613,-10.019718090529993,-0.00175454765545439,0.004210568643152909,-0.0038614361202504973,21.8995893655728,24.00386626778665,24.36441951614536,46.28889482528635,0.2734290781961999,4.028595083730092,28.636113942593457,77.22926125226644,0.0,0.2986103897033314,46.848529776149235,3.710110820693889,10.0
24700,0.35632442335306447,0.7051993105084782,-9.45914736291507,0.01976477845453841,0.009529458005132063,0.0003110302885487293,23.214662357811186,26.639741561458,30.913935415144994,46.301437150547706,0.2734290781961999,4.028595083730092,28.63606317492277,77.22927936699216,0.0,0.0,46.58833305437429,2.4048482418146637,11.0
24800,-0.2471736041680605,0.8501410430119839,-9.886203143772283,0.014150972977918255,0.010063591123216649,-0.00018613461687884826,25.08979730909741,24.50530851483289,28.810084323555454,46.30013940085751,0.2734290781961999,4.028595083730092,28.63611846808951,77.2292706425975,0.0,0.13941947355231185,42.70620690569066,3.215505845110897,7.0
24900,-0.1816801771920409,1.0298454439876417,-9.38966113186828,0.0011787629301286506,0.014465117568194335,0.02045770837336544,26.335899037453096,22.697191605461427,27.852177820937662,46.310519399059594,0.2734290781961999,4.028595083730092,28.63608047517816,77.22926429717506,0.0,0.0,47.406572199708165,2.695384704903276,9.0
25000,0.06885079789994603,0.49138151839721383,-9.972789488371756,0.007260805702065134,-0.013925758589797065,3.1098195653465454e-05,24.026069236316847,24.99840311240731,28.295472073035906,46.31447736001026,0.2734290781961999,4.028595083730092,28.636035219819536,77.22927287169779,0.0,0.0,45.479296188965044,3.845996617972097,11.0
25100,-0.590599151654228,0.9278080060311851,-9.486467251862006,0.007035707838444253,0.016059385373451952,-0.012571995643467145,24.648076758452238,25.32623545381098,26.506505065315313,46.33335016464704,0.2734290781961999,4.028595083730092,28.63608191207193,77.22929869658014,0.0,0.0,48.29410658945706,4.224917531952064,8.0
25200,-0.18400270243100902,0.0854288994470952,-9.461490393985745,0.0015653697553702777,0.008765536745297965,-0.0069807700241577945,24.49674624542432,22.21563420897533,25.98427565646355,46.33399823191793,0.2734290781961999,4.028595083730092,28.63608458768306,77.22922716447628,0.0,0.235911314384668,48.24219188856337,3.592245619607836,13.0
25300,0.19392382406089026,0.5806776330764035,-10.119928459282013,-0.0013056254966647921,-0.009606498543326528,-0.0014549979001759763,22.44540247467768,23.313949942837333,30.825016754997726,46.35344150883535,0.2734290781961999,4.028595083730092,28.6360755879888,77.22927325248263,0.0,0.09441569955864126,45.33832312395855,1.6875738231209871,6.0
25400,0.25717686310406207,0.27707096903668443,-9.863747207154445,0.011794215836976457,0.01279350901100837,0.012388302170513845,26.051300476867848,27.13803085375349,29.61163411279716,46.352372459673916,0.2734290781961999,4.028595083730092,28.63611858011131,77.22923047699099,0.0,0.3478695890343214,45.892640846273935,3.7039758732251356,11.0
25500,0.1728030885488958,1.0636941459507019,-9.77308769774262,0.0020526541709990575,-0.013647631129377127,-0.00485332821457953,22.053978084359223,24.762835982044177,25.093762270224534,46.34285165629123,0.2734290781961999,4.028595083730092,28.63606136903664,77.2292775717232,0.0,0.0,45.95822369555337,4.723681521919186,6.0
25600,0.0641634840719921,0.8718887816865604,-9.586119320494177,0.0002449889471101566,0.010703771821401043,0.0036871478755095303,23.69223006577399,26.801451883645793,30.276046997904412,46.34443760770693,0.2734290781961999,4.028595083730092,28.636175460607394,77.2292602654115,0.0,0.0,47.74992381805,1.4523559520503015,12.0
25700,-0.14108189331159002,0.46558272710700155,-9.603869247788099,0.012819987109887937,0.01720232929100611,0.004846732176469681,24.66527088634236,26.32218007131969,27.33783729552045,46.34195598809346,0.2734290781961999,4.028595083730092,28.63610821113625,77.22931747849042,0.0,0.09047860582997203,47.276486933684446,4.675012712741241,6.0
25800,0.8342237622486393,0.5545904320629684,-10.17189158787225,0.0009433741969840544,-0.0002538041090941459,0.010299551157233244,24.09050939232189,24.0765161836717,32.59959141176003,46.3545261454405,0.2734290781961999,4.028595083730092,28.63613102558566,77.22922754333722,0.0,0.29819322781500857,43.98182925849013,1.0044872146226145,7.0
25900,1.4975133911223106,0.6469379640608932,-9.691743610632214,-0.009263472468098354,0.0049052042160252175,0.0005598600763313151,24.425747231911657,25.809868892419093,29.24541815650853,46.351044830445744,0.2734290781961999,4.028595083730092,28.636115911458017,77.22924527430996,0.0,1.1168453322765495,42.1817694181556,4.766844132203252,12.0
26000,1.9116737631887424,0.31292942448571426,-9.284116551826747,0.01008613964494836,-0.00504936552828402,-0.016801619633323522,23.682594042436538,25.26130336781598,29.616052178745942,46.330013976274564,0.2734290781961999,4.028595083730092,28.636067889076514,77.22926814521286,0.0,0.8989029456473239,52.001184637461435,2.0695068445731692,6.0
26100,1.35011053291261,0.4332565874925368,-9.481525549534144,0.007649655685142101,0.019004345655994508,0.009426439298427056,20.836022019290255,25.50047873641334,26.883362972870565,46.328926378208195,0.2734290781961999,4.028595083730092,28.636114636982832,77.22924122664247,0.0,1.5079355312984337,46.73928701929651,2.4888620218496884,6.0
26200,1.5110686323887155,0.6322372249576158,-10.390935348700264,-0.0031557287516547116,0.016451999976755362,0.004842708381418079,25.33542130041585,25.634247176844617,29.738052897305543,46.34304369397871,0.2734290781961999,4.028595083730092,28.636117360687855,77.2292520217446,0.0,2.239912736237397,46.03684331392653,4.654017990991214,11.0
26300,1.28564118022624,1.4353776307342265,-9.694399970722912,0.007954459369229432,-0.00788073758313141,-0.015446092072740612,21.439305071050168,24.972743130660962,30.128867456099794,46.33510305348345,0.2734290781961999,4.028595083730092,28.636095642071652,77.22927988125281,0.0,2.5963142233081373,45.08046271442133,2.841960371495914,6.0
26400,1.0726049667407889,1.5686431637803666,-10.014877367634217,0.01997177686868476,0.01729189560747281,0.0024937809733387188,27.324669423293486,27.81450747450557,28.562529271101557,46.33105341796723,0.2734290781961999,4.028595083730092,28.636100195086257,77.22926244917016,0.0,2.981912326605735,48.037621982404666,3.116132523147396,13.0
26500,1.3491707065861118,0.6773590204772298,-9.723266634974193,-0.012446421298156405,0.008419597742399042,0.007126164624969384,21.837471214412624,26.993944218778246,28.54262293344585,46.34802677211493,0.2734290781961999,4.028595083730092,28.636140579453656,77.22921003588401,0.0,4.001205619790086,45.19609115464016,2.414147037432009,8.0
26600,0.9999975024698264,0.8293305329131125,-9.635316055115567,0.005040884591497328,-0.008528206542153492,-0.021704973089536696,25.634313955891855,29.216580168290925,26.784790105433075,46.35496874171663,0.2734290781961999,4.028595083730092,28.636133924796628,77.2292388725988,0.0,4.701205525339601,46.550269350483404,2.41892705659874,13.0
26700,1.5287111011375258,1.0593270069754412,-9.98894401766811,0.004007066026251355,0.016324055941657437,-0.006647240743753019,25.442542570487,25.233748264338832,28.956239507818267,46.34357251196303,0.2734290781961999,4.028595083730092,28.636121174238124,77.22926419289665,0.0,4.58540199446114,45.83895383573924,1.9935456319792957,12.0
26800,1.8890916172799295,0.4421422257991611,-9.97073937453917,0.0037897841184421207,0.014192403696869124,-0.008252922776125458,21.299359550539986,26.56460567489466,27.85625939010627,46.336133681393605,0.2734290781961999,4.028595083730092,28.63612380471501,77.22929123930686,0.0,5.970339780514429,46.83082065357321,3.0169074933019027,9.0
26900,1.2490250446851123,0.47431088801468707,-10.040674768984871,0.007727057196419114,-0.009054628546171707,0.013401802506709576,27.141957031713574,24.86420180769453,29.981964073803063,46.32249368843163,0.2734290781961999,4.028595083730092,28.63613549712813,77.22925032342492,0.0,6.514035578263848,47.585223623789965,1.124815316053339,10.0
27000,2.169324671122814,1.102166096657311,-10.025944981759974,-0.008606090061347799,-0.006237003687340907,0.004873193462161878,26.910723585973646,24.57866462034537,28.22484649963027,46.32572244880906,0.2734290781961999,4.028595083730092,28.636137342281167,77.22931772282182,0.0,5.446877192804114,48.16650861265401,3.934325894840951,7.0
27100,1.9910913740114746,0.5084346570789611,-9.913010605404853,0.013746794906823366,0.022814456437570133,0.0011356333200780002,26.508221040608813,28.82294483950912,28.897454557451834,46.322371578024246,0.2734290781961999,4.028595083730092,28.63611743749748,77.22928156742044,0.0,6.8782864765540435,45.60387061737115,1.6728459357320706,10.0
27200,1.786925980612029,1.315687550525608,-9.536532812750442,0.0004033948950625853,0.004518348329765955,-0.0005129605037947488,23.014773135241043,25.99701865601341,26.53103592556336,46.33180117604785,0.2734290781961999,4.028595083730092,28.636095729120488,77.22926822569941,0.0,7.8415607163767405,49.96527899025222,0.9103973197016275,12.0
27300,1.16455214671175,1.2848667818713078,-9.87088770909909,-0.0004310684901344744,-0.00045071168571744497,0.0033140275147321425,22.564762718192107,24.47351773376401,30.40152704334534,46.354681530310906,0.2734290781961999,4.028595083730092,28.636130860129825,77.22929412598616,0.0,8.659766189612206,45.833095385039314,3.8248699234089445,9.0
27400,1.7670871009753126,0.7920856764798009,-9.821051337211937,-0.006862393832577596,0.005207694573446235,-0.003985363618576372,24.691147087156896,23.506334107237038,28.594815410150332,46.34912972306929,0.2734290781961999,4.028595083730092,28.636157668445506,77.22926745944481,0.0,8.555603732331054,45.57358277303001,2.601655096629777,11.0
27500,1.3553006206924554,1.0831528642404376,-9.88863274053575,0.019014864123688236,-0.020982004633835687,0.016866820793805557,24.639707819167903,25.446356952267966,29.53407646015137,46.35429705247306,0.2734290781961999,4.028595083730092,28.63614052584126,77.22929123505645,0.0,9.056999861657461,47.06981836482283,5.923460936554385,9.0
27600,0.9412616492229724,0.6355624432335778,-9.368610688780675,0.009135897118933926,-0.00921887255091787,-0.006632150338804862,24.17281396918298,25.872752983731374,30.50629076983818,46.3460166806919,0.2734290781961999,4.028595083730092,28.636117763486773,77.22926914830904,0.0,9.41165535618422,45.09377931660975,1.39385173104242,11.0
27700,0.75201751861614,1.0526269611860113,-9.444255416153478,0.010285576943880655,-0.011550648086041618,0.014484250864787183,28.23353221378818,23.64808255304157,26.328916659633,46.3448374293361,0.2734290781961999,4.028595083730092,28.636113328279635,77.22929363916734,0.0,9.351662422797542,47.843117680081704,1.9264944489247906,11.0
27800,0.41107269757041454,0.5882480647469415,-9.318614981639817,0.01477316987376124,0.015950651624998334,-0.009242196188567121,23.235381515294307,25.028267035430304,31.69001694202099,46.35129154664167,0.2734290781961999,4.028595083730092,28.636168510986508,77.22927633467454,0.0,10.496580810215754,45.93732424971659,5.1448610613312145,12.0
27900,0.654027149592929,0.6513679265418564,-9.629794464673678,0.005210316850012967,0.012814699328161348,-0.0016578910509301103,26.378076080246533,23.77182852181205,29.58700054070257,46.34202055534548,0.2734290781961999,4.028595083730092,28.63610895247649,77.22929237117549,0.0,10.17808166476701,48.65478245191413,4.867204552407857,10.0
28000,0.7973550036563016,0.6978717863157189,-9.586410164263269,-0.00012206979488994449,-0.009281287714577497,-0.003834273702255959,21.951506467970717,23.637117459210774,28.458612950139113,46.34982275768557,0.2734290781961999,4.028595083730092,28.636164020960052,77.22932817258075,0.0,11.191787718349975,43.05886246349905,4.165042016453478,7.0
28100,1.1455980083889716,1.3377783876130784,-9.792810780136637,0.00550766893997345,0.008584460126170094,0.01736427486731407,25.515347670958867,24.453850016206513,27.25923412501788,46.348665356626476,0.2734290781961999,4.028595083730092,28.63613962989385,77.22931706356756,0.0,11.780007809364674,47.5662395963447,5.871591297179974,8.0
28200,1.4692459965978935,0.7679867340299277,-9.870810173419105,0.004639534386367104,-0.002402269142834327,0.006656471409707685,23.44914842020223,27.271126317687298,30.560627110039313,46.35229775492117,0.2734290781961999,4.028595083730092,28.636125684670954,77.22928426617399,0.0,11.87522126718514,46.409592160646696,4.254627701132761,12.0
28300,1.4295006861243997,0.9741985565319983,-9.528135063529284,0.0006960154076504285,0.004520718896971988,0.002492750898075013,22.54734548609316,30.206314487791115,33.17884905971797,46.34627375341562,0.2734290781961999,4.028595083730092,28.63611445267389,77.22926943480249,0.0,12.328530759936164,47.93775588149563,3.5097239235059807,12.0
28400,0.7094187106970588,0.9645103891281934,-9.85946176764534,0.000837622579376366,0.012966418089324527,0.009757196713234176,23.616205513644875,24.864048773279688,29.46888685241656,46.35203260503663,0.2734290781961999,4.028595083730092,28.636090328484286,77.22934255814003,0.0,13.357263875516027,44.13052769455074,4.178965967543791,11.0
28500,1.4763769140483332,1.0190206781212505,-9.588229531913134,-0.0007427910553349333,0.0023669936237832164,-0.01489247466876879,23.778244353986132,25.37901446813635,23.07018404698818,46.359588027375445,0.2734290781961999,4.028595083730092,28.636144064935,77.22930767416064,0.0,13.597489585755246,42.217856594082065,0.5859826006117581,8.0
28600,1.3059837021695415,0.9524777272404163,-9.614522010167903,0.003417158865434671,0.002500835116894199,0.022965786574311524,28.071633002143138,26.750002072878978,27.127539231811546,46.36080103798204,0.2734290781961999,4.028595083730092,28.63615352442957,77.2293198559548,0.0,13.656408840201166,46.301285624364255,2.1678948236184534,7.0
28700,1.2376907789080145,0.946269062089011,-9.7645028894336,0.03640925357794044,0.010859688945991866,-0.009202333838261053,25.27138712946924,28.31535813039262,29.769062630787822,46.372025815645465,0.2734290781961999,4.028595083730092,28.63612120809474,77.22930907283558,0.0,15.161799315354546,48.05177955585374,4.013922412911591,7.0
28800,1.5786375440675857,0.7529315299243178,-9.797440693878444,0.017644550874833628,0.005947945490655007,0.007582571650090927,21.419297647639677,24.762288601169963,28.795019133180713,46.38934422771013,0.2734290781961999,4.028595083730092,28.63618515939385,77.22929375379232,0.0,15.41866248045258,43.09788503916887,5.499448977263615,6.0
28900,1.7914746415537282,0.25475053164812667,-9.890114931922795,-0.022050510537274255,0.005620169925079998,0.007172128194784324,22.577023861819715,25.052109301050525,29.387505355779215,46.37309216584959,0.2734290781961999,4.028595083730092,28.636156748902433,77.22933376857037,0.0,15.864723916464062,46.507144691892016,4.344408244291528,8.0
29000,1.785028238771387,0.6687687704568679,-9.390566045608498,0.017395120202998993,0.003913728654953688,0.00506918080837243,24.5650791386908,22.682586727267743,29.27001246693213,46.37156519303418,0.2734290781961999,4.028595083730092,28.636167870776315,77.22934176118383,0.0,15.839904819590602,47.574059734763814,1.615818597792703,13.0
29100,1.1978049933874275,0.47010743036282365,-9.93864688911258,0.021621058801190102,0.010035182936752231,-0.017535903097220574,23.398394175025064,25.44998594258243,29.49722767711278,46.369063191988594,0.2734290781961999,4.028595083730092,28.63615215200029,77.2293000764037,0.0,17.574999125785748,48.16865330938145,1.477320251362063,6.0
29200,0.820449562529701,0.8426765768708329,-9.743121089277297,-0.008406854175648803,0.008362200794282943,-0.006942015472908765,22.507581786460687,25.470688264123016,25.057958953244725,46.37247681157743,0.2734290781961999,4.028595083730092,28.63619888342052,77.22936124488129,0.0,17.10673580196866,47.23798307066525,7.147088020711895,12.0
29300,0.4487993995781162,0.16317476342519488,-9.593495235279944,0.015278395333334707,-0.006862514176722969,0.0037718374322017424,21.484307331793406,26.46199841569375,32.013847779214665,46.37327602409451,0.2734290781961999,4.028595083730092,28.63615741539641,77.22930510255826,0.0,17.475363027084832,49.9550281229414,3.4692274257117894,9.0
29400,1.3831796197844393,0.4166396234371049,-9.762427576018355,0.008242471647329348,-0.0006726525568682721,0.006450027275271461,25.906182437037558,26.108970388299216,29.068202631984143,46.359742670559825,0.2734290781961999,4.028595083730092,28.63614669126186,77.22928087998146,0.0,18.255796207162966,43.50768618644124,1.7757051055677753,9.0
29500,0.9729641297829746,0.8443864965416715,-9.869762919181612,0.021760872881159875,0.007265281995823271,-0.0012382113246706774,25.382391937782423,24.782239525020323,22.721394207741067,46.36321097930534,0.2734290781961999,4.028595083730092,28.636160115511903,77.22931813391585,0.0,18.624547352490154,45.075669478765235,2.6385868478831225,10.0
29600,0.8047144122278725,1.8464759933575057,-9.692887492212595,-0.01190569418122209,-0.010178125382837439,0.004147132021106037,24.751711565362832,26.597930822999825,29.252969236325534,46.37640537910526,0.2734290781961999,4.028595083730092,28.636177946747907,77.2293468508404,0.0,18.765772228723627,47.0274110656493,2.9313123482979813,8.0
29700,1.8806465053421597,0.9532905742582922,-9.723394525235108,0.004891829990271413,0.021259266708684686,-0.018600100894463654,26.133039260420468,25.798058344405973,28.664255440727686,46.371144689130944,0.2734290781961999,4.028595083730092,28.636175973271914,77.22938007404883,0.0,19.925831627311428,47.882347544240034,2.241724773386662,7.0
29800,1.467563363286184,0.4761991407873028,-10.108042861625398,0.022203067331804747,0.014285703168564402,0.00411285906863401,21.344021970464617,24.232535755159784,24.642371227844066,46.370820536249376,0.2734290781961999,4.028595083730092,28.636225430466187,77.22934753548311,0.0,19.773147968685944,44.6059619196339,2.7588780212754043,12.0
29900,1.46145973028062,0.6185865792809898,-9.580769275560424,-0.0003976278128686953,0.003744315392918967,0.014670845482245691,24.059007951790658,20.119095659170334,26.34096113739319,46.39198853173033,0.2734290781961999,4.028595083730092,28.636150998701154,77.22938691058364,0.0,19.36789649421204,44.15022126817436,5.317379735708887,10.0
30000,0.9736500601209934,1.103659258696473,-9.70601816484211,0.006276654108010167,0.0011045907040213472,-0.010986460217418007,26.348251544762345,22.042888415383217,26.7753347569613,46.3930923680424,0.2734290781961999,4.028595083730092,28.636151274388695,77.22939249067502,0.0,20.795345445177414,43.450874747407155,0.6748532860438128,6.0
30100,0.9489779646712897,0.8825680567339286,-10.130108517030175,0.019597634943050314,0.023272695715603326,0.0031650240124470484,23.39252931120003,24.618839326005762,24.58583022200319,46.38904122158235,0.2734290781961999,4.028595083730092,28.636216611197398,77.22933665476602,0.0,22.130092367856435,41.681189148278044,0.8015449650965025,7.0
30200,1.5520496493249638,1.1984302573121766,-9.86268902249741,0.00620996911995566,-0.0026560701903213402,0.003795282627569861,26.516905475443437,23.355386761530976,31.111124807599847,46.381674683007134,0.2734290781961999,4.028595083730092,28.63617429946549,77.22941511958979,0.0,21.102150587240846,49.04653921636623,2.3112462808516403,8.0
30300,1.3801528336178972,1.1573472605201398,-9.157472094801888,0.003652591112550209,0.005005691267390886,0.012532123448870518,24.454837702859784,27.04670155384275,29.22212115311884,46.379259125729945,0.2734290781961999,4.028595083730092,28.636179060912298,77.22931390028144,0.0,21.95083877389514,47.396010530805796,2.5976420648948264,11.0
30400,2.3499907260793735,0.8268331599610987,-9.50055981732292,-0.00921484111771282,0.004228473386347757,0.033657418120980706,24.44454112853498,27.534005425349694,26.732223795093592,46.39175353265915,0.2734290781961999,4.028595083730092,28.636197062701527,77.22934902564108,0.0,22.72668879955175,42.18424984093548,2.233316875878888,10.0
30500,1.4820822948931478,0.782502417481206,-10.09496583399756,-0.001777965666837262,0.005679354387649117,-0.00725686744084923,25.343567848099188,28.87021507422567,28.888785499844364,46.389118841725974,0.2734290781961999,4.028595083730092,28.636200778571176,77.22939361583883,0.0,23.531666338780045,45.138655008613014,3.0015591675544306,10.0
30600,1.1971137879002027,1.354665557709629,-10.131436781567247,0.00870791790030543,-0.0034391437778404097,0.00043048634383644705,24.59267344470652,26.954406502352143,31.324999145036525,46.37570426885741,0.2734290781961999,4.028595083730092,28.63624188810265,77.2293738845742,0.0,24.026391809056125,46.30835624879158,1.640708755901789,11.0
30700,1.636246377489275,0.5345292463588671,-9.269144983417842,-0.006182517993745563,0.006753236609450214,0.0010922011462770162,26.863275547275112,26.306364065650666,30.416005720513397,46.383572981018865,0.2734290781961999,4.028595083730092,28.636198429249536,77.22944130630516,0.0,25.175217378120006,46.8857463138589,4.563870897564483,7.0
30800,1.0837799760779145,0.49052924278761934,-10.369550595578932,0.0031852139786937876,0.013000604192500924,0.016572593127095993,23.864814168433522,25.547697700423768,28.00020023380714,46.385387662560596,0.2734290781961999,4.028595083730092,28.636219818944962,77.22933635081756,0.0,25.482283108505438,40.16031893807491,1.8985175660688525,11.0
30900,1.1693372002277989,1.109576286585559,-9.823023465376183,0.008504687713257625,0.00046836054375994085,0.004429485039945194,25.736596328252205,23.154157909794634,30.345445899322314,46.38626438533738,0.2734290781961999,4.028595083730092,28.63623588039249,77.22945819989022,0.0,25.99728791843613,47.106793252963016,4.485999230003835,6.0
31000,1.733271225701357,1.0068687973845174,-9.613414331779955,0.009173420942255227,-0.003555456002140121,-0.010573532058054776,22.90974686591638,24.956506247640803,24.306511699207494,46.38699463237316,0.2734290781961999,4.028595083730092,28.636231537988174,77.22944207488723,0.0,25.268768473944707,44.72937915582005,3.0817201200383746,8.0
31100,1.5278221119482192,0.8502127516190959,-9.726944917812954,0.01586434700656781,-0.013717776780718182,-0.000628117485311999,24.020431054817244,27.04910312257978,27.37345352138089,46.394401765948366,0.2734290781961999,4.028595083730092,28.636262630775505,77.22938511256558,0.0,25.994025682334083,47.86604728623801,1.9202980876844207,8.0
31200,2.08300742962635,0.7786325533870393,-9.337489476372427,0.0008343483497062808,-0.003602140046070513,0.012274626368677169,22.67591636911481,26.03179258972553,30.430986837711227,46.41212460852516,0.2734290781961999,4.028595083730092,28.636257422314777,77.22941221481074,0.0,27.175084024299668,43.49789896967796,5.060960814221009,6.0
31300,1.55018694227195,0.5444420392197553,-9.704117157262836,0.015320248085953007,0.02769584921985694,0.014907239102253639,22.583939886824645,24.21039192311273,28.053316399805503,46.41990335521353,0.2734290781961999,4.028595083730092,28.636218561372445,77.2294572232653,0.0,27.037693807315005,44.14455440017663,2.3342231344738673,6.0
31400,0.782595683935748,0.363552959872365,-9.776286350665655,0.0016926394840074167,-0.020705815272847598,-0.0037832492333261837,27.468043958513086,27.587591287183578,27.13839923647718,46.40431202677698,0.2734290781961999,4.028595083730092,28.636238849087853,77.22947693392211,0.0,28.766247102376166,45.69432134186852,5.812539855766158,13.0
31500,1.2192056235728264,0.6720906947868903,-9.624646212061988,0.01629077491166681,0.0024813783111373284,-0.00414133118826261,22.99743517005671,23.361258802355074,31.38779611958858,46.4215420518139,0.2734290781961999,4.028595083730092,28.63632006836452,77.22948569862464,0.0,28.51018956734746,45.833312861408594,4.251891499832884,8.0
31600,1.3323439429376094,1.1254403362934402,-9.345365865213436,-0.0145701561952081,0.011627995381760497,-0.0019468432111631028,23.469361396367496,24.957310211339678,27.27129768422531,46.434400131796956,0.2734290781961999,4.028595083730092,28.636221304149785,77.22941773696859,0.0,29.043828518519163,45.16452560149572,3.647244515244562,9.0
31700,0.7150869874305007,0.9519415233915367,-9.588483731179323,0.009256488802845653,-0.0010735329479876045,0.00027280718048913776,25.558108678446803,25.960717901963466,25.970669926320465,46.428243580702684,0.2734290781961999,4.028595083730092,28.6362800306178,77.22947945345007,0.0,30.1963994709446,44.84281063203631,5.206254952206217,6.0
31800,1.1892349394648007,0.6738278824258532,-10.047505508410735,0.004156217143246026,-0.003215542596936914,-0.006768305784084323,26.457257450471094,25.920476764878202,23.11240180999284,46.43595417210117,0.2734290781961999,4.028595083730092,28.63631622962583,77.22948987637352,0.0,30.452138555696465,43.44294788156746,2.3874243879127777,6.0
31900,1.4836275000425043,0.922006935823141,-9.47771334575315,-0.005705981928890268,0.0027836625246954617,-0.00030733934066846187,22.615234745763328,28.129579124133798,29.490873702996094,46.426153892580395,0.2734290781961999,4.028595083730092,28.63624653500417,77.22952886667865,0.0,31.453663643065372,47.42566244131958,3.242226547823562,6.0
32000,1.9841572989435292,1.3090053079108501,-10.186642834939631,0.011774922156336451,-0.00519254464692892,0.0005397985429292909,25.416030062320587,30.03214422174081,29.960144496386302,46.41316331784634,0.2734290781961999,4.028595083730092,28.636312269244158,77.22948391686229,0.0,31.385564882858098,48.18671406860971,0.555057958046214,13.0
32100,1.8170690625394836,1.274925963503333,-9.584569468339438,0.008499201747275378,0.0020525681155369653,0.0015019846148797257,26.32222562460257,24.235559338736582,26.66948999755624,46.42340631643979,0.2734290781961999,4.028595083730092,28.636282974517986,77.22942722416438,0.0,32.18119396025429,44.28878370650027,5.118830080002624,8.0
32200,1.8207363522911095,0.5065880277459309,-9.657916317358165,0.004769883117380679,0.02057751023888809,-0.0036778251322494137,22.999970687325057,19.04944301222345,25.086110029310824,46.427510464398246,0.2734290781961999,4.028595083730092,28.636316118709097,77.22948157106572,0.0,32.732138466801665,44.425489340497734,0.2537015147473678,7.0
32300,1.204047663045008,1.0621381214621763,-9.851871781353761,-0.013332835700667057,0.004609695134994597,-0.007984525727820203,27.693421211068966,27.155575361690527,26.846928162484204,46.421556572617355,0.2734290781961999,4.028595083730092,28.636297636939325,77.22951418198411,0.0,32.269752251592266,46.51465420146061,2.3056955236087893,9.0
32400,1.338489809881918,1.3678240681843405,-9.87930118312652,0.01645971835577898,-0.0004245757594257167,0.006091169576840506,21.8135349092083,24.26888477424145,30.49735049159293,46.42177623169315,0.2734290781961999,4.028595083730092,28.636282034320267,77.22947327752463,0.0,33.69176675268348,44.38730948803289,4.517129145479358,7.0
32500,1.6254871069030765,0.6891252853480953,-9.783358805537897,0.00130177803886006,0.009964090426696472,0.009454871569530928,26.714087904664268,27.6859223946523,27.02920037959177,46.43468028020372,0.2734290781961999,4.028595083730092,28.63630533756534,77.22954958448159,0.0,32.74983496992274,49.395519802597455,5.304331313589871,8.0
32600,2.052848483727382,0.9518374958991782,-10.085437404044587,-0.01447401788815858,0.011062365879746343,0.008750068215659785,23.45964483959357,24.01467381355426,27.770042289334583,46.45098513728515,0.2734290781961999,4.028595083730092,28.636303434761505,77.229518996263,0.0,33.434262339960846,48.76028909591996,2.974865564554258,11.0
32700,1.3463697765676246,0.7458145636062574,-9.987685654668462,-0.0009792453052391119,0.020843501985564908,0.001506904704192627,26.622421949070365,22.147255013151696,25.522197668238224,46.44923238540411,0.2734290781961999,4.028595083730092,28.636269799350988,77.22949662566404,0.0,34.7724838347626,46.169921591925224,3.780625745695574,10.0
32800,1.2638291242404958,1.1650553233949212,-9.47153583580272,0.017834064785878706,0.009983836047700534,0.002007219237965485,24.11486914451388,28.973058069782425,26.640313359888438,46.45025957638965,0.2734290781961999,4.028595083730092,28.63632178879916,77.2295505932793,0.0,35.529787660790845,52.607155531295916,2.7729115141603327,13.0
32900,1.3400479747381928,1.273402016928426,-9.656804369693901,0.007520391646686049,0.019827459989446045,-0.003588803204337309,24.086368036839644,28.02026186156415,26.455455864373032,46.446017417361794,0.2734290781961999,4.028595083730092,28.636311412108306,77.22957176485656,0.0,36.14602049317404,49.42465781159129,2.49471915656224,12.0
33000,2.275566320020459,0.5373119664117447,-10.245175047995673,-0.0014058906452066103,0.01297595225831396,0.0021535887060418974,24.15286690525527,25.397044851127223,28.16273202229607,46.448749765726475,0.2734290781961999,4.028595083730092,28.63634433482121,77.2295612112966,0.0,36.55636793515503,46.44333518481594,2.4702485157694998,12.0
33100,1.738899476716376,0.6266480462975254,-9.948888053165634,-0.003517011732175138,0.0053757643998975195,-0.004960695590259338,26.77743292775709,22.332611220480587,32.121039180983736,46.438446659929554,0.2734290781961999,4.028595083730092,28.63631398720746,77.2295433550449,0.0,37.846321795343236,46.874393360483005,4.415215907181315,12.0
33200,1.1773309100661178,0.7352714921601153,-9.510007186402275,0.00046895329785803276,-0.009012795486762492,0.001334122939983258,25.698862884467772,23.884445233969817,27.644220158129855,46.43459596754117,0.2734290781961999,4.028595083730092,28.636338592421083,77.22955840173866,0.0,38.49714304198297,49.04442469670339,5.343214720416395,8.0
33300,1.3487879047978506,1.2942167799566793,-9.574957541904602,0.015621150145228465,-0.014934539398249035,0.0025514176576125077,24.713157107182987,26.165730549370714,27.494139315268995,46.42924259203705,0.2734290781961999,4.028595083730092,28.63637464293518,77.22950989961274,0.0,38.1919536526892,43.33742164567898,3.7230435664451984,9.0
33400,1.6127374354450987,0.5731207001828149,-9.832836678421732,0.033586166799980534,0.01095671202326899,-0.009668770924767405,22.808140507928314,24.147884534811148,31.85878367385524,46.459642400009045,0.2734290781961999,4.028595083730092,28.63632684628448,77.22960694873822,0.0,39.525161897985676,44.46000713233508,2.9571720855320716,9.0
33500,0.422982756086832,-0.16941051982801736,-9.939262506296956,0.004843165099001598,0.006062688290036545,0.004535785465077135,23.537388335760873,24.437909477919128,31.95384920888647,46.44231851619908,0.2734290781961999,4.028595083730092,28.636460660239788,77.22961180910754,0.0,39.46237150992018,46.54882163803589,4.6130004393340505,9.0
33600,-0.2510271496100545,0.3235787220429348,-10.316992888581968,-0.000545934080034876,0.01086234956816829,0.007378060696985635,23.38070989081614,25.156489291164135,30.954738811429543,46.45206113212431,0.2734290781961999,4.028595083730092,28.63636578963697,77.22955416088216,0.0,40.493645636693074,48.76955017587722,3.4392412182500287,6.0
33700,0.026557558145928577,0.3861261801983553,-9.669349392829686,0.008604793221424465,0.003866440676053875,-0.004323628565062292,23.318150623915365,24.35870601983608,26.13071713359448,46.44444540699832,0.2734290781961999,4.028595083730092,28.636394930362,77.22958596963488,0.0,38.47845606595334,44.74218407748154,5.457371326026433,7.0
33800,-0.04667076339906673,0.7731757193308773,-9.132357964632494,0.008838981872932708,-0.0026917183208951135,0.016166932432408132,26.536151259286598,28.549337600257296,29.944149407124982,46.45538727038349,0.2734290781961999,4.028595083730092,28.636379265998162,77.22961376387866,0.0,37.69923812310495,43.67777037781741,3.899954668713568,12.0
33900,0.2138752918508467,1.2470901286120428,-9.573171299245741,0.017649338894039458,-0.00830768920163991,0.013578056544569212,21.122892492670477,25.728417307360377,27.28457125860988,46.44577677984002,0.2734290781961999,4.028595083730092,28.636362979176667,77.22957671010981,0.0,39.61944734868006,47.57498603089902,3.044757962105378,10.0
34000,0.044396656837955725,0.8534233545252108,-9.75732201238134,0.00948468621337134,0.006727740008404922,0.002008371332071506,24.65305315789669,27.121908345894724,26.539442525129623,46.479796638317865,0.2734290781961999,4.028595083730092,28.63641057198456,77.22962462864827,0.0,39.00572187720141,52.9706873117242,2.7814994249512597,7.0
34100,-0.14958354029146917,1.0354245539146993,-9.963285406118137,0.01520632957563876,0.015501747581399924,-0.004363852934413694,25.57123078202572,25.826189061584643,29.646365173309523,46.489769085390385,0.2734290781961999,4.028595083730092,28.63640926844301,77.22958204547537,0.0,39.17929304738735,40.35239436434006,3.08867209104478,11.0
34200,0.1269767622494272,0.48618898430936824,-9.766427832530828,0.01707020063799779,0.01163020294482793,0.0027640436500805956,20.714604377247827,25.08471756957621,28.832334949376452,46.50613890531625,0.2734290781961999,4.028595083730092,28.63643871376451,77.22966581158101,0.0,39.33260927639224,47.77258177236314,0.9364853128490136,9.0
34300,0.3436312417238456,0.39227473344924024,-10.066284495926267,0.0070206697809600815,-0.002117811688856738,-0.0005621922262726772,22.470385412317437,26.14461631218631,26.61858921724921,46.525281569986795,0.2734290781961999,4.028595083730092,28.636426963888344,77.2296454615523,0.0,39.40368544761553,49.30201838880932,2.5401346920289303,6.0
34400,-0.7937325109918354,0.9641928432658116,-9.840516837611847,-0.019880890378030914,-0.000682650809119922,-0.01225218218854834,25.34256180445704,21.97216558694138,28.905452316453815,46.53670603250694,0.2734290781961999,4.028595083730092,28.636436709526773,77.22960989277016,0.0,38.96618945204553,44.88422019032566,3.20215312551429,9.0
34500,0.07838095511539524,0.5486515488513939,-9.180696690945005,0.01258435223693604,0.005761681342002094,-0.0010926799812803244,21.344851617354028,26.214081631778914,26.058352899285374,46.54410984274401,0.2734290781961999,4.028595083730092,28.63641265516205,77.22964888499014,0.0,39.51351720257832,46.023172612427665,5.184606150352296,12.0
34600,-0.36847887587640427,0.1411297649429044,-9.684041711347847,-0.00024443650696336604,0.0004966374408050369,0.012069286026300563,22.367629045265385,22.542496125032674,28.403123678849624,46.53969318171269,0.2734290781961999,4.028595083730092,28.636400921024414,77.22965337551058,0.0,39.173403592027,45.84049309507269,1.516752660947533,11.0
34700,-0.4092977763963494,0.9199226427217164,-9.850074734502153,0.016252856825469564,0.008952889149549961,0.005471696830906594,25.8496599717987,25.17276232609594,28.708049244462558,46.53554115485579,0.2734290781961999,4.028595083730092,28.636398295667213,77.22966474743555,0.0,39.55026650124594,46.778602706522285,5.719257131980289,6.0
34800,-0.1686692352723683,0.8950624517442795,-9.375898542864482,0.008860137289886109,0.011207646863133535,-0.01044404688411539,19.632534203576192,26.58245307782839,27.04820679691086,46.553738556891844,0.2734290781961999,4.028595083730092,28.63644356612721,77.22968502280439,0.0,39.10528009384734,45.10992901153998,2.629444258390122,9.0
34900,-0.15866456880301588,1.0939951004261417,-9.927383681696767,0.005897279977544978,0.009638359197958083,0.008092887122443633,21.931398622927976,25.89550006766136,26.366837406971,46.55498705318469,0.2734290781961999,4.028595083730092,28.636472665579067,77.22964502093518,0.0,39.992190262189574,46.40421732874671,4.812913551918385,8.0
35000,0.6706882259149901,0.4267705830829249,-9.717793603841274,0.008438136624027608,-0.0019145639228516755,-0.0014217201804004667,26.053777280214785,28.36417077619734,25.95210240333617,46.54509503927227,0.2734290781961999,4.028595083730092,28.636486824278663,77.22970434490672,0.0,39.39637944742146,49.05672220127841,1.7630313738078502,6.0
35100,0.1304927022696183,0.3935839287811458,-10.515589310163438,0.005753442817358928,0.00675821607827343,-0.0007625379520220826,26.300502749553125,23.715470397787648,27.97694768285003,46.53343048115775,0.2734290781961999,4.028595083730092,28.636530471554625,77.22964066528274,0.0,39.40371554757679,43.163958934310756,2.2058055374949532,11.0
35200,-0.3326296908164716,0.4864027787522956,-9.427593735418746,-0.004339404697898932,-0.0005742214061374602,0.0027382370405102468,25.803490792498195,22.525480180782264,30.304201867337238,46.5275785328191,0.2734290781961999,4.028595083730092,28.63650618039429,77.22974677832929,0.0,39.21972450648237,49.309980228024315,1.789568183436272,6.0
35300,0.011086831283195958,0.8030581942086303,-10.041984492248965,0.0018724916805622337,-0.003457943126056565,0.0030058621009980556,27.550186484376255,24.56248687871699,25.948473359046748,46.53001244817659,0.2734290781961999,4.028595083730092,28.63649817997761,77.2297828578623,0.0,39.91271108548003,49.42916611824841,3.5299977081664577,8.0
35400,-0.1665443615924106,0.6971961140024223,-9.880089116589279,0.01471838526732381,0.008064377134108163,-0.004931137425737784,25.397334476892045,23.185265493120806,28.52832978096141,46.52848508594196,0.2734290781961999,4.028595083730092,28.636460270373355,77.22976311768997,0.0,39.473683313088934,47.72839929349532,3.1649517110598806,13.0
35500,0.26632643528144867,1.1030988885741524,-9.976420110465112,-0.015866642973266152,0.016487118255257577,0.02338315549474143,27.0640562200914,23.62212214632783,27.861388514989507,46.535313546226824,0.2734290781961999,4.028595083730092,28.6364829284697,77.22973761895382,0.0,38.941610678693664,43.8574734865121,2.321411286371265,12.0
35600,0.20926970156818825,0.7774851864389086,-9.61487752196317,0.019616845385197593,0.0021748566512608744,-0.005640018064741411,25.44590793970894,25.21579998294814,31.962049675461753,46.538884031500245,0.2734290781961999,4.028595083730092,28.636547095043763,77.22976241117358,0.0,38.8081197443743,46.11384235045978,2.593787161824486,9.0
35700,-0.32097964477099183,0.22081757960198672,-9.44294384630465,0.011675440257695737,-0.008637368829096936,0.012454484807250664,23.652301071773447,27.136124414259225,26.597689530280288,46.536400571395994,0.2734290781961999,4.028595083730092,28.636510997814877,77.22975338424406,0.0,40.137324047450896,45.51920662156015,3.531626081649811,7.0
35800,0.1658666816009978,0.8832848501804951,-9.673941944203689,0.0013826329106267706,0.006979470611222309,0.0009379159225589065,23.470030160042985,25.961573010577094,28.80167632414088,46.51269045824132,0.2734290781961999,4.028595083730092,28.636512394193772,77.22974291323114,0.0,39.424981462377275,46.55762960097105,3.4630803024710843,13.0
35900,-0.3091813105063713,0.05551889692641221,-9.844137413767687,0.010120423957617848,0.017870451764218847,0.008093019291249651,24.4303932650044,26.086515421953003,26.5502927442199,46.5090314036682,0.2734290781961999,4.028595083730092,28.636566528811436,77.22979261659515,0.0,38.73808562539924,46.00196464916031,5.811763751140744,9.0
36000,-0.1650847047170561,1.2967740662341454,-10.024350970248525,0.0034369362891852537,0.007638025637295692,-0.0058681178059660066,23.37542856840193,25.557947485475815,28.806660265229983,46.50302307071665,0.2734290781961999,4.028595083730092,28.636542496863783,77.22981145127262,0.0,39.53198172668898,52.1606325474014,1.756515469618704,9.0
36100,-0.18815907363303563,1.0134590435990698,-9.886813936660655,0.003653925787253741,-0.014162476196419659,0.009149380716763992,25.606123150438446,24.4523457773638,29.533761064615856,46.50239599750652,0.2734290781961999,4.028595083730092,28.6365404183037,77.22982196843176,0.0,39.853630022257846,46.55091664934476,3.345617651084362,12.0
36200,-0.17799202389350327,0.5653641627780321,-9.902202049488888,0.0215993279280401,0.004028573177570708,0.006557976236826016,25.09076360050012,25.197730717528966,22.593604600564458,46.49809278952642,0.2734290781961999,4.028595083730092,28.63654430349342,77.22982917258726,0.0,39.89717127699549,45.174229521208666,2.369295799855243,6.0
36300,-0.18096305561907858,0.878709543556105,-9.445025688178834,-0.008319496161269535,0.0080933228639189,0.0024360108968392957,24.01057130216905,28.15426580530956,27.66381188564784,46.507402966174006,0.2734290781961999,4.028595083730092,28.636570637334017,77.22977369612309,0.0,39.89280552238279,50.01051683520173,3.6064195745625867,11.0
36400,-0.377693284276961,0.569829859699815,-9.725469143302314,0.007076923796926317,0.011157870051210796,-0.013714804049635933,20.59381183850218,23.88856579096422,26.88600044870638,46.50898971508734,0.2734290781961999,4.028595083730092,28.636563190154323,77.22983670235415,0.0,39.44590512748993,47.07617699371838,2.5116777464681275,11.0
36500,0.3114799251825915,0.5866451342415165,-9.383130715830704,0.001078442084211529,0.007885329568037367,0.012947197465614882,24.156089297846826,23.943679788864195,30.533068944618293,46.50514139920769,0.2734290781961999,4.028595083730092,28.6365773376668,77.22978572862444,0.0,39.38076328856559,45.47975738528721,4.754251522614684,7.0
36600,-0.30094767557633917,1.2724357153745451,-9.294344204351654,0.000867032807112509,0.008295528076576695,0.006007005752733094,25.698792078826628,27.348448812909005,32.08689015439374,46.518629961961544,0.2734290781961999,4.028595083730092,28.636570198449423,77.2298317561999,0.0,40.42148810427399,49.71151848891699,4.741588814807546,7.0
36700,-0.22757481630425797,0.3313185991895109,-9.193692077089104,0.02897270326192071,0.031587094825423614,0.030749285152401905,19.18762678737338,22.760202445311183,29.759830747379986,46.637459727740136,0.2734290781961999,4.028595083730092,28.63654515302077,77.22980987156765,0.0,38.92826858719868,42.75752823223201,3.3504794522885297,8.0
36800,-0.39896022859717517,0.5499259195828556,-8.873334751834058,0.014818651918476335,0.01112395555955549,0.04087288130322203,20.806779767795273,22.257841024481603,26.596925851634403,46.75785537412327,0.2734290781961999,4.028595083730092,28.636635985167576,77.22983514953798,0.0,39.57144603011016,48.516116670795505,2.777363149007382,12.0
36900,0.12837990503321375,0.6487960739958092,-10.23154512597331,0.001387053948015172,0.004711743155545612,0.003094575268682738,22.019359588967653,24.139241409599563,28.281949711886575,46.87813731513297,0.2734290781961999,4.028595083730092,28.63656759133757,77.2298615006367,0.0,39.89541927862686,43.708220568901254,4.750770619212866,8.0
37000,-0.08070248252961465,1.4733111406797983,-9.61630022322936,-0.007651904939080872,0.001933571334212542,0.02450110487597401,27.231001159266405,27.27144636156185,29.458282169420972,46.96847088606035,0.2734290781961999,4.028595083730092,28.63657299864618,77.22985578245198,0.0,38.8175135450868,44.40534722015008,5.388692813653047,8.0
37100,0.0709273100382379,0.49771043839139845,-9.656554849384733,-0.003647910303030349,0.022776176190925083,0.021964209765461762,23.988313884327447,28.307089735819766,24.530793328417765,47.05932692852445,0.2734290781961999,4.028595083730092,28.636574111665645,77.22985729955423,0.0,40.029657937189626,42.99505260202831,4.417968248334745,10.0
37200,-0.3922150333525709,0.46301823248734747,-9.624902123672785,0.01755301973866219,0.008239188640687362,0.029882569972558212,24.1967882037416,27.602280737004197,27.869636527744753,47.16348650949942,0.2734290781961999,4.028595083730092,28.63664782185459,77.22984412792927,0.0,39.464491258417716,46.00125183819956,1.7544962766750554,12.0
37300,0.15910813658454087,0.5244255735051029,-9.466844498752074,0.005213022265528444,-0.0022304750714403814,0.011007048757014564,23.677709673605744,26.263961553485018,26.357626317370613,47.28781399200305,0.2734290781961999,4.028595083730092,28.6366458429828,77.22988669607588,0.0,38.93632887051825,47.221879168206925,7.575342697440627,11.0
37400,-0.10115258160977252,1.2437669638780324,-9.74855214602875,0.00801199543260907,0.013880779704713905,-0.000627939102747839,24.714061465228653,27.239257874860392,26.177884221738708,47.3915088348346,0.2734290781961999,4.028595083730092,28.63663565699509,77.2299868463833,0.0,39.37391513832744,48.677648875347685,2.584971942887604,12.0
37500,0.13500171376238726,1.1136239091153886,-9.881858690514711,0.004777309112555431,0.0035084083743912595,0.011215422394334838,22.813981559234502,29.117464348607342,28.723903326747248,47.49571536672953,0.2734290781961999,4.028595083730092,28.636689192629554,77.22988500949968,0.0,39.88870155440262,46.15185212887951,3.012523156814145,6.0
37600,0.3301337934356992,0.827780644426314,-9.683508332470604,0.0034381353637030695,-0.0034086809583258266,0.025798168631144043,25.491748893234202,24.381365804522446,29.406036858762217,47.60862129504585,0.2734290781961999,4.028595083730092,28.636671908391527,77.22988391395813,0.0,40.11254077845327,45.15637821432185,3.6742311670200674,6.0
37700,0.23783996092898824,1.1766259408900852,-9.952172821193148,0.0025604333366401368,-0.0001621491024382084,0.028176666123827715,26.44332111468937,25.496910416498658,32.072066344913154,47.72324198377712,0.2734290781961999,4.028595083730092,28.636621001809065,77.22995828065072,0.0,39.634659012235126,47.97011042125301,4.007143063383401,9.0
37800,0.2636702759828565,1.1790643340096632,-9.73629746223894,0.0030105809089886193,0.025811136720734856,0.023959193752154436,24.299052442607387,27.148397461341666,26.022240085484167,47.833220328407776,0.2734290781961999,4.028595083730092,28.636690081268913,77.22996215784343,0.0,40.271379499488944,47.1640965869845,3.360436745012908,8.0
37900,-0.3582320458967784,0.7520851424673186,-9.28420712330493,0.01225006193639102,-0.023057719555752306,0.015135666821900911,23.368723731807194,25.67368122119889,31.669931901322293,47.94629363936952,0.2734290781961999,4.028595083730092,28.636673897218618,77.22999108521786,0.0,39.879746912549166,48.536630948760745,5.533398745425938,7.0
38000,0.21026994388233372,0.7796140625567881,-10.395205381284041,-0.006938075548625505,0.0076645906434893284,0.005166148657434333,23.729760382719938,28.957618991933924,25.56662683216255,48.061686628800715,0.2734290781961999,4.028595083730092,28.636646764089264,77.22996120702169,0.0,38.8864213238728,46.26356973957477,1.3059269290065187,10.0
38100,0.2149660913161739,0.6717072475312551,-9.501855336828497,0.008602351522218589,0.020084727068289777,0.012001172593557236,24.253181367263885,24.697882764180722,27.9005918397603,48.162507419186845,0.2734290781961999,4.028595083730092,28.636739964006317,77.2299861305731,0.0,39.55957023147047,46.9036064195802,2.2975902480063213,8.0
38200,0.09530499940774924,1.4045673455150327,-9.481897292511787,-0.008743430068398741,0.011517059787704599,0.012306493858520031,20.86873266939246,26.787273409125632,28.659929803113332,48.26407420187164,0.2734290781961999,4.028595083730092,28.63664680476056,77.22997660155859,0.0,38.73193044864276,48.91147459772733,3.485469793395455,8.0
38300,0.1401949239475213,1.5132857008046878,-9.818718926678219,0.018376195362072828,0.01517655127497471,0.025043220663844384,23.431110073633533,23.201164686636904,27.46068504929243,48.36124593056596,0.2734290781961999,4.028595083730092,28.63670477599438,77.22992080889664,0.0,40.457405091764585,49.30373581948619,4.407117224642275,12.0
38400,-0.41177256873408774,0.46637185424518435,-9.76163516098891,-0.002896806024457097,0.004805639821978177,0.024288194690522825,22.47412243411877,26.175934444567783,28.71701689520865,48.469000125446094,0.2734290781961999,4.028595083730092,28.636682135002708,77.23000161668939,0.0,40.62686516092942,49.21198886837761,2.4556881422461263,11.0
38500,0.324215785908596,1.158155702346383,-9.408513788511968,0.011803608243580458,0.0038311873351255772,0.024049691719867698,23.552565550180653,21.801616502134078,29.109201206390416,48.586831153082436,0.2734290781961999,4.028595083730092,28.636721446668535,77.22997950500826,0.0,38.43624568493019,50.102788090429584,3.7324362255074393,7.0
38600,-0.2663965907984601,0.07734459874217814,-9.254956825299635,0.020685170113489422,0.007098596266969543,0.0070955099200667,21.358121365898604,23.57144335575962,28.693173919237015,48.68961022489367,0.2734290781961999,4.028595083730092,28.63671625528144,77.229944679151,0.0,40.0271953390351,49.88654924800693,7.429519643989302,7.0
38700,-0.15643734958365996,0.6349436734528568,-9.393461912800072,-0.006502865219745121,-0.003480897711020332,0.024870880458796187,26.729269977196367,27.103123294939053,27.13444186231596,48.78668003337637,0.2734290781961999,4.028595083730092,28.636676930361833,77.23001674169882,0.0,40.031648021024765,47.74033484169797,3.5033820323495726,13.0
38800,-0.40457110090577436,0.7429612980447872,-9.674311497211795,0.009624608084270568,-0.011072314452304294,0.01969792621828827,24.06653541807683,26.236372454385705,29.12207138165566,48.895027114985,0.2734290781961999,4.028595083730092,28.63665660857515,77.23002795996757,0.0,39.75451483565717,52.04651016570925,2.16190230658741,12.0
38900,0.1562570941634134,0.6755964280524809,-9.486325750972446,-0.005255067356274865,0.008612334115971187,0.03567599288028404,23.15744889160966,28.788048324935943,24.758326318756062,49.019502546912214,0.2734290781961999,4.028595083730092,28.636703026276123,77.22997847424811,0.0,39.61715375094371,49.838358933534515,5.287810593879859,12.0
39000,-0.1289695560644818,1.011036143980443,-9.970162970066548,-0.00024219848408576182,0.009302962210984724,0.005466102052624849,23.53538349304453,26.7774642029285,30.143695133937523,49.13506359586701,0.2734290781961999,4.028595083730092,28.636724570174103,77.23002999801975,0.0,39.63343947258795,49.20590574702932,1.8731364857292008,6.0
39100,-0.3629759024040287,1.0045324707307448,-9.88772751506262,0.0019603568135161792,0.017197380810622373,-0.002476839341407893,22.38256702558803,27.669328942471342,28.361835246308832,49.22450157121867,0.2734290781961999,4.028595083730092,28.636799872610332,77.22998965135031,0.0,40.472660687211594,49.63758046663094,5.822057019534137,11.0
39200,0.5746903639679134,0.5032864835137818,-9.311294839966699,0.0022656513931474265,0.015532628250794153,0.016428660817613943,19.0139307929527,25.71068653501574,29.26613629912574,49.32314911681126,0.2734290781961999,4.028595083730092,28.636735629344795,77.23005487839127,0.0,39.81673332387405,48.88415858628047,3.465014245675644,9.0
39300,-0.18400192144180533,0.8996244466125956,-9.8095113613726,0.017845996809902585,-0.005268967292593453,0.00582311939139319,20.37267593063317,24.06661298483843,28.838490030933524,49.33115212585611,0.2734290781961999,4.028595083730092,28.636747595693205,77.23007937266951,0.0,39.46848979788481,48.98941918916304,3.9053138730182946,12.0
39400,-0.015146255086120157,0.5965264248178384,-10.0750836015793,0.008871521594441987,0.0060234181846057855,-0.01909883654192046,23.417290355643395,27.06207068095931,23.12429228371829,49.31773339873573,0.2734290781961999,4.028595083730092,28.63673107849266,77.23007151232096,0.0,40.60096580912251,47.14971840620193,2.316960504585591,10.0
39500,-0.40380921375589307,1.2023366226472065,-9.731331960561276,0.005850876451518425,-0.005195799918261247,-0.0005598228859017593,22.7579389976774,24.40085576891538,30.147567928320786,49.32173971280895,0.2734290781961999,4.028595083730092,28.6368082545119,77.23002035799513,0.0,40.035452243932056,50.2513363199732,1.2061119882564133,6.0
39600,0.28346332025549636,0.9816826169618416,-9.705031514725691,-0.006690748910941073,-0.0034359783574885354,-0.01814611955673235,20.600035072744674,23.34457891962143,26.323157880593783,49.33037003853977,0.2734290781961999,4.028595083730092,28.636786047950775,77.23006009412975,0.0,39.50398615146482,49.51908249718807,4.492277534987902,12.0
39700,0.2842119164893119,0.8976418813965128,-9.691386806307374,0.007202137576422563,0.009598640789904377,-0.0012830852204574548,24.637796367395623,25.034839653203203,26.762241710505343,49.32004778950305,0.2734290781961999,4.028595083730092,28.636807346633375,77.23005500297977,0.0,39.461979910796515,47.51268015226975,1.411426891344299,11.0
39800,-0.21701778825411544,0.9724355136460243,-9.663552437378677,0.006727711428151915,0.007540122673400785,0.008991552470905089,20.17751057275321,27.115047379586255,28.87672333937682,49.309363514499736,0.2734290781961999,4.028595083730092,28.636831078244,77.2300677414442,0.0,39.11677227789951,50.91961195397139,4.9425835442189605,12.0
39900,0.14589493036421775,0.9815453435344967,-10.234415581787747,0.013211676626492301,-0.012569314902929073,-0.00416126270058097,20.778355989535296,24.712374840777223,26.134975769373018,49.31606647592246,0.2734290781961999,4.028595083730092,28.636808458426433,77.23013704674504,0.0,39.48616457022965,51.17776195814146,1.248749891887553,12.0
40000,-0.034177099065940186,0.8753465737319159,-9.312305559152238,0.0226726962145409,0.013534428393606694,0.007768706638689651,21.063476705614278,27.163615033779426,29.26575674040008,49.29692564304119,0.2734290781961999,4.028595083730092,28.636801231520028,77.23011365252947,0.0,39.18243516700727,49.825842665907,1.8343094941776643,6.0
40100,0.22186488460195877,1.0423186704130887,-9.965191073655104,0.0038521637496937546,0.014179036733131544,-0.0039016453561940166,24.735177836531985,25.352829815918742,27.617576702970254,49.30975450495035,0.2734290781961999,4.028595083730092,28.636728316518354,77.2300368010895,0.0,39.89284471390759,50.61438388381385,1.709463702608518,7.0
40200,0.20912636158938103,0.8091259912218784,-9.345173154875285,-0.010011719164424351,0.023360470071344643,-0.03407389034498298,19.86245259983135,26.293333841927698,27.655780034045822,49.309613917761716,0.2734290781961999,4.028595083730092,28.63680319282312,77.23016534427285,0.0,40.027753044852744,48.224655593023336,4.288047442312941,9.0
40300,0.31800806356751243,0.8769751768645817,-9.886797999944987,0.0027166133751469917,-0.008194604092966691,0.014915999987094704,22.917472581930006,26.57984197546894,28.287348554260845,49.29365120726663,0.2734290781961999,4.028595083730092,28.636824186070566,77.23013568649891,0.0,39.6569429054874,47.7253086598092,3.560532779980407,8.0
40400,-0.475671798160622,0.5081221186533857,-9.303834970485612,0.009048472300467267,-0.006033267580429067,0.018545196643986184,22.571879724495645,25.487671451590085,28.54963817803541,49.28039830075904,0.2734290781961999,4.028595083730092,28.636823017952498,77.23017972975849,0.0,39.96796469613794,48.557676120028354,4.097945682831711,10.0
40500,0.38275212325622654,0.05158487708539339,-9.85208105180778,0.02141539053369318,-0.009411284437126115,0.010196394277400895,20.119282544742482,27.786852373086845,31.484816446610502,49.28063964237006,0.2734290781961999,4.028595083730092,28.636854414956492,77.23014622220886,0.0,39.1468290022126,46.06055757480476,2.8021346190079885,12.0
40600,-0.29344325473272154,0.6306437049426648,-9.589438709478703,0.02199933304254098,0.0026936397789254067,-0.0035521954011684875,18.8573776660644,24.672395795066627,27.759343609663926,49.2940818382168,0.2734290781961999,4.028595083730092,28.63687104787238,77.23019291815747,0.0,39.20292980011908,47.824985690087196,2.8875225996004055,9.0
40700,0.12509335448847952,0.5758608188579214,-10.183356772232944,-0.013302203605930672,0.010805075915755146,-0.02439407465214506,19.991854500580065,26.148557362007367,29.896905266216105,49.307091124390055,0.2734290781961999,4.028595083730092,28.6368539142421,77.23018678498397,0.0,39.76454169462361,47.245555684083186,3.9602398009428628,9.0
40800,0.21361439104372365,0.2661307682241539,-9.817948990656292,-0.003029653012226391,0.00024252827653827892,0.012562849741706914,22.277486704606826,22.90712160291467,27.505149478891752,49.3192047062287,0.2734290781961999,4.028595083730092,28.636873219247487,77.23023904420275,0.0,38.95356720847632,48.30725163815266,3.8087834857692524,8.0
40900,-0.3656226330664917,1.0006095044017467,-10.03210419057283,0.011156188192661799,3.51164284314422e-05,0.01586737542058332,22.00478875507553,25.4363668126029,24.923640545051832,49.31798652470347,0.2734290781961999,4.028595083730092,28.636934049266983,77.23017201185151,0.0,38.98477285618262,51.05105259496505,3.6714827851044487,10.0
41000,0.624451395792605,0.7525712581095028,-9.666959602521276,-0.006694792209269278,0.005026157317035386,-0.005983763397015248,21.284061328937508,22.282634134313746,31.232491176871285,49.3278979051707,0.2734290781961999,4.028595083730092,28.636833150102866,77.23021413289665,0.0,38.96419513292261,45.67799617959917,2.1688302557248678,13.0
41100,0.39392451629859254,0.719419464476097,-9.033475099700897,0.012277563740363887,0.013900189408460835,0.019330552118354164,19.53464016545787,27.14253539083789,26.059369236667813,49.32441243530833,0.2734290781961999,4.028595083730092,28.636887728519298,77.23022320911896,0.0,39.54730639715631,49.313691094018765,0.10503438172504342,8.0
41200,-0.04892638755682997,0.6569575766624179,-9.4417371811386,0.021983467496426653,0.016626381168490363,0.005957309416241154,25.363316518908803,27.333863922587256,28.522975893880275,49.31608950808297,0.2734290781961999,4.028595083730092,28.6368897082615,77.23027724565821,0.0,39.75027801336081,49.18838298469025,4.290898389253211,10.0
41300,-0.2272032293110484,0.8763927190847192,-9.632448621555666,0.002169807951957871,0.006528804377288151,-0.0009069381561691656,24.480560497787362,30.888959086670003,30.09676509923105,49.30844336193752,0.2734290781961999,4.028595083730092,28.6368934335023,77.23020257173262,0.0,39.449372303584596,51.169239722154245,3.32975913491181,13.0
41400,-0.6936434836799211,0.5528809327855897,-9.582806743990536,0.0021699532556661433,0.0065560715345247145,-0.0016310226277031145,21.88219878758786,26.98089937322768,26.71425072682944,49.31765846904218,0.2734290781961999,4.028595083730092,28.636910801965644,77.2302526746431,0.0,39.07462390426753,45.90337676580847,5.218468361488845,12.0
41500,-1.5925928830910037,0.46848057133205556,-9.519658234846197,0.007419563062831292,0.003593116335256996,-0.006525573468227929,25.28922992994019,31.491553342355708,28.497267810922665,49.31528395736648,0.2734290781961999,4.028595083730092,28.636815278670287,77.23021271443169,0.0,39.50249761436837,51.594346675418834,1.1626619414763337,7.0
41600,-1.9056730312330008,-0.1201993969257727,-9.679821376968949,0.0024057657580814234,0.005799746176013587,-0.00788482912275099,23.164794919571097,30.10691149029185,30.084632682266697,49.31715840369445,0.2734290781961999,4.028595083730092,28.63689337070977,77.2302554098254,0.0,38.079650161984475,50.04257344337967,1.5752297388871424,11.0
41700,-2.872042393656299,0.6060593218668967,-9.031226983047357,-0.0029217469797344535,-0.010991547290646293,-0.0003302077874617803,25.413593394238188,26.884388737885445,27.520211902069263,49.31596532699253,0.2734290781961999,4.028595083730092,28.636914736716115,77.23024864277875,0.0,36.87998834061787,49.85274153492799,3.929530014080284,9.0
41800,-2.4292310216760336,0.041423731728601365,-9.563260096015455,0.005542093721439392,-0.002482402322379283,0.013088413687060395,24.26430586986988,25.657377487602286,28.45364861385556,49.304808903167604,0.2734290781961999,4.028595083730092,28.636917335250008,77.23023143589859,0.0,36.231471492763575,50.57590204606745,2.3390872322850007,9.0
41900,-2.7063164770603696,0.20835530397864316,-10.132722603247728,0.016908504777841296,0.006015890752501475,0.002519480649874733,19.82617908202218,29.785278560609726,31.30340575394684,49.294691608691124,0.2734290781961999,4.028595083730092,28.636925099186993,77.23026808882149,0.0,36.33825899288316,50.73522712676415,6.7878024098631675,6.0
42000,-1.955764080769866,0.16156681966807154,-9.749651171109358,0.010428668146408738,-0.008342428474010118,-0.003014669717530559,24.803929102441785,27.06766104115611,28.535251520514173,49.28020718461766,0.2734290781961999,4.028595083730092,28.63688604848349,77.23034295501607,0.0,35.03947249121087,51.74479353853543,5.319188109159487,7.0
42100,-1.1304897509667065,0.167262644654035,-10.009343680057682,0.006666152674338806,0.0072814112417414305,0.002589758937489007,16.743234956462818,28.648778273567967,27.36100149156376,49.28450238024078,0.2734290781961999,4.028595083730092,28.636965556995825,77.23037842202285,0.0,34.04660768985134,49.41287545773046,4.1297962964403645,8.0
42200,-1.7884655631189201,0.7959172975238997,-9.74688931326418,0.001005311342979323,-0.005414160030164297,-0.0010176986161028276,21.741331979977648,25.95716343278236,27.55010811720995,49.29773623513013,0.2734290781961999,4.028595083730092,28.636945774452435,77.23031507839293,0.0,33.830359318321705,47.93023878465971,5.026460298604849,6.0
42300,-1.9017232629143832,0.29531072715518636,-9.904276524676705,0.012326470546697289,0.011676370173209123,0.003946962109691431,22.28660757782611,28.156861329244933,28.81199892253284,49.31952156844103,0.2734290781961999,4.028595083730092,28.636959888758863,77.23034515630933,0.0,33.21039241759325,45.13385954325874,1.940162416755282,7.0
42400,-1.528621061629798,0.16273653018191825,-9.657454780912845,0.017581300587393538,0.003750350897982757,0.009877464628258649,20.460756222624493,30.488585646689756,32.06851846156344,49.30605684784227,0.2734290781961999,4.028595083730092,28.636919658720497,77.23034678438377,0.0,31.645713821430068,47.15714027998252,1.8796937730915495,8.0
42500,-2.285777401161735,0.10169960261363761,-9.669541734884149,0.007368059138710687,0.011592411365447808,0.011109517726772327,21.25206280256221,29.91629698681523,26.029745280237123,49.308530398227084,0.2734290781961999,4.028595083730092,28.636922149417124,77.23032230258484,0.0,31.137439561970314,45.600291901876055,3.761092732816608,11.0
42600,-1.9044507936479838,0.6806026321596494,-9.989402679045012,0.013395202129459258,-0.000864404336688062,-0.0011297611856807576,23.470904050111606,23.648319734759347,26.01491972126349,49.30132925661037,0.2734290781961999,4.028595083730092,28.636936815003686,77.2303522148796,0.0,29.84898549486336,50.16900652059341,3.5531311025487957,11.0
42700,-2.3961175791774503,0.30850850332724905,-10.03326583400363,0.0057910715190315825,0.011938015932491839,0.00416046021978394,18.236168597416047,27.502384319501733,28.85865123699899,49.29369384342796,0.2734290781961999,4.028595083730092,28.63698270955621,77.23034886835164,0.0,30.350456210829794,49.27493632445835,3.5714121130438867,9.0
42800,-2.2052318756653793,0.439066096376151,-9.980306582272119,-0.002765491935852151,0.007419656634197677,-0.010040247128971724,21.945164695320223,23.310164968952485,28.73971489595696,49.28639674426494,0.2734290781961999,4.028595083730092,28.637002247260217,77.2303453140934,0.0,29.33357870321312,50.06141236766559,3.281223561803484,10.0
42900,-1.5267227570498845,0.5069175435051185,-9.021265862769773,0.009574901910067683,-0.0033266272836084835,-0.010389791878332005,22.55146927315301,26.683286057606235,26.992694844240535,49.26873697026129,0.2734290781961999,4.028595083730092,28.63697931872815,77.23037412972876,0.0,27.61744350763419,47.080450513261866,2.2040149350497726,12.0
43000,-1.4005697563478612,0.6050893538314828,-9.126240610876033,0.02248820783137845,-0.002801484147375047,0.005809639539868551,17.60692306010342,24.323374043493615,27.975193860560285,49.27105868297166,0.2734290781961999,4.028595083730092,28.63700836481146,77.23037079107227,0.0,28.29769677279844,46.21580306116107,4.073648606865303,11.0
43100,-1.4046245313566257,0.29256752584298407,-9.386665541789734,0.0008396593194626711,0.018154225247057572,0.00013356067192071014,18.557561828268714,23.639424757951307,28.92522105874082,49.2679239240276,0.2734290781961999,4.028595083730092,28.636986475767056,77.23034171948359,0.0,28.1994451606201,46.67006053632945,2.373806833482983,9.0
43200,-2.178648262843127,0.2625443384567775,-10.012973057181178,-0.010546733002346837,0.003065189515253232,-0.002414813036991377,26.37493092969337,26.569782893033885,28.53065631799678,49.26465392111,0.2734290781961999,4.028595083730092,28.636974468827034,77.23035545401703,0.0,26.423643653143483,50.78948904485917,4.262943490997225,8.0
43300,-1.2275913580526783,0.559677241110523,-9.74826812750525,0.0105045882877211,0.014486503433962829,-0.013897153549991648,24.25163148460935,26.438446839453526,25.305849524220438,49.26095512525591,0.2734290781961999,4.028595083730092,28.637025759713968,77.23035014532192,0.0,26.70341245767569,49.354004327354914,2.9874499805060144,9.0
43400,-2.2889651430816165,-0.0008626569343082591,-9.818586310667374,0.010435422892997558,0.011190330047215733,0.021090256433169592,22.145972047251608,24.597457913814164,32.43066702795569,49.27197393205464,0.2734290781961999,4.028595083730092,28.637005678062067,77.23039075538914,0.0,25.170404946955436,50.30107060558008,2.9105612315924625,10.0
43500,-1.219022350175714,1.2260149154094409,-9.491223583184553,0.006866834878492248,0.0005431762839167758,-0.0014975934776500343,23.253097248436028,30.286864395203803,26.68657081787065,49.28199377376181,0.2734290781961999,4.028595083730092,28.636992174324604,77.23040370265926,0.0,23.50570973162918,46.120134041601524,2.7127758746360477,12.0
43600,-0.9222643742728888,0.5203338933793011,-10.01700474588751,0.01394232925562482,-0.008065430138346617,0.01285681905178553,21.650872854439037,28.92097618963159,31.37428328374887,49.304072291838665,0.2734290781961999,4.028595083730092,28.63695958261643,77.23032278295452,0.0,23.261569281789885,48.70923319747211,4.1424881718916575,6.0
43700,-1.9130394432531617,0.2022258809693396,-9.740713196264512,0.004353691241554353,-0.01139677378229572,0.009793920885680407,23.744488520401386,24.249750833545427,29.414565582165213,49.31287152352723,0.2734290781961999,4.028595083730092,28.63701368406291,77.23038384580288,0.0,22.656467480732083,44.79351714921271,4.597293821559878,6.0
43800,-2.6589404907406595,-0.10246307335790694,-9.937394459936401,-0.006784437584318174,0.006614758672839709,-0.001472410106178268,20.916090519841877,27.2786557732794,30.120423731706648,49.29360904346543,0.2734290781961999,4.028595083730092,28.637018137277614,77.23041432834331,0.0,22.535242268991794,47.00195105134732,4.257466927742593,11.0
43900,-3.3126359431211734,0.7511635972187951,-9.301840562767937,0.009889744449157988,0.011111912315572101,-0.007781743405175241,25.889931700108352,29.02431717761454,29.901100067682282,49.29875745839761,0.2734290781961999,4.028595083730092,28.636987265715554,77.23046792847222,0.0,21.67718823041323,51.56809967546719,2.5723106837875283,8.0
44000,-2.2588772261935657,0.6115967074813742,-9.678514891398986,0.01691235598736826,0.001333937697819781,-0.004265919417955295,21.64253013628833,31.68195112358837,27.924658713750368,49.29533221157716,0.2734290781961999,4.028595083730092,28.63704996315804,77.23044081715207,0.0,21.228843896188287,51.452822944349855,2.298260725011085,12.0
44100,-1.364487772654724,0.2484704921537284,-9.667970700944398,0.019270719824418872,-0.005806010832266734,0.0032055486277978253,26.33415655158544,25.859099994780784,28.914154735583146,49.28998777081268,0.2734290781961999,4.028595083730092,28.637014989794288,77.23040755803335,0.0,20.324370324335497,53.34437902958666,3.843749673583004,10.0
44200,-2.0978851573121324,0.7600714930775727,-9.733653852433031,-0.012674946236396496,0.012850473508463633,0.0008611929270190798,26.613191240457812,26.288429863131206,32.86950745248186,49.28431844959082,0.2734290781961999,4.028595083730092,28.637023977053158,77.23037162541014,0.0,19.56165853207079,46.76124254651267,2.3647221311703217,8.0
44300,-2.40462611698238,0.46190931749468267,-10.210949535596967,0.006448479030690985,-0.011860397492216183,-0.01047556812158973,21.330638672530835,24.916111956939464,28.449076787409282,49.258208361174916,0.2734290781961999,4.028595083730092,28.637027456148367,77.23039338481871,0.0,18.04768586419864,47.71223184078331,5.225099231903434,12.0
44400,-1.1718002811902763,0.43716853072945705,-9.381668365368432,0.029075799291830396,0.0019055357077912096,-0.02243720189590354,22.728365872726524,30.404311740311375,28.831447708804053,49.26114048742652,0.2734290781961999,4.028595083730092,28.637061284650688,77.23041852050437,0.0,18.18748002574471,49.4423834092441,2.317724905676303,9.0
44500,-1.8490300421951198,0.12953395233990017,-9.64934686673158,-0.008247467819460019,0.0036262845712801773,0.0021210848198444784,25.899248691859245,26.683075367572744,26.173340924217335,49.25188541490916,0.2734290781961999,4.028595083730092,28.63704419224739,77.23038238433898,0.0,16.89248493370333,48.96577989852248,3.314180570269121,10.0
44600,-2.3790142192172152,0.5670534925779027,-9.6349014820438,-0.0016973743269260207,0.01925117742634201,-0.010600657108408159,21.870083601020305,22.63172983005492,25.524033951168423,49.26730050238675,0.2734290781961999,4.028595083730092,28.637046608737613,77.2304370048418,0.0,16.925012412387577,47.50204822427189,2.7939702905234283,9.0
44700,-2.1861511583035074,0.08791183627705584,-9.777238378597968,0.004124225754780479,0.020657818218093052,-0.0010177834050508366,20.807738944796277,29.82120342675941,29.499615097114358,49.254234671449446,0.2734290781961999,4.028595083730092,28.637044226755222,77.2304611172104,0.0,15.68105434701795,52.07005314544188,4.122676826275115,6.0
44800,-1.8342416676534352,-0.3999516530262933,-9.355813092221094,0.009550349572685999,0.017851123974857767,0.0007334343545551697,19.082607997953485,26.602363967325736,28.548592374849957,49.25508654082852,0.2734290781961999,4.028595083730092,28.637054142752664,77.23042766233156,0.0,15.002078368486746,46.2953712931724,4.663078059652177,13.0
44900,-0.7894219327334296,0.6484244674495293,-10.424447822795633,0.003394599249085283,-0.015179475376236363,0.005176427842257957,23.734761263693667,22.365181708869837,28.710816761886385,49.24753316159768,0.2734290781961999,4.028595083730092,28.637024979950866,77.23045179514189,0.0,14.053850518416548,49.41101096570427,1.9510224621778127,9.0
45000,-1.5301245612710284,0.31140008499062416,-9.714748910068538,0.015118972053699567,0.004882755682671336,0.004599670193354041,22.091201106269843,26.056806610607964,31.554181442999425,49.238875440485494,0.2734290781961999,4.028595083730092,28.637035808948,77.23043840231169,0.0,14.360465078583474,47.46353358422268,2.139622081744804,13.0
45100,-2.0387208981830383,-0.09892143337004178,-9.884596126174397,0.015838501468402627,-0.005754475860687366,-0.007830863337994506,21.702999257653946,28.107451641533935,28.820865071856872,49.21609810456787,0.2734290781961999,4.028595083730092,28.637065006310756,77.23040364870046,0.0,12.585714241883325,50.133962946629836,2.6371574773514173,7.0
45200,-2.4791411939220884,0.39728495577607226,-9.216701244023692,0.01428176886816537,0.005313009205802396,-0.005318175910246856,23.693702802861146,25.58292522058479,31.324610448863194,49.19733231084024,0.2734290781961999,4.028595083730092,28.637028648112505,77.23040671984222,0.0,12.42508062435922,50.500556548500334,1.1918199294697391,6.0
45300,-2.627859647670235,0.27054940146369305,-10.0293201557339,-0.0025576753389579846,0.01971501976354414,0.017385447620340676,24.58309921129148,26.354984604144807,28.688695130232794,49.21737438646193,0.2734290781961999,4.028595083730092,28.637038569355965,77.23047029891619,0.0,12.048439634084751,48.891811030426,4.296888145963347,11.0
45400,-1.7178623569770868,0.3328252808380993,-9.667733309622031,0.007805110126243561,0.015404150982334164,0.002951427989153991,20.355174028168975,25.424625965680296,26.904067353126585,49.228092893059845,0.2734290781961999,4.028595083730092,28.637077626016506,77.23044461906181,0.0,10.65709611341247,50.86005567098197,5.766771208403734,10.0
45500,-2.2568875436451097,0.28085969798918076,-9.784933933228325,-0.006997982706910179,0.02024544540807599,-0.004689257383338666,23.364342133968822,24.910702383172673,29.84878034681636,49.231257755893196,0.2734290781961999,4.028595083730092,28.637030005712905,77.23047681788853,0.0,10.286550816722265,49.10583084346269,5.4370395221738335,11.0
45600,-2.3256348261030317,0.3069203819423201,-9.925323553261519,-0.01588525642113085,0.015569204531746102,-0.0007560271442958715,21.427062359583783,29.822227792743405,27.471191361157363,49.237741326170806,0.2734290781961999,4.028595083730092,28.63704779016607,77.23042685451625,0.0,9.00174508345267,48.504584721641834,4.082291101471603,12.0
45700,-1.8570090623285884,0.447213110181233,-9.713190544053802,0.01059188757083809,-0.004795865838192783,-0.007867461170371036,22.187366428107325,25.472751393469792,27.634640925838674,49.24137892146094,0.2734290781961999,4.028595083730092,28.637080662675718,77.2304505361459,0.0,8.983560337169509,50.45495622164099,3.2339906427810017,9.0
45800,-2.4472570036735313,-0.22405750828510185,-9.853865770412899,0.016544351598345143,0.007915789275098856,-0.00144293330152309,25.03820542108427,26.886342506177808,28.262438774160508,49.22574754085185,0.2734290781961999,4.028595083730092,28.63706755207268,77.23044545865173,0.0,7.956415147674875,50.339433805802976,0.47235087064215264,10.0
45900,-2.1779725623148924,0.2519301501240189,-9.808543425872438,0.004877512366267054,0.007014645104627766,-0.011371274328076516,26.006483054209887,25.9029597416067,29.595149080283804,49.216512014331336,0.2734290781961999,4.028595083730092,28.63703496917298,77.23042193955287,0.0,7.075649976973829,47.57031130108783,4.156838037669376,9.0
46000,-1.8859060527045908,1.0694080246160595,-9.805393237551701,0.007703122099484843,-0.01882911997111063,0.0034019038397459724,27.603560545757517,24.149190365757544,26.617085822133994,49.22719214874175,0.2734290781961999,4.028595083730092,28.637031504051556,77.23054455549615,0.0,6.70416309133338,50.644497113736165,3.9728087016343583,10.0
46100,-2.250666637696713,0.3497839005757573,-10.032451637455097,-0.012370285740522922,0.00955777174810473,0.006673317833488767,25.747393774794062,25.775177651868344,30.677948459606434,49.21490580227619,0.2734290781961999,4.028595083730092,28.637112978937154,77.23050866588036,0.0,5.492569021690902,50.05403458122261,4.396802353767354,13.0
46200,-2.080160302641464,0.6961732823063629,-10.016655574505094,-0.005170123402310119,0.005643313063600591,0.004390539258978716,23.800071865614072,25.759927519390576,28.41117477553641,49.203640774286924,0.2734290781961999,4.028595083730092,28.637054109797738,77.23044290263371,0.0,5.025789549773915,50.52447756252554,3.734583660748857,13.0
46300,-2.6697292315296925,0.41298509479380624,-9.68701311904048,0.00490638393638203,0.010696893861348165,0.00869999076300542,20.86206566673595,26.51068399958206,30.461039641950823,49.17254004711035,0.2734290781961999,4.028595083730092,28.637056782885235,77.2304633662498,0.0,3.9892631851974256,49.38397110994477,3.959692563091641,8.0
46400,-2.7487150009626786,0.12835932733511782,-9.55406006744128,0.0022920009876932555,0.011941377105592324,-0.0016952332530279907,22.398575522279756,24.56929557550834,27.903113256359564,49.149330955498954,0.2734290781961999,4.028595083730092,28.637061642709646,77.23051778564052,0.0,2.6804545702233575,46.58637747697122,3.834803338018812,13.0
46500,-2.3502808292608517,-0.016660646596677986,-9.31334318165722,0.00643704710431016,0.0001866971380326838,0.003582540761268965,18.347881993987105,24.063364200786996,28.503067973188994,49.13919702969818,0.2734290781961999,4.028595083730092,28.637089055504532,77.23048683941975,0.0,2.9605168650538682,49.90307085500085,4.056703533462482,9.0
46600,-2.7778032296642703,0.14236754684016617,-9.747675117475113,0.0025400935312413745,0.013280198046915659,-0.012655495278549892,24.73910331803296,29.19460349001871,28.715439374165037,49.12489436378595,0.2734290781961999,4.028595083730092,28.637061832207372,77.23050229720634,0.0,1.2461813902225714,44.856714416672645,2.06837298450189,8.0
46700,-1.5812519199154642,0.1472568563022367,-9.304028612310265,0.012468758104050744,-0.001889598436289685,0.011041351420754329,23.052810952400243,31.530800336659777,29.030780183483444,49.13647716620434,0.2734290781961999,4.028595083730092,28.637099007049407,77.23045958593802,0.0,1.0247240902185681,46.4553769732226,3.3389840312933043,6.0
46800,-1.1316625670224636,0.6422203262043515,-9.79584676555091,0.011144772144530853,-0.021060620474602835,0.004131825081216893,19.89854165406792,22.88978571452441,29.3990354773293,49.14457530996247,0.2734290781961999,4.028595083730092,28.63705487232521,77.23044512819676,0.0,0.0,46.939347602111845,1.729840759657078,13.0
46900,0.650966235307034,0.7046232992686023,-9.913110821859258,0.006179859177588357,-0.0026797672729573525,-0.006352164385950867,21.799755467364474,27.547546644183576,27.57052468369146,49.14828416447393,0.2734290781961999,4.028595083730092,28.63704935485193,77.23041883314261,0.0,0.7747819073760931,51.03942170590032,0.6892069731840103,7.0
47000,-0.18855612586322923,0.495090757502993,-10.130635630738542,0.00443613403144653,0.0055734082349028135,0.008900810069048882,20.10065055241477,25.7907519468217,27.439652216346538,49.15774396355813,0.2734290781961999,4.028595083730092,28.637109848515816,77.23048882359461,0.0,0.34545338560948585,51.23203975320998,3.1689771509172706,13.0
47100,-0.015875445704826276,0.6213204348159529,-9.617864687767648,0.0016183468009276407,0.022195660666186074,0.004978670192058751,19.106417083532534,25.612371013206474,32.06327288150721,49.16034337264767,0.2734290781961999,4.028595083730092,28.637079991245734,77.23043582466563,0.0,0.0,48.57520665413032,2.1042449856077003,6.0
47200,0.149777458288254,0.7833510873709812,-9.704497889927463,0.003955204914163986,0.008876975832918771,0.016610557528694583,18.1742421233827,28.57907501010857,29.3955732120231,49.159633237925156,0.2734290781961999,4.028595083730092,28.637097053327064,77.23044933900825,0.0,0.0,47.597081557193505,2.7591057748484755,12.0
47300,-0.4569405759980462,0.2862309940922399,-9.521301269345436,-0.007957183751620227,0.015012845891927026,-0.0065730621078993745,25.27002899500579,26.38282146873756,26.08526035295772,49.17759026767682,0.2734290781961999,4.028595083730092,28.637042330347025,77.230430652451,0.0,0.2956919051813014,49.45441705618512,1.0926789418940062,9.0
47400,-0.1411427753051624,0.6197002371776144,-9.461587540324546,-0.0007070292891309957,-0.009788030997472337,0.007427327602085223,24.678187768205998,27.5941366092524,27.442263068734487,49.17770379653842,0.2734290781961999,4.028595083730092,28.637106128372142,77.23043185781606,0.0,0.0,50.22186336227846,3.908758474870031,13.0
47500,-0.3964606293393379,1.0754938453642475,-10.045071441995299,0.002158073127181131,-0.002366517181827502,-0.018255179258059855,21.08263802665149,24.668756225407993,25.07347505129593,49.164188178068635,0.2734290781961999,4.028595083730092,28.637057622387946,77.2304331107725,0.0,0.0,49.547046107553044,2.6692592009137286,11.0
47600,0.6201183609632946,0.3781337321063816,-9.767120804846131,0.0075212245404719155,-0.01153207207431543,0.002368784123416408,23.808860589132966,28.532239877465173,28.68529529114512,49.163017569891146,0.2734290781961999,4.028595083730092,28.63706640653325,77.23048090692839,0.0,0.0,46.30118846938531,5.5693723909962785,11.0
47700,0.02912999172454242,1.0143272446703897,-10.148058269929766,-0.004288850717228405,0.01139040981296557,0.009312019512063587,24.223853810465116,27.023550703171377,29.7959518832156,49.172852847715454,0.2734290781961999,4.028595083730092,28.637093256789285,77.23043113414344,0.0,0.0,49.471138662608766,5.942956837378372,8.0
47800,0.14648226030147227,0.4504512038776474,-10.090377499496824,0.005274261598435321,0.015764004475830835,-0.004579041030825062,22.956477266562363,25.456684807981826,30.95139477062569,49.17764128532373,0.2734290781961999,4.028595083730092,28.637042208262223,77.23044353299386,0.0,0.0,48.93122973013327,3.0623435956171314,6.0
47900,-0.5082072145973008,0.6096137690576727,-9.836343382280363,0.013102565819114825,0.0006517527984579502,0.0016455269610254229,21.584288713326977,22.4732934821615,29.815980328702107,49.17367163636183,0.2734290781961999,4.028595083730092,28.63706844730254,77.23045844440554,0.0,0.47389522689382413,49.09760168923193,4.324827867083725,10.0
48000,-0.005323507543495112,0.5530580374358651,-9.947428768882368,0.0038946240915139867,0.0006999027236574556,0.006439839958161384,21.895155751897594,23.112412032122663,30.709029617500608,49.152789114152576,0.2734290781961999,4.028595083730092,28.637065315897694,77.23041264052081,0.0,0.4850958182580553,51.9379421854245,4.306961951713424,10.0
48100,-0.008015633852938006,0.5465707761368142,-9.639505352525042,0.00989148344020177,0.0080589800639433,-0.007845542352904213,22.136734742298316,26.253245499036804,27.75969242223602,49.15135872170565,0.2734290781961999,4.028595083730092,28.637064010568903,77.23048814250372,0.0,0.25042942063771034,47.00391404679331,6.312948354995505,7.0
48200,0.38884297879140334,0.48772122231588866,-9.85097241677837,-0.00492793134633926,0.006905619351956519,0.003311907924679116,20.513412016782674,28.950266050786432,25.422113914469453,49.15107769451636,0.2734290781961999,4.028595083730092,28.63702642132117,77.23044736299649,0.0,0.0,49.89367913889058,2.1233567443700467,13.0
48300,0.2908856995253269,0.0131384957284163,-9.960688436568185,0.025746025836578583,0.012322846625170508,-0.025374872710416267,20.05661013352219,27.007815430838463,28.639925303149294,49.14084093780227,0.2734290781961999,4.028595083730092,28.637068788698002,77.2304970560192,0.0,0.002306323972292108,51.13341388783319,1.1324279613687893,9.0
48400,0.15564072470612483,0.41071626790174276,-8.630552243591213,0.007786922634393058,0.008773672742765288,0.0005453106291636708,24.56325628192844,30.122700698348396,28.65026768444423,49.13199964465495,0.2734290781961999,4.028595083730092,28.637113345598575,77.23039721803899,0.0,0.05170824560983225,49.457857509728726,4.046017791432277,7.0
48500,0.06084033353848229,0.3436027188771998,-9.12817920311424,0.007233276188153852,-0.0001481566385932477,0.021643558746993214,24.336086836265448,26.67164781672209,27.224364296782188,49.143354698520746,0.2734290781961999,4.028595083730092,28.637078281013967,77.23051735317674,0.0,0.0,52.706530810350856,2.4981607242317043,11.0
48600,0.4709543500331193,0.047176463849847416,-9.998480658610763,0.01634045797492891,0.01659401047703845,0.014921877802904241,22.951087620494864,26.67720826575541,29.002820972698462,49.153396287250665,0.2734290781961999,4.028595083730092,28.637070518139765,77.23046231812909,0.0,0.0,46.43668406238329,4.046112891640177,10.0
48700,0.07142909639787803,0.46882613567194387,-9.737237834844322,0.018468462703472868,-0.00010220748850207732,0.011440485296872471,24.87788218902948,24.48747531713069,32.52117975024094,49.15804084763675,0.2734290781961999,4.028595083730092,28.637068389433775,77.23044550115056,0.0,0.07721706555760184,49.061536481303605,3.9603043320528855,8.0
48800,-0.24280391066951315,0.5655603981897309,-9.74383749311034,0.002295846123634543,0.006564960768586184,-0.0030831463271664495,24.032123065751268,26.814901557020466,28.35659913724275,49.16504372630828,0.2734290781961999,4.028595083730092,28.637046189186137,77.23044032678106,0.0,0.0,49.0695677212676,4.946383725310248,10.0
48900,-0.1913895157173361,0.8354365507457095,-9.3761035663214,0.019203861358205124,0.005794096471512767,-0.001864415522990329,21.735747608393222,28.633961829854325,27.934852772794695,49.163379568536755,0.2734290781961999,4.028595083730092,28.637104023561374,77.23045667455331,0.0,0.10660974792988553,48.02833226324521,1.5165293476508348,10.0
49000,0.5732288433952286,0.6159145723015342,-9.282356401041543,0.016333188863184557,-0.001991226327874589,-0.012213957707092674,21.32319243603413,24.650997178059143,29.037030126677767,49.172253684295846,0.2734290781961999,4.028595083730092,28.63710229895411,77.23047144490013,0.0,0.0,50.34565796844717,3.47614994546208,13.0
49100,0.6636007754911188,0.9774230995867056,-9.501442395635815,0.013493181008974706,0.013797507244597645,-0.003129181463980479,19.641019357494763,27.453315126882003,26.492074886426337,49.17282823697809,0.2734290781961999,4.028595083730092,28.637067581386376,77.23046644076662,0.0,0.408320363352612,44.834059839012355,1.8010675544271315,6.0
49200,1.3399084684167504,1.580895368673541,-9.892821044030523,-0.010676777313467087,-0.006691702370099678,0.014834920105467034,24.78987312485145,23.64190250753855,25.96837075829131,49.16532651887497,0.2734290781961999,4.028595083730092,28.637109586080832,77.23043722737503,0.0,0.5572305784637921,46.62066637940862,2.7346073369739847,13.0
49300,1.5584589672191413,0.5589412113420786,-9.448529191478308,0.006309737911538882,0.011692366222253552,0.0031232666646146615,24.293961992885045,26.50810150958945,29.88381585583295,49.175988855429416,0.2734290781961999,4.028595083730092,28.6370185226529,77.23047784284692,0.0,1.5693792327266047,46.68793652249207,0.4820766999513193,12.0
49400,1.5597269002043985,0.9654448692262173,-9.691058335952246,-0.008193937610134032,0.005559514880973148,0.00609921541674413,22.62099082351105,30.38485583858533,25.654577298222005,49.181485965512,0.2734290781961999,4.028595083730092,28.63707153292873,77.2304433064642,0.0,1.7211357940652543,51.13286614656729,0.8648617225946467,8.0
49500,1.499980876344551,0.6595958941816008,-9.752646200409641,0.008908475731801521,0.001076865930542081,0.004081080281126807,24.832686040533357,25.634262807989096,30.83249493816612,49.166900354875054,0.2734290781961999,4.028595083730092,28.637064687751387,77.23043508781149,0.0,1.9513343445682167,47.823657434169654,5.437447867961705,9.0
49600,0.8752543104779857,0.8203010468100904,-9.520592059432923,0.009723413382901946,0.00962878524890078,0.005714695199668201,23.961967152462325,24.301249787902425,28.973407996734547,49.1556877568802,0.2734290781961999,4.028595083730092,28.637075020259907,77.23051206551015,0.0,2.4648313566410502,49.242389272655835,2.6647040851821147,6.0
49700,1.0966379593550606,1.2068565054104095,-9.5535530801488,0.022378235029644526,0.014136869228463095,0.0032235005204984224,19.567131197928934,31.81426778499445,30.129823951377393,49.16262949130723,0.2734290781961999,4.028595083730092,28.63708733795821,77.23047580387001,0.0,3.0518091047856397,48.214488933275,3.6458450252638226,6.0
49800,1.7357919436593803,1.0775854382541221,-9.700542814497403,0.004396746945938204,0.011153568303578998,-0.010561704001617503,21.905798456192205,23.432346661404793,27.912340346642033,49.157018929504204,0.2734290781961999,4.028595083730092,28.637056440761615,77.23044194248061,0.0,3.6642009993991587,48.54224551279367,2.7135096318903735,8.0
49900,1.778694957540603,0.9322086637365384,-9.93616126884986,0.009973350028583666,-0.008831610825479785,0.0042704730113365,24.636060909956356,26.325335286225755,22.13692734887856,49.160250498706816,0.2734290781961999,4.028595083730092,28.637065190189652,77.23046408203923,0.0,3.2328613431071926,51.35904547280365,3.4926067880580036,13.0
50000,1.1705830619114415,0.8357975460120303,-9.590878786857102,0.004162070810247039,0.007543484035155788,-0.009646982793924242,24.68237061120864,28.183142628001793,27.420209896734136,49.156241540608065,0.2734290781961999,4.028595083730092,28.63706823867969,77.23045703391128,0.0,4.713786807127566,49.451592385896184,4.8290306294075185,10.0
50100,1.124092843488892,0.6296816650416623,-9.03640027036821,0.016265217887804526,0.00592515324028072,-0.0011618567605883234,23.589328925748806,33.799914645064455,28.214993267228557,49.172997886319465,0.2734290781961999,4.028595083730092,28.637048892314432,77.23049530184126,0.0,5.252735031507593,50.2075884482537,1.0964184569375528,8.0
50200,1.5151215331433197,0.8444235906203739,-9.906420188673188,-0.01118179586167898,0.006341289215201002,0.0034465186925311158,26.430272250994257,27.17993735120536,29.62963286420978,49.18722022962237,0.2734290781961999,4.028595083730092,28.637043386530976,77.23051725356966,0.0,5.895297916002985,54.362700154730916,2.3392243178774335,13.0
50300,1.2661834711797684,0.84783578762803,-9.666027407336626,-0.006302644125253657,-0.0030992467299225156,-0.00599230693176186,22.745316115994115,25.636970149604206,28.53279741168186,49.196496228504785,0.2734290781961999,4.028595083730092,28.637048134414712,77.2304228630393,0.0,5.4299190558257875,45.43144382059333,1.3633844657999585,8.0
50400,1.62306975215672,0.9026963241975954,-9.418728817158636,0.006561616571903378,0.008405926164255716,0.00250678709043626,23.096288990006716,26.47089637683855,28.3197264857814,49.21879422508623,0.2734290781961999,4.028595083730092,28.637073084426206,77.23047820458189,0.0,6.439735268000357,49.44381433703751,1.9884649837089057,9.0
50500,1.0699238665848607,0.008103527480882167,-9.590989500980447,-0.014591804137098315,-0.0063114978251995425,-0.0001096235487416914,25.750766578798807,23.580341832562734,27.376397025087112,49.20597513081898,0.2734290781961999,4.028595083730092,28.63707991593172,77.23049779943993,0.0,6.823656204466971,48.03877337807943,4.659872302629299,6.0
50600,1.1336461008345076,0.4277435266091009,-10.077023321363157,0.00880383115978244,-0.0036030715551657972,-0.018193153911293603,20.024093469967255,24.929616560105323,27.20819934559712,49.216166003749194,0.2734290781961999,4.028595083730092,28.637011418438984,77.2305008679727,0.0,7.1436233204476745,49.82473864078543,2.317135005197926,9.0
50700,1.1500613320985429,0.5236368254252795,-9.65741235143092,0.005007067762436827,-0.0069451488619883235,-0.005353363906914909,25.660141181694957,29.786065739192406,25.35008360652632,49.21668758617088,0.2734290781961999,4.028595083730092,28.63705952347171,77.23050383354715,0.0,7.566386131364804,51.44127852819836,3.7237466666791748,10.0
50800,1.5433519438000092,1.4127401785087836,-9.36162994595563,-0.01880203582365361,-0.0061339677689805005,-0.01035047660192614,22.113559030878474,28.380298271642157,24.502628426348707,49.216524122266485,0.2734290781961999,4.028595083730092,28.637092908353992,77.23047766379861,0.0,7.993808476540048,49.192196978142874,5.266257769461889,10.0
50900,1.4501360669933347,0.8714409003089272,-9.511057531273716,0.01790409748080086,0.033814224632017234,0.004415595849651201,28.0607394550466,25.71765063358399,29.209113611871484,49.214315123659624,0.2734290781961999,4.028595083730092,28.637065613501623,77.23049468865288,0.0,9.234614333468002,50.85817739734631,1.7715405617597169,8.0
51000,1.4921431925810436,0.7782331274126747,-10.106242275944794,0.015959650823872157,0.0011208319959612931,0.01334640920852391,23.536491533985153,27.54276728828746,28.05961858949927,49.218036172739616,0.2734290781961999,4.028595083730092,28.637083121755346,77.23048655978724,0.0,9.62557137130152,46.09698735237184,4.036406138636937,7.0
51100,1.494559452052655,0.20242682968100767,-10.035327564732766,-0.0017277547811600765,0.015312794478318133,-0.0022414099730308744,22.523207765056597,27.44739915840332,30.332598268412504,49.21305248513888,0.2734290781961999,4.028595083730092,28.637095226717737,77.2304698171965,0.0,8.691150809249816,52.680365441488945,1.3856541222990542,11.0
51200,1.4539722893595268,0.7589411008901227,-9.68765393542447,-0.007472520159693077,-0.00540333573550632,-0.000565442133135332,20.483170837521335,26.146918631065706,29.927082829695287,49.217989994251184,0.2734290781961999,4.028595083730092,28.637065118252774,77.23043716180074,0.0,9.613468008548798,46.564183036863525,3.128126496260173,12.0
51300,0.7016517992700295,0.6767192643910745,-9.213652259618149,0.006118959778397242,0.0019446902929425307,0.011017221635984623,20.93331611362773,26.356925892848896,27.70101774367407,49.209037699339966,0.2734290781961999,4.028595083730092,28.637100223220326,77.2305449454596,0.0,10.364174111360267,49.63630649244408,2.0576026374922103,13.0
51400,0.8618370332324234,1.1620221111953979,-9.976843050262783,-0.012506506369147918,0.010449641534077028,-0.002260823400725421,22.690833029056854,26.810716444302745,24.765897603319353,49.19140474462269,0.2734290781961999,4.028595083730092,28.63710562679374,77.2305672019393,0.0,11.226465900009577,46.50936395729192,2.8309985210696014,10.0
51500,1.427516433672816,0.8880577340129207,-9.708606617982499,0.0008739892209238716,0.006660146985271328,0.0243666369762572,22.426768639296615,24.811636802856633,29.187034625579322,49.20402422265612,0.2734290781961999,4.028595083730092,28.637102128194194,77.23050999281527,0.0,10.869061940601263,49.30198742409095,4.061840865348429,9.0
51600,1.799559634477822,1.1375174768367913,-9.67218051694003,-0.007817060091627883,0.005114523504506267,-0.00958052590140014,18.518512627052942,27.492163277383092,31.456445802883557,49.18741144408094,0.2734290781961999,4.028595083730092,28.637106433031192,77.2304451896734,0.0,11.025706971941032,53.58670649147063,3.260195184603006,8.0
51700,1.157301091248296,0.5572237288608011,-9.565685151263043,0.009943675216924644,0.01157649359455611,-0.0038577554075784307,25.71139402601252,29.185736167280105,31.60338242159089,49.174649062489266,0.2734290781961999,4.028595083730092,28.637126053820054,77.23052523651596,0.0,12.024374160075455,50.101816309818226,2.104020055187534,6.0
51800,1.0782506117581092,1.1619488636509647,-9.961823862636875,0.0026230288941860845,-0.0034772358190683908,-0.024310878747027174,22.03670301724761,30.147625451151754,27.21345813087751,49.15721467936972,0.2734290781961999,4.028595083730092,28.637079741331288,77.23050065733693,0.0,12.645584128232214,48.747075022888104,5.3339293093101485,6.0
51900,0.5638656987982036,0.9198168625844851,-9.213386605536007,0.003839346777571395,0.003636421186818197,0.011723961941099217,24.12636083185892,25.61489762768377,29.045042150116497,49.1723829772965,0.2734290781961999,4.028595083730092,28.637082902308805,77.23055836231728,0.0,12.039412610388084,49.24633037411271,4.330968817420386,9.0
52000,1.366842155193554,0.8774841700880112,-9.77809870619153,0.004098756096539282,0.003286329641263461,-0.0035245054547926244,25.00241772845841,24.48405605260904,27.027328387909026,49.1826339148682,0.2734290781961999,4.028595083730092,28.63709658727087,77.2304756778527,0.0,14.094644916292188,49.822774571805446,2.125926490167164,8.0
52100,1.4950589077174763,1.2033586228784856,-10.03448341011272,-0.008654525698896045,0.020859418713877333,0.005180041617120941,24.770915192612566,28.843405127400846,28.605232168903143,49.181162122825846,0.2734290781961999,4.028595083730092,28.637046787858772,77.2304996454176,0.0,13.12304249897128,50.64545476429833,1.7281750946097478,10.0
52200,1.74743391245476,0.5470242391407256,-10.252971876651145,0.005330297649533244,0.0048504334732614686,0.0075499486047874214,25.311833561889106,27.350907809629277,29.78901159214702,49.19774658041294,0.2734290781961999,4.028595083730092,28.637161292660377,77.23055725798952,0.0,14.13503306222984,49.34650310715628,2.687218182081879,6.0
52300,0.9615237452308592,1.3847308880838662,-9.89515508168963,0.0026425279059929287,0.01108639487966456,0.0074427366830581276,20.490574884599656,26.977402477681665,31.45718350217215,49.19518286004981,0.2734290781961999,4.028595083730092,28.637089656175085,77.23050223108456,0.0,15.87542123814664,48.44799200522295,1.707648236089037,10.0
52400,1.0864329112036357,0.765234078629941,-10.24560730318483,0.0014257851805327681,0.005514021038781535,-0.008559505598965074,23.389146900280632,30.376187913967193,27.40293185775539,49.18304972384495,0.2734290781961999,4.028595083730092,28.637138900209564,77.23056253088598,0.0,15.485266298557539,48.50997431469818,0.6629743888129576,7.0
52500,0.7687245609774698,1.0107473373738747,-9.36776059436273,0.006265470811996946,0.007332610027690794,-0.0064922064541202765,20.084421173153565,27.550238752736306,28.100455728143743,49.18147270076579,0.2734290781961999,4.028595083730092,28.6371178308419,77.2305451667763,0.0,16.189162821651912,47.43845174368641,3.150163075038739,9.0
52600,1.8304104117228153,1.2157270043147321,-9.54146321244636,0.019899884639641246,-0.006368500936101845,0.001622298119105949,22.98486130006706,27.28660079429059,28.996068192227323,49.18614823207273,0.2734290781961999,4.028595083730092,28.637116993025742,77.23052573905251,0.0,16.300316445006004,48.103927708214314,4.090485798052006,8.0
52700,1.6754699554538293,0.9304448918133407,-9.479856089831731,0.01716741441163278,0.022997198762651574,0.015084415885715092,25.319534223495587,27.186473854865103,27.071753336322868,49.19024724854679,0.2734290781961999,4.028595083730092,28.637156434639493,77.23055163558958,0.0,17.43062825776443,48.29581797817303,3.6460950397760374,10.0
52800,0.9946302752381498,1.0927106839666738,-9.943823152122848,0.014692485220069353,-0.008069804443473421,0.011354880783993519,24.664373626907786,26.84143714770544,29.315715400769015,49.18736799814569,0.2734290781961999,4.028595083730092,28.63716134885947,77.23052600651889,0.0,16.977825198155507,48.21676364525662,4.637712962249584,8.0
52900,1.4495653285909402,0.7194832469223058,-9.756998863867771,-0.0018192188891084779,0.010605798398529329,-0.0017627053975331779,24.670772646692647,26.336919609015503,30.433034729765627,49.17396545171245,0.2734290781961999,4.028595083730092,28.637153350159153,77.23053473137202,0.0,17.584458744617297,51.405084848194846,1.5102939459407652,6.0
53000,1.6929404312511427,1.2226206611670833,-9.017577312275327,0.011962971273581056,0.01958272785667687,-0.004437828215522,21.99490348595424,29.319619148877806,31.67684749476795,49.17725059532292,0.2734290781961999,4.028595083730092,28.637131450107077,77.23054829651663,0.0,18.19442303750656,46.6844706756674,3.4489497869900427,8.0
53100,1.8291209669373867,0.9376692985890344,-9.636303311075595,0.009489182386604983,0.018474616055788387,-0.01667469759309345,21.89822238087793,25.86776352415958,28.4356480314866,49.178043648065426,0.2734290781961999,4.028595083730092,28.63717059216737,77.2305441891592,0.0,19.466340705342216,53.68994861441527,2.7794521968325303,8.0
53200,1.3973027191225391,0.15854321411967354,-9.81120302823726,0.0030732871905149073,0.006451292743203174,0.006406989425935566,23.532035667524763,29.74999692641804,27.678900237264145,49.17212574331893,0.2734290781961999,4.028595083730092,28.63712607653704,77.2305186011937,0.0,18.94336006773929,48.23779322045062,2.8325079327198344,7.0
53300,1.0799014881831575,1.229460590756918,-10.018893949720622,0.00473901157308474,0.0006489146915672362,-0.004312567514595694,20.372142760134558,22.859368460267028,31.324086254070483,49.18430250690992,0.2734290781961999,4.028595083730092,28.637184300567363,77.23048702635988,0.0,19.57396076423199,44.30364118397566,3.00720468346325,11.0
53400,1.5115110837716166,0.9481205379999494,-9.884050527772116,0.009987887490457769,0.02660996382521263,-0.014967995665574677,25.510587504629054,25.519295379552805,28.332756194685377,49.19510174778687,0.2734290781961999,4.028595083730092,28.637150462496628,77.2305911428566,0.0,20.915862894681126,51.60615717569423,0.852559846087876,7.0
53500,1.101885999430175,0.6630061379239913,-9.626613790712891,-0.012091140485071657,-0.008012824600327598,0.010872341056008771,24.316438220182405,26.965158358129067,26.8808803020086,49.20104420880855,0.2734290781961999,4.028595083730092,28.637136905868143,77.23059995252144,0.0,21.00213701081721,48.053086819842484,1.743251605668732,7.0
53600,0.7065194664847154,1.2987230352099197,-9.975262592694554,-0.008151722869635059,-0.0012268720916973688,0.016151175485642422,23.941697495178445,28.169089087326387,31.207143008358315,49.19512179193544,0.2734290781961999,4.028595083730092,28.637192500949453,77.2305414768049,0.0,21.091498841054456,49.52518766454079,5.745289501463894,9.0
53700,1.4702820147423614,0.8059452457411234,-10.098465936174895,0.016813603120489302,0.0008347669535745889,0.0010228097167127468,17.497074456446764,31.172478078006414,27.574153101079997,49.19350511991223,0.2734290781961999,4.028595083730092,28.63718533280184,77.23057317880235,0.0,21.562890219584457,49.71948926986972,1.056255914531656,10.0
53800,1.3061078805879045,1.047109400491302,-9.56607587490035,-0.010664943728704943,-0.004561883820792942,0.002956230196215288,24.603015264595783,22.859049589094308,28.097847092442194,49.19960112882982,0.2734290781961999,4.028595083730092,28.637144207864957,77.2305917067772,0.0,23.17342455319673,49.71138224374718,2.525871398315569,6.0
53900,2.0097102728068217,1.007034942396405,-9.99414942613433,0.0008347570351769874,0.005360290988243251,-0.007993503060817534,22.89093656829394,29.91875220526873,25.666029033789858,49.19242308669478,0.2734290781961999,4.028595083730092,28.637164663876607,77.23057007799693,0.0,22.419274640950444,48.723101890052426,1.6845334275315733,12.0
54000,1.8870205595912601,1.3973992769177555,-9.586431744087715,0.004142695651291194,-0.014186216750395074,0.0012096916117929168,22.68020058648913,28.246225643313117,29.08320055544584,49.19141923370001,0.2734290781961999,4.028595083730092,28.637139523727914,77.23063329906829,0.0,23.35334024902236,48.884553784149894,2.7038393921174406,13.0
54100,1.3152499338645252,0.47218192957225597,-10.04680584147358,0.014372426171693108,0.004603266621224235,-0.009751959962789377,21.295226598861685,24.650101899601367,29.060219872390963,49.19763681614726,0.2734290781961999,4.028595083730092,28.63713076650394,77.2306075255241,0.0,22.85800947537932,44.87651771491565,0.9099464739383616,12.0
54200,1.4019939457807513,0.32661269573464247,-9.241274596174664,0.019051126251107057,-0.00455461539705787,0.015245680147185577,19.983283966286052,31.15311254045412,28.80870341302541,49.193514875869404,0.2734290781961999,4.028595083730092,28.637138870294013,77.23063675447811,0.0,24.492921573545583,47.76231541585126,2.788854529396705,10.0
54300,1.8234150810348975,0.6668982309442038,-9.596672733235259,0.010461100766779587,0.009906345878517,-0.0059934665562200945,26.340328045943664,27.461333173003247,29.110511882642765,49.18042973503406,0.2734290781961999,4.028595083730092,28.63715941133795,77.23061740973142,0.0,24.93953672396682,51.47520232040805,5.031284742458055,7.0
54400,1.217220858504465,0.7594842443505102,-9.884645361837467,0.012187265315118288,0.017486549945452734,0.0100803391979753,22.33458292625182,28.440972275132776,25.471565110896105,49.16467430179574,0.2734290781961999,4.028595083730092,28.63715512519819,77.23054329073354,0.0,25.84812843086084,48.35700118078783,3.5389980616425634,12.0
54500,1.368032724575734,0.8365628328869147,-9.853098820453905,0.006636732685961671,0.004816205638793501,-0.0045304276846371465,23.839430154532565,22.463125733591973,26.66051547916249,49.15747482717102,0.2734290781961999,4.028595083730092,28.63719411272761,77.23064483508136,0.0,25.669461605589266,47.73001237567179,5.911430961046497,8.0
54600,1.507880570431399,0.9921528234049899,-9.821202382469357,0.0030816810597711214,-0.006579220531195257,0.007486170540551444,22.648847094739033,27.39759594490952,25.33238923827292,49.14204224974101,0.2734290781961999,4.028595083730092,28.63724029586982,77.23060558128817,0.0,25.702661569604093,49.21787145231885,3.8679224462850286,6.0
54700,2.1606899730181413,0.688483326021308,-9.141940221268841,0.01112039332551136,-0.004791332422643396,0.0015411730577292314,24.563470044305483,26.53456749515119,27.139951681571745,49.12018468218707,0.2734290781961999,4.028595083730092,28.637227289598776,77.23063958039731,0.0,27.64681466022303,52.46380492987881,0.2416382245955111,8.0
54800,1.8846908357633723,0.7973755191355248,-9.097323037877574,0.0057597578230489666,0.02034726937419198,-0.007734081699897942,24.39769543895114,24.873527512849297,23.920166125188008,49.125871572543375,0.2734290781961999,4.028595083730092,28.637185377456273,77.23058699523406,0.0,27.418282009918155,51.1205483340097,5.272418700034674,9.0
54900,1.5946985276124168,0.8808466419102249,-9.61559890229233,0.007438394118982782,-0.0020687006641978657,-0.012246212904810932,24.107710592352372,28.216430579139157,28.400169645725946,49.1171476809395,0.2734290781961999,4.028595083730092,28.637211152073036,77.23071577891467,0.0,28.50224361907636,51.93004158988522,1.6215976253015603,10.0
55000,0.7956948618129441,0.8515028486597714,-9.673772086490194,0.011578587901057279,-0.011828157840243183,-0.009097540534422705,24.058688111685118,25.157832011872745,27.15833228782916,49.10945474056454,0.2734290781961999,4.028595083730092,28.637218930025814,77.23063291587249,0.0,28.541005476632456,50.8759628126643,4.589633138866832,10.0
55100,1.0477306726474214,0.4744593116844025,-9.477554138697819,-0.004106918472689377,-0.011238786629846797,-0.004959888459588308,23.542308820811417,27.81635933833477,26.721691716749884,49.11665915524139,0.2734290781961999,4.028595083730092,28.637150737734395,77.2306230795149,0.0,28.860446472695372,49.2019898135839,3.2386248802846174,10.0
55200,1.0898679528884436,0.7962406237975349,-9.077020307499534,0.005105027802387291,-0.0016228991365617226,0.0012857709300847448,18.34722771068427,25.103667363342414,28.707526645659666,49.10240041373166,0.2734290781961999,4.028595083730092,28.637260570988612,77.23070305084815,0.0,29.855024456729225,48.49189743584982,4.0758235632988855,10.0
55300,0.5300729174366942,0.11234616916119666,-10.108278599086292,0.011453962343448625,0.0014877001022569015,0.00350055372158931,23.121009791841473,28.255617816727618,24.77404362666214,49.09914323330356,0.2734290781961999,4.028595083730092,28.63719925180149,77.23064865256345,0.0,30.60652683498814,48.82092330944713,4.416578339252014,13.0
55400,1.4283378388447636,0.9348493399138073,-10.108697085164573,0.014529507967934174,0.013448223521697302,0.014086256741077323,22.310154843497962,29.991149435125212,33.11091269372304,49.09583426903297,0.2734290781961999,4.028595083730092,28.63727650715838,77.23065390288761,0.0,30.132856944756,50.932416861417245,2.410900763308441,7.0
55500,1.8182170902950887,1.0872724699440937,-9.379255765290473,0.019428057397319443,0.004534111475473456,0.0010562169979588991,24.003639881631724,23.385199530698817,26.354250463569226,49.10956449857727,0.2734290781961999,4.028595083730092,28.637209956003787,77.23063066187065,0.0,31.144637207553583,48.956572189992,4.445842537569755,6.0
55600,1.7435414710629338,0.26047179477535,-9.824524872451091,0.0020830007286545,-0.002127511898900848,0.01906441292051561,22.82668855690607,29.54102814911895,26.655582828189004,49.10878824845411,0.2734290781961999,4.028595083730092,28.63721497568939,77.23058993423803,0.0,32.058361514584014,49.73924795838919,4.616611968885532,12.0
55700,0.9989825299794269,0.19527800605000878,-10.201773341576782,0.008630205313991758,-0.005240669915394931,0.005067531626568625,22.33480719284115,26.752278786835742,27.155005098121624,49.1185030172067,0.2734290781961999,4.028595083730092,28.637226559317604,77.23073307288199,0.0,31.69554171194464,50.17760181524415,1.7592586226649674,13.0
55800,0.9483497382617441,0.49052274300288506,-9.831946767555422,0.010345492136011703,-0.006883201270488721,0.004234333537423871,26.94659024363339,26.479697818598662,29.39367941927989,49.12240932143407,0.2734290781961999,4.028595083730092,28.6372517135882,77.23069130397168,0.0,32.3227935131116,43.99839766681303,4.256354056724943,10.0
55900,1.1206977861579706,1.0038675627558242,-9.317653252889896,0.008968396270788034,0.004404131118636808,-0.005318834404430825,22.332647586357467,27.75833492291602,29.13847692588862,49.12130776508537,0.2734290781961999,4.028595083730092,28.637233451633897,77.230719259683,0.0,33.23056498107133,52.241393869717,2.6954908015383547,7.0
56000,0.7243463631818996,0.5709542444956028,-9.60080162541661,-0.011063268205112258,0.012217145185884452,0.0015480422583695485,24.566185227297357,21.7790621743205,23.322357511362192,49.1133416778046,0.2734290781961999,4.028595083730092,28.637291508120303,77.23071980206858,0.0,34.24869070484719,47.541273099025126,1.8115663408951455,10.0
56100,0.9404644439709863,1.6453463481030082,-9.793969176825595,0.0032610710545891127,0.0005736033542726778,-0.009581758803523313,21.884693708298446,23.128059825485117,25.02778183267845,49.1251058914364,0.2734290781961999,4.028595083730092,28.6372221214867,77.23072045533665,0.0,32.9174336171375,44.25276838572939,3.9566001999388174,12.0
56200,1.7818682210673356,1.3007099041570238,-9.681937117669907,-0.017217751188288537,-0.0033240922581480427,0.011618796588626064,21.509700618579753,28.946017354282827,25.97571929229248,49.1318920520021,0.2734290781961999,4.028595083730092,28.637273706125963,77.23071135300323,0.0,33.9728502673445,50.45032089172875,0.5900023368438179,6.0
56300,1.8431003906699768,0.8619260433486468,-9.55400037569902,0.008942257329480084,0.005359661784066194,0.00892836345192,24.89038594541507,23.807928188766386,26.629441335233135,49.131419943576354,0.2734290781961999,4.028595083730092,28.63726735808347,77.23079568297176,0.0,35.38544219238116,52.708973767255145,2.819023424367768,13.0
56400,1.3321183712148401,1.1671671883906074,-9.810648527223277,0.004308194109640548,-0.005725680589613987,-0.0007388585381501748,21.429920157614227,29.261443204683744,25.25744427178579,49.13958512985082,0.2734290781961999,4.028595083730092,28.63725683788332,77.23075493354406,0.0,35.737519827082544,49.7901447419419,3.973600950074681,9.0
56500,1.3158209131489718,0.6960985725444441,-10.12310363773413,-0.02253321390416341,-0.01191449393412224,0.0029734937819648243,23.259432283124145,24.424551593635385,27.954108257635305,49.14032652624338,0.2734290781961999,4.028595083730092,28.637260106594898,77.23073463825946,0.0,35.58887719556793,51.34907945717558,1.4404748451709641,12.0
56600,0.3197322131539339,0.4252376846273049,-9.678919836679784,0.00809763978543527,-0.005338408933235997,0.004737181678555176,22.227131465626123,22.415242559608508,28.842405764965058,49.11275826634038,0.2734290781961999,4.028595083730092,28.637305452081133,77.23078846019116,0.0,36.34763952172083,49.23488200358178,2.9726754951516545,9.0
56700,-0.24266094103185842,1.1123928612002727,-9.560755254203546,0.012022672502831715,0.01484871423106143,-0.009678095113647119,21.743019793415932,23.66284786822513,28.677846351301127,49.0960111361541,0.2734290781961999,4.028595083730092,28.637301239503653,77.23078736908528,0.0,35.34318859003331,47.71608549424862,3.2920478464256058,10.0
56800,0.046531173527813316,0.7453250484947224,-9.507396199029756,0.007652275019379658,0.014402218396371989,0.0009591348857810283,22.677699842527492,29.01303331252609,29.673610157501056,49.09839831041448,0.2734290781961999,4.028595083730092,28.637316414973064,77.230797744567,0.0,36.38338567017232,52.88281100682048,3.6934097311087473,11.0
56900,-0.33221928135435796,0.3436369244189325,-10.082324587169762,-0.009777174447372142,-0.0017735212944890938,0.005699108125191828,20.9876372189453,26.33984906686396,30.687181429111853,49.090353305946515,0.2734290781961999,4.028595083730092,28.637342326964173,77.23077625932457,0.0,36.88512985223633,44.833452962710695,3.1727893712973967,9.0
57000,-0.21987818788963878,1.3611404988418232,-9.714513098665746,-0.0018527415059675905,0.016036371782666158,-0.0013823612497775454,25.455728050511492,26.302512604550003,30.5090910250479,49.09042994289321,0.2734290781961999,4.028595083730092,28.63730089162602,77.23074543775908,0.0,34.90243068906414,49.26566013919862,3.983389036494434,8.0
57100,-0.4181213596116889,0.8237800797551672,-10.274772574413195,0.0034284896669507597,-0.004235450654566903,-0.007529726982840202,26.39484494799263,28.630421586132833,28.390929225276086,49.10125199726766,0.2734290781961999,4.028595083730092,28.637336324922106,77.23077447015822,0.0,36.015959553416685,51.314080300786614,4.019553011192183,8.0
57200,-0.21236424481943597,-0.02022768181159673,-9.614033289758403,0.014634090176071597,0.0009716203632667208,0.001984668915466307,22.80645454669331,24.850456268544182,32.75206513463334,49.100066735163196,0.2734290781961999,4.028595083730092,28.637356582014238,77.23084780323337,0.0,36.62932065429172,48.849359834942774,3.088839760691264,12.0
57300,-0.18212171783905634,0.9254174438240925,-9.465567925564617,0.007493116538479168,0.00010790396911639945,-0.01003857068201027,19.18607476863663,28.45591984751303,32.71731854021731,49.115036774446075,0.2734290781961999,4.028595083730092,28.637339544428432,77.23085166276098,0.0,35.92936927438065,48.37455737265505,4.071683099177422,11.0
57400,0.4380287857779721,0.419108035036171,-9.61898200497336,0.015334788864285635,0.010086416717407731,0.019086941546762604,24.376329321718366,23.41992093429878,29.696855239408542,49.12206562879536,0.2734290781961999,4.028595083730092,28.6373989065458,77.23081664416517,0.0,37.083488769173805,52.47741727984917,2.555367374883372,10.0
57500,-0.22465476257572206,0.7566621525747038,-9.948180688671375,-0.006558667501974927,0.019246008044262797,-0.004788634769041089,22.62327306538682,27.386832123737015,27.009628781201474,49.132649535028854,0.2734290781961999,4.028595083730092,28.637370283479623,77.23088434735038,0.0,35.78079228294665,49.41660805067969,1.304141510990685,9.0
57600,-0.4334493796030183,0.7072595124044703,-9.82511029313129,-0.0075117200292361885,-0.0016263929503716407,0.00032315678274408787,19.46981845481305,28.99457803342978,28.514840306919574,49.116276219003645,0.2734290781961999,4.028595083730092,28.637346686699644,77.2308620771603,0.0,35.32841824579505,48.7672958934367,2.6192438001298313,12.0
57700,0.13473777342552257,0.5923458917544012,-9.862873901192135,0.011670716015239752,0.0066037733201144665,-0.012618199691164561,26.745261698885184,27.861646009635574,29.627851798413936,49.10917848003247,0.2734290781961999,4.028595083730092,28.63738352384559,77.23082499321323,0.0,36.706290353253294,48.26785033141883,2.4022872839554292,6.0
57800,0.06409924111718149,0.39497464293075774,-9.41039370217823,0.020335970965892566,0.009001776125628861,-0.007419654829538852,24.41460999601312,24.5531919859278,28.940966737217863,49.11790772788446,0.2734290781961999,4.028595083730092,28.637367811298066,77.2308576663173,0.0,35.76393786018091,50.186552876296126,3.1186652857112023,11.0
57900,-0.38162397912404955,0.6639243463834347,-9.848407344123817,-0.011857327003821447,0.009922177310483973,-0.010087683805534972,19.246752218764343,25.182306814653487,27.501336095245424,49.1077355221645,0.2734290781961999,4.028595083730092,28.63739759057469,77.23086844698824,0.0,35.76792134995011,50.8428729168754,3.7582679379995283,6.0
58000,-0.2041028149510027,0.2503118691240738,-10.06506871683699,0.002099644774255838,0.001398118387409004,0.011529821060484145,22.78731286857687,29.706790829560983,29.176137844506226,49.10468564152531,0.2734290781961999,4.028595083730092,28.637323170354975,77.23089215283494,0.0,36.08295125749744,48.583535797765315,1.635424914256829,6.0
58100,0.13827601933879557,0.8140278533126577,-9.59792183163426,0.0035103619401834867,-0.002238115658123677,0.00028098565560078924,23.14022938917244,23.255417512416166,29.15770790396197,49.10383066052865,0.2734290781961999,4.028595083730092,28.637379177926757,77.23089944264032,0.0,35.94663166266922,47.013116891880294,4.2955301743331304,12.0
58200,-0.3396056777772903,0.877220839173265,-9.342935824579406,0.00832382728770345,-0.003984167718059493,0.01813793889321233,24.4209889233924,27.699535968229572,25.245779732170412,49.10544620396899,0.2734290781961999,4.028595083730092,28.637398703264548,77.23086775247255,0.0,36.21714525822304,48.34448416659849,3.6249105825100516,12.0
58300,-0.2817888328939566,0.15551041447977226,-9.707726045480934,0.004154654205017704,0.015579024162173528,0.005693422191741385,23.485491868513325,25.97066033173731,32.31741125598383,49.12375432814972,0.2734290781961999,4.028595083730092,28.63744118494724,77.23088297626168,0.0,36.05257259617762,47.93916477431299,3.0747124102930563,11.0
58400,-0.5380115038188823,0.6679065216306943,-9.801752676509338,0.002364652016866598,-0.0020893902935245415,0.011435157205926074,22.573876278644395,25.35445635176985,27.171249543929406,49.12401817608095,0.2734290781961999,4.028595083730092,28.637404626761615,77.23088993736978,0.0,35.54869221235441,50.16395654738246,2.538876916098822,11.0
58500,0.5169616824749523,0.4081018550906321,-10.100571242743577,0.00453496289131484,0.006626646989199974,0.009641865903006532,23.07739144565418,26.19257147949909,29.663752591495363,49.13757810455462,0.2734290781961999,4.028595083730092,28.637342787587947,77.23094003012876,0.0,35.50978290534309,51.546701765574596,7.248891004423271,8.0
58600,-0.01803057090646399,0.4512374794990024,-9.854110058149404,0.010260917825438663,0.01189440469599894,-0.015403440810923125,22.480089586789678,27.422409991020363,23.825701622004598,49.12074354291136,0.2734290781961999,4.028595083730092,28.637424796411615,77.23093184319134,0.0,36.401477628947674,50.59006626026082,0.4265856046639427,10.0
58700,-0.5747205105010533,0.5895268388707515,-9.493825092381948,-0.004636482664732611,0.01662874464883953,0.00774951901328255,22.46856665226343,24.672885080871914,30.906208396519137,49.12062390156958,0.2734290781961999,4.028595083730092,28.63747050357776,77.23098661821034,0.0,36.39791870452285,47.88451641798446,1.797864379576283,10.0
58800,-0.16587435714640836,1.060477954876331,-9.85752974025515,-0.001544981729062169,-0.006325193029370208,-9.890395050883138e-05,26.115522684319515,24.893502371364864,25.864593087488387,49.127995189027644,0.2734290781961999,4.028595083730092,28.63742903124441,77.23096376119216,0.0,36.19708480647718,49.80424974646628,4.504679762373299,10.0
58900,0.01528892398957045,0.5757813843571757,-9.50253740249772,-0.013535714689675762,0.008329665134517411,-0.012664117838090622,23.134791090892563,25.744896008690755,28.163141334618384,49.138180394689755,0.2734290781961999,4.028595083730092,28.63745558305619,77.23094685599352,0.0,36.128700498669566,49.627368240448305,3.699016314657294,10.0
59000,-0.48345888327844244,0.1555942128505997,-9.60916420858029,-0.0027452842461731138,0.009145020666195356,-0.0038653762860210313,23.742742321958488,26.81810471940339,26.691842231475796,49.12375265974734,0.2734290781961999,4.028595083730092,28.637389921496975,77.23090549001489,0.0,36.666820022266,51.27905594633268,3.371876415620699,7.0
59100,0.12305884210150297,0.7599992233081388,-9.524377855441037,0.0030850017117368365,0.006177636786857798,-0.00217566977058466,21.25356680191261,24.011032704622657,27.981352901605757,49.12602985069247,0.2734290781961999,4.028595083730092,28.637428068376387,77.23092926381646,0.0,36.16010294000939,47.691480597346505,2.119857744329966,7.0
59200,0.19635361893708064,-0.04708268890578615,-9.608595303814875,-0.0005714876787828223,0.01646978954674944,-0.003023862713844729,22.601616903903636,25.568267393465106,28.237236053402448,49.12364481061746,0.2734290781961999,4.028595083730092,28.63743745941036,77.23095699882688,0.0,35.27039635693952,53.61346165330809,2.680608638287587,9.0
59300,0.8112785847148846,0.4922119161178594,-9.290521764049085,0.019687003375610846,0.009852518426552931,-0.009684233119003169,26.47669319978371,25.12185527712566,29.304962582361036,49.12197744844903,0.2734290781961999,4.028595083730092,28.637432526588416,77.23099491083221,0.0,36.16764637021584,45.13156062643199,1.9501663483983522,12.0
59400,0.42039732063262836,0.598458037727919,-9.390411927314311,0.0011735862688899844,0.01177274096076056,0.0022966105451887476,21.305001278260026,26.61779755012168,28.43238169037279,49.13146177289937,0.2734290781961999,4.028595083730092,28.637485826793096,77.23094855652263,0.0,36.0191039614057,48.76933893468624,4.788903716048198,13.0
59500,-0.0046830809966955204,0.5011629713507817,-9.41544234268233,-0.006990259223569784,0.005339238855906734,0.00947363304090436,25.662935560779342,24.879396800089403,29.450633858031107,49.130232324711116,0.2734290781961999,4.028595083730092,28.637500110877806,77.23100018656766,0.0,36.159716740126264,55.72016750580905,4.064312102029704,12.0
59600,0.06594105781319544,0.7656238578956293,-10.253496458699068,0.027340023306691136,0.004592841735150243,-0.011674999782667606,24.321222364743118,28.503369697381363,29.01208167050517,49.13937844529496,0.2734290781961999,4.028595083730092,28.63747798282541,77.23099631945178,0.0,36.71939134590207,48.08226039874663,2.9205111526826553,6.0
59700,0.46646447476902486,0.7534972692791855,-9.222695299844661,0.0030176019904126234,0.011944489696339017,0.0025958482609886,21.698923967323758,26.3338904917018,27.08724428180531,49.14898366390551,0.2734290781961999,4.028595083730092,28.637467155936935,77.23098190420508,0.0,36.87853300651503,48.113621935505,3.408364721469,13.0
59800,-0.3570305534134392,0.6464885992655266,-9.54933645233226,-0.003403226374799899,0.004386344613443886,-0.016758052833900243,24.37361287589468,24.1568401489924,30.041430378518733,49.13934770002444,0.2734290781961999,4.028595083730092,28.637503525744652,77.2309682831422,0.0,35.843621133034446,47.82968034369631,1.0492778011756805,7.0
59900,0.30682177515703557,0.6227797278730026,-10.358608513003873,0.02122636694210705,-0.0076547006751099865,0.009211109672095546,22.048573506767333,27.784119409940132,31.58850581431929,49.121759008521884,0.2734290781961999,4.028595083730092,28.637529777348327,77.23102002718161,0.0,35.78235290054561,51.249064643285465,4.7322495397377695,6.0
60000,0.012449506637036721,0.45410413238000435,-10.030712641442246,0.015195624250146252,0.004782779428808665,0.002076423722816731,25.05986035240874,25.18925479453555,28.86632229446582,49.11685004816826,0.2734290781961999,4.028595083730092,28.637476034966177,77.23100491209915,0.0,36.16410536775054,49.81587979718896,1.9719797412598155,9.0
60100,0.22406163941405804,0.3242873177327885,-9.952827575434625,0.00578450210232035,0.003820465795051795,0.013460851731782634,23.89269362878045,26.92540436500985,24.28179064125251,49.11596177387508,0.2734290781961999,4.028595083730092,28.63747052089674,77.23103469840986,0.0,36.01789940303893,45.64894828799409,0.767630682807892,13.0
60200,-0.24449437407742228,0.6699909800097135,-9.717532843385722,-0.006960428243326441,0.009140737387910025,0.008146077402403267,25.849943550606007,28.867422276211823,26.35989584467194,49.11528889495187,0.2734290781961999,4.028595083730092,28.637455193066405,77.23099988450541,0.0,35.26555787409181,49.96934848825195,0.6716349575261966,7.0
60300,-0.013285645614417363,0.7261600426568335,-10.006040995955399,0.007121701515772798,-0.020010637107416195,-0.006447594051475261,23.31380027618034,26.494024832607735,28.807935580582402,49.11863174357811,0.2734290781961999,4.028595083730092,28.637499424425435,77.23104917096126,0.0,36.31727311022616,49.00523522828116,5.138441117547569,13.0
60400,-0.05473904526594267,1.2565241649271743,-9.97614690620352,0.0006385535414425644,0.0016382799005237245,0.008418814856889863,20.74953452285234,29.055051045409446,24.44309037545365,49.12316999137761,0.2734290781961999,4.028595083730092,28.63752712110093,77.23101315441498,0.0,35.956849668396366,49.87086367049159,4.380998582533817,9.0
60500,-0.011100846717143752,1.211292518822594,-9.92774624119035,-0.0040916716042793755,0.02248974318975119,0.004801172572791248,20.051224707388016,27.675685092430296,28.582039347523423,49.12971664381875,0.2734290781961999,4.028595083730092,28.637503828693173,77.23107830101398,0.0,35.76072494261475,46.48213909296476,4.356669180301342,9.0
60600,0.1439575775975216,0.6963284953765315,-9.721821050961722,0.008506029279635704,0.0067170823073206196,0.004330973930218536,23.006981039982307,28.702170369604698,29.55627556249553,49.13166929128559,0.2734290781961999,4.028595083730092,28.63751406220191,77.2311177898648,0.0,36.095744881673326,45.166179780286086,2.331312045068478,13.0
60700,-0.010656646597056604,0.26851025271386975,-10.054307581332202,-0.004960400608349015,0.0001001647251387865,-0.02098569072019029,20.188815897051402,26.187182512146595,28.878616817093242,49.14057594726648,0.2734290781961999,4.028595083730092,28.637570621464793,77.23112540708142,0.0,36.708161095255036,48.77766253193781,3.5365862448782615,12.0
60800,-0.2757667355986918,0.827532723284025,-10.026603382361262,0.0049258910313457315,0.007288164352647272,0.012765707704003322,23.296025103721448,23.91711216633055,26.248406264694257,49.14077368460223,0.2734290781961999,4.028595083730092,28.637535105724776,77.23108459942651,0.0,35.62363179734206,48.085919075533354,3.8298628867309192,12.0
60900,0.18719671959232453,0.8854389872467239,-9.26946309017005,0.022531105721491987,0.011835746901345798,-0.022669196376195844,20.877562847241407,29.484501823240656,29.8609822072169,49.14119640845973,0.2734290781961999,4.028595083730092,28.637530338179573,77.2310595962491,0.0,36.19538261256351,47.405572884138714,2.268353715721264,11.0
61000,0.23515628272458294,0.11119388806623776,-9.613600494534245,0.016026549331466137,0.012462268679015617,0.012592628781529648,25.542519757036718,28.329306182071317,27.028019173167117,49.13988566772329,0.2734290781961999,4.028595083730092,28.63754625576713,77.23110292586736,0.0,36.15707948478187,48.22418725710074,1.6036061637727457,8.0
61100,0.04537204372715624,1.1041618131751538,-9.57081302593717,0.012698220292228883,0.015152417426541644,0.0044863479210143645,19.730834974127593,26.080842445085736,27.224834976284928,49.12832580945223,0.2734290781961999,4.028595083730092,28.637547332489653,77.23112219748207,0.0,34.877554426978584,48.0614072690344,3.5124120620271158,12.0
61200,-0.20080357509466268,0.10869691186036945,-9.645062264027265,0.004712759618466071,0.008526752726762048,0.001791538394714336,23.83955356074522,25.598984448090548,22.63230509639326,49.12405028358989,0.2734290781961999,4.028595083730092,28.637573263569156,77.23108843541509,0.0,35.918252540203646,50.09615423933787,4.105894388249622,9.0
61300,0.4058262800580784,0.5709650356320418,-9.754918476570253,0.01741341031209601,-0.005067950727343473,0.00608056564706422,20.895046873401128,24.76333416636435,30.92761285190715,49.124040143240784,0.2734290781961999,4.028595083730092,28.637571304857,77.23112526051574,0.0,36.32064565603259,47.196390126729604,2.512227904164025,9.0
61400,0.3338987066927881,0.6769884651497625,-9.49756172794269,0.007052179660743292,0.006074595772757238,0.0029915748472398676,25.763171954757695,29.48187864415225,28.42502463256229,49.12920798718022,0.2734290781961999,4.028595083730092,28.63757926133079,77.2310833710718,0.0,36.2253186299395,47.88187318801552,1.029588483128705,8.0
61500,-0.18507482492020652,0.8405179217931136,-9.813700628786938,0.025323935538072554,-0.002576607007933436,-0.020287514733033293,23.44383985954416,25.083723945287318,26.888989837235087,49.127095590212036,0.2734290781961999,4.028595083730092,28.637547027618584,77.2311136525899,0.0,35.72941735246582,49.12523958768323,3.784452663256686,13.0
61600,0.34702142988751705,0.8266495510366283,-9.993839188802898,0.005924378588439252,-0.0007311151612849221,0.024162249955378665,22.267866599433187,26.04311783289717,29.47250744032436,49.126171140282445,0.2734290781961999,4.028595083730092,28.63761972314435,77.23115880402669,0.0,35.44730414530433,49.06011035648055,4.9564167848571685,9.0
61700,-0.2656827891537152,0.5267797970699325,-9.717427219617084,0.006489390552342159,0.008067352082345183,0.0006214091126845356,23.994229586287634,25.86606578840114,30.570452182762086,49.12788034367742,0.2734290781961999,4.028595083730092,28.637579671348668,77.23117391197411,0.0,36.28829526377829,48.34515598990476,4.3648335838005865,7.0
61800,0.43536057115183074,0.6953916001697704,-9.6783190756229,-0.0031887145622746466,0.008318202463475123,0.018682312203182293,22.35790037476198,27.21200206543298,24.384740182028924,49.13134637881774,0.2734290781961999,4.028595083730092,28.63759063120825,77.23119063121422,0.0,36.223111902869206,50.66801520816172,3.4855754358460382,6.0
61900,-0.07978008081457288,0.5660789217067532,-10.04116603352951,0.009837248681658103,0.002559155827076992,0.009357267528183902,25.279578254320548,26.73690967643206,28.49352136393166,49.141306907745424,0.2734290781961999,4.028595083730092,28.637609955648273,77.23117482138525,0.0,35.97948640691555,49.219905083917986,3.1859137647048765,11.0
62000,-0.48937016163822866,0.04595430233103537,-9.630892633400629,-0.0009147331337071062,0.003163513964918432,-0.00882637543744743,20.836633968941463,26.584141602629636,28.889614343659126,49.15377941439785,0.2734290781961999,4.028595083730092,28.637574376304404,77.23122417927317,0.0,35.99690479692122,51.04945463368795,3.31709515119859,10.0
62100,-0.0637723165678911,0.5572133237933197,-9.518178123704184,0.002872179174736778,0.005129414341241463,0.0023412467052089897,19.74369733803488,26.310307958175123,30.96209756265273,49.15333203860505,0.2734290781961999,4.028595083730092,28.63764616462275,77.23122754176796,0.0,35.8138963345083,48.5973043658793,1.1001705512942428,8.0
62200,0.4902455405950583,0.6235294157470512,-9.180951567603378,-0.005427559035403572,-0.010583369124432584,-0.029662060736977438,18.998608881533755,26.49908655002168,30.964187914502254,49.14629499188211,0.2734290781961999,4.028595083730092,28.637627334747243,77.23120569118488,0.0,36.61386617417489,50.95557901386054,0.6318863798518968,8.0
62300,0.10574197276667699,0.4190055686695948,-9.565612507261836,0.005531113675980722,0.017752258773872667,-0.003979128013116449,23.265616590337647,25.298319929118314,25.74170758171526,49.15573578363156,0.2734290781961999,4.028595083730092,28.63764020761833,77.23120593519242,0.0,36.321443578125006,51.318353223273576,3.101164175058989,11.0
62400,0.10033145169711004,0.7932508423376297,-10.288041251202296,0.0071849069551524775,0.02232312732981742,-0.009381968149999916,26.067822610397688,25.669346072345203,32.75532515634059,49.1350522798011,0.2734290781961999,4.028595083730092,28.637619583685083,77.23123173624478,0.0,35.305589990233244,48.44236738680826,4.11906469245933,7.0
62500,0.0271963855276292,0.38217864822490805,-9.42325476746782,0.0037984072246851942,0.029150451798681254,0.0008644660367315682,16.78587874475175,24.555070001757695,28.145187754213588,49.11769062566032,0.2734290781961999,4.028595083730092,28.63766664119224,77.23122838230053,0.0,36.600094146301004,45.44049540511439,2.4650931758909485,8.0
62600,0.11092105547244163,0.6825848047976736,-9.834256568552652,0.013959979748294552,-0.014162275543616036,-0.009739906062537515,22.753975546908233,25.826345341827363,27.61983824531747,49.12103012110352,0.2734290781961999,4.028595083730092,28.637642072003416,77.23123465041435,0.0,35.52891304106613,48.96188450594261,3.6637587581186724,7.0
62700,0.684317568399054,0.3235798958487176,-9.569784614366135,-0.008149026557322733,0.01938958675459107,0.006590508025429196,23.155738735535195,23.301103566011054,25.079430842228245,49.122689379589396,0.2734290781961999,4.028595083730092,28.63767235324697,77.23125098491965,0.0,36.42234813775054,50.09646957986011,4.632476468833479,13.0
62800,0.18252530588976462,0.28015434236573916,-9.59757278706468,-0.014670967093018936,0.0017032179075834111,-0.0031047093457816075,23.997722189047195,26.46753075537924,27.337979543066858,49.102561900743474,0.2734290781961999,4.028595083730092,28.637721751723586,77.2312685638274,0.0,35.80270919405545,47.49064959678713,3.943391769749761,7.0
62900,-0.2613288627659729,0.8207042148777143,-9.384124213290873,0.015162726244318653,0.0100564381525672,0.007758141574615303,25.44117563362321,23.729026058885783,26.809079530553788,49.092345491677975,0.2734290781961999,4.028595083730092,28.637635986138857,77.23126072302048,0.0,36.2296615398767,48.99249600495359,6.8895991084598895,12.0
63000,-0.008660738576774586,0.830214773633731,-9.835702572166946,0.02172539025815799,0.010923771091623877,0.01194580847009211,21.554901458781277,31.040838366814935,28.87480079434433,49.09919498111236,0.2734290781961999,4.028595083730092,28.63765211783123,77.23127535669028,0.0,36.361272256423455,49.09524762132986,2.360761797031249,6.0
63100,0.07254724803590935,0.4449438104857941,-9.38279648687559,-0.01586535075674753,0.008445023834256783,0.00490464799709832,23.02026597947084,27.316922686583702,28.96816738711499,49.11213935735891,0.2734290781961999,4.028595083730092,28.63765763891986,77.23127734321872,0.0,35.56383934564973,49.85303359861983,4.6891609556031995,10.0
63200,-0.11270624266167732,0.4124385611948158,-9.322700387141863,0.012441895280684833,0.0024119662219381464,-0.01543515883664901,25.019060712390765,24.851316697250542,25.668830125917662,49.10602193352868,0.2734290781961999,4.028595083730092,28.63762163349788,77.23126029599305,0.0,36.633829520636226,51.40217371540057,2.6542668255781487,8.0
63300,-0.2663898518138711,0.3642215726864512,-10.458380243847468,0.027876254489259965,0.0019195259778300102,0.007011091006325666,22.203732471115533,28.790961664777285,28.62919550529291,49.102955424909574,0.2734290781961999,4.028595083730092,28.637739182789918,77.23129988845533,0.0,35.727735103482814,48.66973569314694,1.8764534855452446,12.0
63400,0.0015196789877738454,1.0641107422893563,-9.755497574154427,-0.009877719112655566,0.010463310669248008,0.001287776678306979,23.096743887646664,23.282781008229666,27.62757242504337,49.091625933971876,0.2734290781961999,4.028595083730092,28.637698449658227,77.23128897959896,0.0,36.18749893947229,48.03398712780645,1.8540988656082322,11.0
63500,0.21618138588743815,0.7139000820327197,-9.788741621200826,0.004722398844772794,-0.01500576756088249,0.0022145096514413903,22.281038976025624,23.76884919560103,23.70626116956452,49.10232380017579,0.2734290781961999,4.028595083730092,28.63765927192805,77.23130508523018,0.0,36.91963389846824,45.26423598440483,2.424829060937816,6.0
63600,0.022131348399605538,0.7372715862645902,-9.097951966281508,-0.0002842134814813905,0.014279183182291807,0.01018040660727478,23.276502948282115,26.990786439959262,31.77712987112018,49.095034580032014,0.2734290781961999,4.028595083730092,28.63769305006876,77.23130441166778,0.0,35.648906664226246,47.49768313024689,4.261437786427898,12.0
63700,0.42604032547637444,0.5037760743741782,-9.249255048814085,-0.005135947336463389,0.018401296763286952,0.00923495653674172,23.548278551909867,29.449654206640474,29.1029301714639,49.08554153788654,0.2734290781961999,4.028595083730092,28.63771320278126,77.23131910058527,0.0,36.265977819897195,49.351001376104534,5.12381036358138,13.0
63800,-0.15368859405903823,0.8942984645655896,-9.56260325823133,-0.013215540499076344,0.013944892051504999,2.826524844768319e-05,21.635658389765272,25.56914020721651,29.294018981984994,49.08897987358884,0.2734290781961999,4.028595083730092,28.637757147500427,77.23129917715245,0.0,36.44051363628978,48.49727854796801,0.8444097395189889,12.0
63900,-0.32171677849666014,0.6793425249140493,-9.539236052558298,-0.019859961871030545,0.028847777220453074,0.008029756551381122,19.756846558343486,26.383058384071994,30.06676932663595,49.08992744604774,0.2734290781961999,4.028595083730092,28.637726418740534,77.23134474256693,0.0,36.55129009084803,50.62658867901723,2.0929968363377824,9.0
64000,0.09226940258305205,0.699568472964565,-9.884427868935811,-0.0129726034778497,0.017821216669307218,-0.00908714294264796,26.35050561191881,25.37775503433343,28.891240020316232,49.08934512031454,0.2734290781961999,4.028595083730092,28.63776558035713,77.23126535259243,0.0,36.04656378387238,45.50514134738288,0.390630579837028,12.0
64100,-0.5975037513522854,1.2863981086608984,-9.610659813879494,2.8541610088556914e-05,0.007756390483621797,-0.003069660687656159,23.84689866942243,25.68206024812923,28.439898710889715,49.08292623227849,0.2734290781961999,4.028595083730092,28.63770500250099,77.23127654314764,0.0,36.418814952079735,47.822387899613226,3.738480485045131,11.0
64200,0.35018407824040143,-0.005553761413178426,-9.323086335746012,-0.006634922172517617,-0.00023647475433534026,0.011636280186786068,23.341266548906834,22.509618003654886,30.35427083650772,49.08632632681029,0.2734290781961999,4.028595083730092,28.637772322514053,77.2313633904264,0.0,36.828941716972224,49.58712559781263,3.3548180565820136,10.0
64300,-0.4600392932680445,0.7601154826906398,-9.571978915265019,-0.003089239892351274,0.005521561582652396,0.008453611359733333,19.9415967370834,27.004139187894683,30.783737984760194,49.09479961207097,0.2734290781961999,4.028595083730092,28.637743495571616,77.23138559432951,0.0,36.58044167868068,48.124483118140446,0.7207442689933874,13.0
64400,-0.5513157843758567,-0.3065220337601935,-9.896226236311794,0.009974062411824015,0.00037953035661830725,0.0194934435003269,21.954717102659416,26.881367260638633,30.908911684530928,49.106932028572054,0.2734290781961999,4.028595083730092,28.637727791883805,77.23139430797596,0.0,35.803977274946156,50.79946736056659,1.637687308142585,10.0
64500,0.12762861617660046,0.5982025954271195,-9.77096021429002,0.0008093651063194327,0.0036593782063213767,0.012357027724548643,26.408464257743923,29.52339742223945,30.426419436450264,49.108615724199886,0.2734290781961999,4.028595083730092,28.637778788412326,77.23134672706963,0.0,35.65934495831104,49.407445638005946,3.2798774840451475,13.0
64600,-0.3478231519781738,0.6619783081413019,-9.864202494593576,-0.0019894168158436235,-0.009849853557868691,-0.02043299939605642,23.70846882761354,24.076967618470796,30.711003381342426,49.10338383406366,0.2734290781961999,4.028595083730092,28.63775778487964,77.23135030469365,0.0,35.44542497621276,48.75998218453588,0.9318414451897183,7.0
64700,0.2606661651580183,0.16507290308055272,-9.97572984165511,-0.00127862230200593,0.0004598876831276256,0.01769701452422024,24.537058232288235,28.933504156261577,26.271619233163953,49.088861210928705,0.2734290781961999,4.028595083730092,28.63778709933679,77.23137728154832,0.0,36.37400521894287,51.809143687218,3.523676067783388,8.0
64800,0.05380496794293141,0.8040069757135482,-9.491661248209176,-0.0002394820286058478,-0.0011460193646050934,-0.011335133104257756,20.84476149625095,28.683799697529484,26.436985435478448,49.09057512148747,0.2734290781961999,4.028595083730092,28.63779494615589,77.23141658728795,0.0,36.159347292408086,47.766608630846875,1.1404187540748882,6.0
64900,0.729578642389333,0.1891546085425166,-9.330475231418232,0.010953962874580532,-0.004634502809140697,-0.004958782519859433,25.144942901644527,27.359903272745942,28.119814483008664,49.09062376888342,0.2734290781961999,4.028595083730092,28.63776168693479,77.23141604331441,0.0,36.13998616446914,48.79125447862658,1.2824036787154953,11.0
65000,-0.458854755227015,1.182370099415567,-9.481696888770173,0.005474021533800547,-0.014308009405653847,0.002158215535849206,20.251003257324786,22.213023573322047,28.866845944573452,49.11207890454697,0.2734290781961999,4.028595083730092,28.637785283853418,77.2314048660691,0.0,36.130654592424456,50.946090477752726,1.2459537822352946,11.0
65100,0.018016805833497032,0.884241011204792,-9.560218359434929,0.0031614405097141786,-0.014684169509905115,-0.012057568049738801,24.421376920552134,25.395527556536518,28.80852003967004,49.09953375320765,0.2734290781961999,4.028595083730092,28.637798794157074,77.23143919938336,0.0,35.51845584340377,51.86354016474576,7.055454425380852,11.0
65200,-0.0274081020836896,0.8962681602062095,-9.40994993385182,-0.01568649895058861,-0.011342787912287475,0.004359129614235683,24.04348515306416,24.34069536460472,30.02937291307037,49.08827434395102,0.2734290781961999,4.028595083730092,28.63785296704787,77.23146937336992,0.0,36.23654330161709,48.72792814717058,2.195831761818345,7.0
65300,1.2286243365022913,0.9304165107122655,-9.666882039064067,0.01299144538997524,0.0028337047725117684,-0.013036412897623494,19.94940281872751,28.011252201114278,26.435834381208153,49.08826665932317,0.2734290781961999,4.028595083730092,28.63780576931311,77.23141400184755,0.0,36.14404965221087,47.66927685557088,4.219542118413074,11.0
65400,1.111202034091061,0.5992726186505741,-9.590664852763373,-0.015696744750732645,-0.0010393660662552928,-0.002786358807144743,20.726609795637977,25.419012953491652,24.94555662506718,49.081659110006306,0.2734290781961999,4.028595083730092,28.637780241171548,77.23144263291275,0.0,36.742989030377146,48.78157194673888,3.110955142524221,6.0
65500,0.437131837083171,0.9843275051545545,-9.445549206139246,-0.015748017291281606,0.006988056400756645,0.008306350596950781,20.732359738088995,26.44386692054196,27.505918051287722,49.08113798915846,0.2734290781961999,4.028595083730092,28.637824408487575,77.23151893967896,0.0,37.91865227115919,52.01593775222071,4.75363304168789,10.0
65600,-0.14433198111373385,0.41573169049433256,-9.79661764864903,-0.00016253505062686826,0.002623953532767684,-0.009190224869160381,23.05616740909232,27.154872096500778,27.303628641383067,49.09442975726606,0.2734290781961999,4.028595083730092,28.63779207453367,77.23146315359654,0.0,37.68665814570311,50.687990254022495,2.9729842792651993,13.0
65700,0.3139406156410666,0.580610472306588,-9.794160092807733,-0.004741901925285871,0.008589994168778474,-0.0027170985316198647,23.748318820819968,25.82331854300272,32.67626752230539,49.0939180886255,0.2734290781961999,4.028595083730092,28.63783080899557,77.23142909123335,0.0,37.18233095774587,49.83431771077407,3.730168731548534,6.0
65800,0.21865224565248387,-0.7726576727988306,-9.766560303211312,0.023927145260703934,-0.004124267208195544,-0.11043301091546046,23.054574062519894,26.219396769585625,32.08786545143838,49.091862320137416,0.2734290781961999,4.028595083730092,28.63783842815584,77.23152215894522,0.0,37.56546959772069,50.360523308950974,1.6907278639420646,12.0
65900,0.20096935228914056,-1.1996926884139822,-9.655469230008174,0.00451816184379668,0.008173884537100076,-0.23228930346045876,27.27051028003998,24.868936832539575,30.28408556454381,47.74246428995206,0.2734290781961999,4.028595083730092,28.637815071420953,77.23146297002806,0.0,37.41154612765949,47.008949949092525,3.421077180799673,7.0
66000,-0.12091513440554696,-1.4156491858452194,-9.318507978267782,0.0011957753570916397,-0.0005637474875185922,-0.2500658870340543,24.024859037482056,26.7798678002515,26.19033400929811,46.424009815102856,0.2734290781961999,4.028595083730092,28.63782526736548,77.2315058893357,0.0,36.616298413027636,43.12921975089601,6.196685935078786,12.0
66100,-0.008900256654312821,-1.475672945822158,-10.07272044449329,0.001267447214351004,0.0009575309711330037,-0.2403994980633917,25.478124931376026,26.976081725474074,25.13562653555225,45.08512253496354,0.2734290781961999,4.028595083730092,28.637868731824263,77.23148347457675,0.0,37.60499229467015,45.7920965941335,4.210773483894835,13.0
66200,0.05974117143205554,-1.5745898610673479,-9.64713565239517,0.02029053258545044,0.011389110136141196,-0.23579369929722435,25.12152358347575,26.989918621319067,27.446252195808693,43.74354769098391,0.2734290781961999,4.028595083730092,28.637816920550012,77.23152272159582,0.0,36.680004819737256,45.092511056462044,3.581334113890539,13.0
66300,-0.20315312821568032,-2.1457397018213658,-9.906988384928026,0.004171844643936151,-0.0014141029181728593,-0.24615038141608953,23.13790222601536,25.302328233983385,24.701336401205545,42.392611881145825,0.2734290781961999,4.028595083730092,28.637881143654447,77.23149844147875,0.0,36.691160772649766,44.0502823073613,3.108594971545936,8.0
66400,0.4244817110109897,-1.2181345191578792,-10.040360424109808,-0.005223578858555616,0.02230122980083106,-0.23816221931109854,24.617515657416234,24.819330032042785,24.203268279000937,41.060620331382516,0.2734290781961999,4.028595083730092,28.63789890998683,77.23149419399955,0.0,38.216151332909405,43.35857875901443,1.7544829644975768,13.0
66500,0.14208353758697123,-2.312744881649934,-9.8209984990975,-0.00831457136211292,0.004247776158224689,-0.2502865172420744,26.550646599359386,21.766494841998195,25.906071330693063,39.72187940297297,0.2734290781961999,4.028595083730092,28.637853774538343,77.2314997532177,0.0,36.8472601063306,39.8428750169948,0.9175959531061788,10.0
66600,0.4789108931441725,-2.1857568691093694,-9.82432195995775,-0.021976211512630416,0.006929370036474961,-0.22539176932632543,24.98651302982137,18.648940198360734,25.816734291608988,38.390624406316476,0.2734290781961999,4.028595083730092,28.637900663853518,77.23150830229845,0.0,35.79884979682419,40.846531043619436,0.7018163139500295,8.0
66700,0.7731689691744148,-2.0172234645328153,-9.987820269426974,0.005308277503024598,0.01832380597737925,-0.24581711319911018,26.41528358032166,17.34526528509953,27.654146491757068,37.05941014564073,0.2734290781961999,4.028595083730092,28.637915920840115,77.2315306575014,0.0,37.081256222669204,39.08317740238715,2.567453302414954,6.0
66800,0.3195502063109652,-1.7046211005063163,-9.540397425116039,0.01210954138305979,0.01135518800855876,-0.22815756644827234,27.34212919521793,19.519418294206773,30.501697298675953,35.73242544945556,0.2734290781961999,4.028595083730092,28.63786537891123,77.23156600548533,0.0,37.67461749356801,33.93222258363602,1.8400634361427188,8.0
66900,0.6504640914589639,-1.7683797017860363,-10.02335247156252,-0.0091885965516031,-0.006085332560816079,-0.24322157999980892,27.70992761976721,21.470471618141715,30.250506501545935,34.39530656112843,0.2734290781961999,4.028595083730092,28.63790434254848,77.23149502331047,0.0,37.309467112206306,34.919026385391646,3.198394250220796,9.0
67000,0.2249802590020967,-1.6624527188843428,-10.022117508962511,0.012808694848226738,0.0022707427680251475,-0.23848286903078506,31.67962399759772,17.96791005652372,30.69784313310035,33.06985888811251,0.2734290781961999,4.028595083730092,28.6378513857922,77.23157998845527,0.0,38.161614921881224,34.632233240529295,2.742893192323322,9.0
67100,0.2739685974828417,-1.7609521974853277,-9.51155618092247,0.007897702043777523,0.000764179975570327,-0.23585566243787146,30.77304257097067,21.349436923154926,29.196618039739263,31.754656637814193,0.2734290781961999,4.028595083730092,28.637955159770915,77.23152483041136,0.0,36.65331322374234,32.111808660885956,2.5914308013613905,12.0
67200,0.4025534831738521,-1.8168257667793997,-9.871180156805343,0.009913609720048646,0.0051341456757199875,-0.22229178517056059,28.724989468309705,17.348701144296,27.473884700096775,30.415157875099172,0.2734290781961999,4.028595083730092,28.63796943991128,77.23159598280155,0.0,36.74892650198845,32.77081259778067,5.193799746514969,12.0
67300,0.03186464551320203,-1.5577906858732131,-10.129689967152375,0.018736467210340012,-0.006707083986627724,-0.24525900391546376,31.765895726852683,17.04453619135217,26.593164223610085,29.078600506186554,0.2734290781961999,4.028595083730092,28.6379730967742,77.2315542030094,0.0,37.26269964566594,27.628574847615038,4.126438027958844,12.0
67400,0.4432538367874223,-2.136812179948328,-8.9677344652446,0.0028191206587820893,0.0030393578247518626,-0.2331877305059689,36.72052685110607,17.903859006477862,26.620127369061077,27.735038566362732,0.2734290781961999,4.028595083730092,28.63799702684091,77.23158288332594,0.0,37.39068599272061,27.341696923851742,3.7510623952092894,7.0
67500,0.8173867038504355,-1.7648756077989174,-10.24282873204022,0.010281101163497378,0.01593989344634012,-0.22149383408308856,29.727615513061465,18.191247741243135,28.433202001041977,26.406077433295916,0.2734290781961999,4.028595083730092,28.637961369466115,77.2316098466294,0.0,37.018666184071925,25.857540645113776,3.3556218638530235,11.0
67600,0.6248216032373144,-1.4430485211012385,-10.02341339146469,-0.0032623134468915084,-0.004166175799429382,-0.2067706474493614,31.55401520443937,17.08079290543927,30.497067107977784,25.079306997580506,0.2734290781961999,4.028595083730092,28.637986941556306,77.23156523305182,0.0,36.648083519022286,24.145963103869697,5.902673624275769,13.0
67700,0.1220944462471763,-0.709109865905124,-9.931070073659294,0.015503978472295017,-0.008393700255098422,-0.11689451040469538,33.0512339791886,14.1781109232745,29.73217391254955,23.726260758102555,0.2734290781961999,4.028595083730092,28.637920201650957,77.23156661262819,0.0,36.34648361289602,24.981224914694877,2.988539843321624,10.0
67800,0.04732809539571445,0.7568356437773323,-10.36992151920262,0.005057497727128031,0.015077414257470383,-0.008923995122035061,28.987939453873533,12.131558338132407,31.52016183518908,23.72171157713961,0.2734290781961999,4.028595083730092,28.637960069067464,77.23163695243453,0.0,36.94343187756039,19.6708039155518,4.643759494292218,6.0
67900,-0.00902991089538735,0.7473888277439276,-9.994062565920476,0.016804496523859385,0.0012263777044704792,-0.007175844137137479,33.21548602660007,14.501512109208694,28.037704446547206,23.734474712339008,0.2734290781961999,4.028595083730092,28.63796311837548,77.23160052360632,0.0,37.08508095707622,24.005444739623474,2.596220403371659,10.0
68000,-0.2245247625754488,0.5605534652302758,-9.725597121549562,0.02780464222330079,0.012864618182233518,-0.010457812790891769,32.820831420633674,14.090917742860237,26.331978498409278,23.730847157245506,0.2734290781961999,4.028595083730092,28.637996770632032,77.23163287878835,0.0,37.78497725692714,26.498587499057663,0.6179993698641066,7.0
68100,-0.0627055611933377,0.09243575340084242,-9.674430109344229,0.002152537267461048,-0.01845412995089846,0.015496182119136712,28.180531287315162,10.416431718750342,27.413940503313988,23.741505954559695,0.2734290781961999,4.028595083730092,28.638010197284757,77.23161889496619,0.0,36.873198059765826,25.483237741342727,2.968496642167529,11.0
68200,-0.1283367708278829,0.7879791018503461,-9.883339476645418,-0.009671248738905618,-0.011352022371310687,-0.0045306848426596566,31.94135286870444,16.6227427697807,29.927111126581963,23.74895088716259,0.2734290781961999,4.028595083730092,28.637994867532,77.23159931396104,0.0,37.771266369058836,23.992393524133174,1.6437392649887206,8.0
68300,-0.023711178677693442,0.41133968150552624,-9.795999272024101,0.026605165375064577,-0.0012569676834995958,-0.009021550904170846,34.07620317291473,17.19485406241891,26.289642324699063,23.732863676235272,0.2734290781961999,4.028595083730092,28.637979139268964,77.23160559176682,0.0,35.931797459938196,23.323431657521063,1.837161051618287,11.0
68400,0.11814181557260803,0.3434364155313418,-9.151919235114233,0.005896690661926806,0.005351627384910049,0.007298892407551866,32.30214729257524,12.044098135730273,28.51912307962382,23.727020995021242,0.2734290781961999,4.028595083730092,28.637997343518045,77.23158764818405,0.0,37.45270512767325,25.501002420622548,0.811634528353173,9.0
68500,-0.07863834017376584,0.8504563442077846,-10.1281610711692,-0.0024495457696809544,0.0007826752910781616,-0.0023334664948986023,30.210099318211398,11.999333645292621,24.96216467937276,23.727719197114666,0.2734290781961999,4.028595083730092,28.638120929538903,77.23166881934122,0.0,36.70649376954272,24.080308650940033,1.3041651166122596,6.0
68600,-0.3129679753248288,0.030949347058833787,-9.973892709092226,0.003988009602440726,0.005249195993967673,-0.003663825392376243,34.92303151623054,16.675191247865722,26.598943656253592,23.71898436605601,0.2734290781961999,4.028595083730092,28.638104038531043,77.23162503547674,0.0,36.425793625219725,24.575294881415186,2.8291922429033765,11.0
68700,0.19677912103188486,1.0899191709381109,-9.72483817520364,0.008070066489519676,0.010049729010680832,-0.0015596733882791828,29.73272138225558,16.419189487071137,30.54162457238001,23.713469152787553,0.2734290781961999,4.028595083730092,28.63807744971548,77.23162170251045,0.0,37.65567641087713,21.86844328353187,2.591241438772172,10.0
68800,0.3867263099462627,0.6315906466880149,-9.9949743684081,0.012981227463316251,0.013490053463115062,-0.004148543089059292,32.209109527831444,15.969301679228138,27.961910337858125,23.721110095104272,0.2734290781961999,4.028595083730092,28.63807355376425,77.23162253774566,0.0,37.12684473270348,26.89840272832887,3.5511882640135126,11.0
68900,-0.5019498045879238,0.7681046997973084,-9.605305263840139,0.007343831271890074,0.0124754659703013,0.00023444531573773002,30.267841549794404,12.532702205002558,25.32724793020579,23.718940175874394,0.2734290781961999,4.028595083730092,28.638094222317775,77.23167934120167,0.0,36.11276781574804,18.96067181743966,2.276193611601567,7.0
69000,-0.4045972588502721,0.3338424164595079,-9.74946112190723,0.009850192232003816,0.008543923876180616,0.002153460063831832,26.361754483000787,16.997842487876447,34.47351011112535,23.72350292215938,0.2734290781961999,4.028595083730092,28.638055689671223,77.23166956731329,0.0,36.64224586779611,24.02668416588162,2.1854464142309276,10.0
69100,0.11878927016714153,0.6089145134104511,-9.70893318098145,0.009012634231457923,-0.006467189125681671,0.009428475765851709,31.125982647229872,13.389725670049799,31.698940631157793,23.72437840375481,0.2734290781961999,4.028595083730092,28.638117254356562,77.23160343905083,0.0,37.003488975491095,23.248901982075978,3.0961675588685407,6.0
69200,-0.24823128356059188,0.8126021673876371,-9.498907262320927,0.016501380903142703,-0.0058317539612435096,0.0061180403646708915,31.53763294664877,19.065236126362986,27.735547745773736,23.712303746322902,0.2734290781961999,4.028595083730092,28.638103931954436,77.23164233312878,0.0,36.83269519534498,24.91235088459406,1.7113375087247964,9.0
69300,-0.2722340418573996,0.9089413301259546,-9.062932331572036,0.016675152317791275,0.0012445838932471096,0.011993454700158291,32.58109331967965,15.824804132556656,28.042422504207238,23.711941079748364,0.2734290781961999,4.028595083730092,28.63811868896205,77.23165204950367,0.0,36.98706080758166,24.464192681953403,3.4987660694731226,10.0
69400,0.15988265739376795,0.5966241956881565,-9.579294328384234,0.007368922016204248,0.02266249845944925,-0.005348965212758037,32.31624172066485,11.787042423000283,30.81702460229245,23.702080848717294,0.2734290781961999,4.028595083730092,28.638138321383593,77.2316800525959,0.0,37.29561333698918,23.768704703995255,5.264890005211601,11.0
69500,-0.13926730355431444,0.24293640622939888,-10.106612129735431,0.0033567647159568185,-0.01118089698963095,0.009500768815718456,33.495186097894766,14.116392692834514,25.336426222333007,23.71269172459438,0.2734290781961999,4.028595083730092,28.638132279356128,77.23165462347582,0.0,36.99720310660046,28.651504929253175,3.2704198652583027,9.0
69600,-0.38498119176816564,0.6615042572054832,-9.578520491070504,0.006276783078275316,0.02008739824713134,0.004591890005335705,33.79639957705146,11.94409519752605,27.196971750299564,23.706850824371532,0.2734290781961999,4.028595083730092,28.638115435355676,77.2316770941365,0.0,36.615590100904846,24.003238481604697,1.3816223361793665,6.0
69700,-0.024538049758706548,1.0292187683038603,-9.669830322317344,0.0033924111007797558,-0.004861169212283768,0.004545304208179594,29.635401865926855,11.231543963343139,29.70708275165603,23.688802701097806,0.2734290781961999,4.028595083730092,28.638145007101514,77.23164255642423,0.0,36.81934416971503,25.20748704457812,3.185767006560207,9.0
69800,0.3286464378680888,0.6062608812927973,-9.490737831072117,-0.0014329851734377202,0.018701701979547982,0.007546977621751581,31.501822687050826,11.243888357015557,28.286962935973005,23.691897989422582,0.2734290781961999,4.028595083730092,28.638145886307207,77.23163307311799,0.0,36.727170164503946,23.59822247712113,2.848627036123511,6.0
69900,-0.2659454890032229,0.38974569145960786,-10.092926696234407,0.005720108912723572,-0.0014770781382984878,-0.00901029893390204,35.12990442990716,12.864422252411742,27.292061707524496,23.676735573656043,0.2734290781961999,4.028595083730092,28.638179511709858,77.23168257600352,0.0,37.13401925127379,22.045208231685617,2.2473019952277964,8.0
70000,-0.5582295967674642,1.705951362115771,-9.722012856253025,0.0043441398623685415,0.006400076514366113,0.07709969045800086,33.98569912919605,17.196793280426327,27.708731037336563,23.672634100462137,0.2734290781961999,4.028595083730092,28.638183964424414,77.23169496560462,0.0,36.21030188018529,23.75347551633333,4.883171432061494,7.0
70100,-1.2564325798487335,2.421863309326868,-9.48636933977201,0.0029530114292199467,0.010678260801329137,0.18662214299794397,30.439056771705854,18.781552845867026,29.701250139886568,24.65070118150114,0.2734290781961999,4.028595083730092,28.638231213531714,77.23171218876442,0.0,37.39347188259121,24.12957131954462,3.8076498988649914,13.0
70200,-0.2585081571244199,2.461673104311357,-10.056332935210023,0.008733304391833245,-0.0013478853182894018,0.17695597611809305,32.23850033202397,15.024444512447767,28.406756657266634,25.62948558716165,0.2734290781961999,4.028595083730092,28.638155832480535,77.2316965412494,0.0,36.250954063574085,27.03651974000533,3.0399954168347016,13.0
70300,-0.42562792126222954,2.370106528455809,-9.836274692364483,0.0027022907529743044,0.01520461031485179,0.16805580697804312,30.881162266172325,14.69085411532363,26.149556241492515,26.60084155198895,0.2734290781961999,4.028595083730092,28.638203443488173,77.23172907356468,0.0,36.7602891980299,29.510441214772612,3.240520439307316,8.0
70400,-0.10201737088945725,2.6551070637132086,-9.811652624194966,0.01908053695842351,0.017042531841091915,0.17740014302147802,30.238051921899995,14.24488209614345,28.741748086514303,27.57811160855877,0.2734290781961999,4.028595083730092,28.638227952176134,77.23172467382433,0.0,35.87593672791389,26.948880939134803,2.4780988504068113,9.0
70500,-0.11910832458713502,2.4065686475647183,-9.833290317061401,0.007669195342379024,0.008373537869097565,0.17246132370476383,31.55588060438986,18.73724055378884,29.159660713114928,28.57305655261365,0.2734290781961999,4.028595083730092,28.638249397434272,77.2317185895042,0.0,36.78222965946851,29.864329430376426,3.0697930388103294,6.0
70600,-0.26882709500226,2.1367328065061253,-9.93820302381846,0.005895449558430528,-0.011921736623917451,0.1730614226784531,28.537832525465785,14.980724824339223,32.269612708024574,29.550212190888047,0.2734290781961999,4.028595083730092,28.638256012497173,77.23175120140154,0.0,36.58044251031402,27.024279757381915,2.2242339325152494,12.0
70700,-0.4319404391460051,2.442077133432424,-10.307605109580443,-0.016085068092823226,0.02181024876940339,0.17657368124366207,36.27936780452595,14.67306840366979,25.793041596889385,30.533796423868026,0.2734290781961999,4.028595083730092,28.63824005130526,77.23169276223034,0.0,37.072195218782134,30.64805879268342,1.4491620463849462,7.0
70800,-0.49590124252614454,2.391505106503011,-9.675564260951772,-0.0009833293349145828,0.013439253517822238,0.18292752865211337,31.828137318654797,16.78443246075455,28.148626162796237,31.518431762871444,0.2734290781961999,4.028595083730092,28.638202022357113,77.23174444749907,0.0,37.42494918638903,33.04271867220606,3.240603991385206,8.0
70900,-0.2762668794018723,2.0735683239605622,-10.047097681346404,-0.016884897260899197,-0.007640055250702322,0.1866290303782637,27.841889977953596,15.817173957892349,29.16874554527662,32.51156314523233,0.2734290781961999,4.028595083730092,28.638287618342066,77.23175281732019,0.0,36.77195317422437,30.452984355578586,3.8468266628604533,9.0
71000,0.198656548762147,2.1481892312354263,-9.55809415932883,0.010567076330831364,0.022203362168704676,0.1783662427708886,32.022038300108356,21.144966182201877,29.842848826171853,33.49631129402796,0.2734290781961999,4.028595083730092,28.638254419605307,77.23172627126696,0.0,36.83640121990651,35.10756040202233,2.061242802151033,8.0
71100,-0.34871984627967334,2.5750422541239772,-9.881874432394977,-0.008524398298150403,0.0001640553974164259,0.18917793544577202,32.06205811096305,23.030156985448755,31.138292022004425,34.49892439898108,0.2734290781961999,4.028595083730092,28.638251201646664,77.23178607271738,0.0,37.04037135548827,35.12203142742513,4.97030529114279,10.0
71200,0.025958760075158627,2.6230870709917498,-9.573775857919822,0.025009914945566605,0.002916079566799989,0.15914049889954027,30.540085162110085,22.378370508634095,31.27335383454231,35.48995968323382,0.2734290781961999,4.028595083730092,28.63832702907856,77.23180693871952,0.0,36.91588534653472,37.52311687467108,3.37414977273316,12.0
71300,-1.1187235777721707,2.8649716343720586,-9.806208078351942,0.008572960219687474,0.004339530885838235,0.16007513062990977,26.039641002420623,21.457282550602024,29.38501668250869,36.47213666623288,0.2734290781961999,4.028595083730092,28.638315991917157,77.23180413615455,0.0,37.63536191391514,38.31971555416888,2.8682910775400488,11.0
71400,-0.22404992050466052,2.4545185966020227,-9.478526395534848,0.006069209698419535,0.00453565394084688,0.1813144607465665,27.38036420427616,22.83952349994268,28.618228850184384,37.46958808643708,0.2734290781961999,4.028595083730092,28.638278017483106,77.2317956726645,0.0,36.60196654445367,38.62650252968808,5.443149577823332,13.0
71500,-0.6298092047199537,2.2658862996786664,-9.690072399249274,0.014473981649349765,0.006665686098069335,0.18305327418966214,28.477581784458813,19.468237882933128,30.146208084277745,38.468676585270956,0.2734290781961999,4.028595083730092,28.638313260717293,77.23177999783998,0.0,36.64644492846192,39.52484805407802,1.1352280049276398,13.0
71600,-0.28530693722177825,2.521403491218842,-10.251573147846212,0.014051786587738601,0.0012056721297251296,0.16822914787862836,28.232263919113798,22.928049166422444,30.814342531264213,39.46483343717546,0.2734290781961999,4.028595083730092,28.638322126839192,77.23184222034091,0.0,36.370741833642306,40.74772677028752,4.482656638734274,10.0
71700,0.09372150131478052,2.4489580348499773,-10.175233334317195,0.0015911561954510415,-0.016277619393131264,0.1593283043653999,29.055716595807255,23.463495250358495,29.95053542513719,40.44941817737334,0.2734290781961999,4.028595083730092,28.638282549934857,77.23175636013458,0.0,36.693477106912795,37.30303777682491,4.6125105316596455,12.0
71800,-0.8334012378006346,2.412409828642213,-10.296284218473055,-0.0025637841858992478,0.0338700093271777,0.16976444131194304,29.357701985077416,24.319469863946296,28.1528965505033,41.44822133362654,0.2734290781961999,4.028595083730092,28.638314455453546,77.23182959059912,0.0,36.73161607334575,42.81419225063204,3.8315050222509703,7.0
71900,-0.6720781814930537,2.434182333613936,-9.412916030681082,0.00016799902009455997,-0.000974531275593802,0.17116899231879726,25.284031265755733,24.59153628998554,29.19016838979801,42.42738692484772,0.2734290781961999,4.028595083730092,28.638319595219112,77.23175088798716,0.0,37.282469311166956,37.2627091442801,2.6658383483828754,10.0
72000,-0.4675393065108928,2.5186459628469535,-9.710663995469213,0.01902237907975903,0.00411341247514078,0.15467207159256913,26.449060738925564,21.430824719946635,24.089435458818834,43.40206927988267,0.2734290781961999,4.028595083730092,28.638299311916356,77.23179412504518,0.0,37.35098437238147,45.33290325794442,3.8265973626549767,11.0
72100,-0.27330760011363997,1.9375247979307542,-9.827962272544967,0.003673160105797264,0.007399191472365915,0.1571828705120269,24.765768136239895,26.829909935227338,28.225804780311478,44.37386678191593,0.2734290781961999,4.028595083730092,28.638331249288992,77.23184042864855,0.0,36.74408511430137,45.520310333653185,5.9068862388478145,11.0
72200,0.01940903511599218,2.35792257674945,-9.696637775595592,0.011852692295901577,0.008517963320621002,0.17062375140523417,20.42023854242036,26.432160004984233,27.17197438971616,45.34686167938122,0.2734290781961999,4.028595083730092,28.638352630952834,77.23181273243264,0.0,36.24535872719516,39.72706437756017,3.106118805310095,10.0
72300,-0.37255197524669126,2.439447106380224,-9.64198091170519,-0.004843358285074431,0.015133334890465134,0.18592969706786958,26.757572295264584,25.503488747196535,29.189878255817884,46.328891752098336,0.2734290781961999,4.028595083730092,28.638324486803015,77.23185510172873,0.0,35.96067801422143,49.45019563345537,2.9747232874077576,12.0
72400,-0.16430011250163368,2.106454722206332,-9.50355254739977,-0.001987316630104559,-0.00034745206899826787,0.17212211740321987,26.40523558228762,26.028520868184927,29.60771945352369,47.30876394787669,0.2734290781961999,4.028595083730092,28.63835632241367,77.23184267820903,0.0,36.96464586266439,48.41107514532434,4.557979344916651,7.0
72500,-1.587011380510167,1.1706627057003531,-10.040142317898383,0.009178410821930185,0.010134048360206642,0.07854037874962932,23.611218591258005,25.587033410401713,28.70691270894965,48.302779354797366,0.2734290781961999,4.028595083730092,28.638356383823197,77.23185299645142,0.0,37.07717955029979,44.9041382700288,2.170768837148862,6.0
72600,-1.7289578491598006,0.17879142219724617,-9.083844492783612,0.0021646158276280884,0.022047971171068166,0.006162992612135335,22.79517209125159,24.845191993681965,31.71352884762324,48.308273078574494,0.2734290781961999,4.028595083730092,28.63834820669405,77.23180177939872,0.0,35.307906964590515,51.200195333094065,3.8523588936570947,13.0
72700,-1.5183294268210765,0.3931545022578981,-9.927747133444008,0.008575993830035758,0.01688583587343409,0.016103862429331244,24.01758611422673,31.557606365737932,29.693789591606347,48.29370154576493,0.2734290781961999,4.028595083730092,28.638376725754334,77.23181849621088,0.0,35.41237935198301,44.60747921497767,6.7632959299292,6.0
72800,-1.2285298712990425,0.291665765077433,-9.420625466905294,-0.009526220981654416,0.007199073829356024,0.020553657635306897,28.953317562457627,24.964690079753545,26.843526783358744,48.295571906034965,0.2734290781961999,4.028595083730092,28.638430604308763,77.23184951649904,0.0,34.55291974169657,46.5458247391013,2.227434019903495,12.0
72900,-2.129898661803895,0.7254819633104649,-9.378194188581178,0.0016075104387962584,0.006546118455686441,0.010406761545664759,22.863177923937382,23.958133075225597,28.84528622113843,48.28719320313872,0.2734290781961999,4.028595083730092,28.638411936364317,77.2319270158387,0.0,34.00273749005571,48.28239748411203,4.751886993226767,13.0
73000,-3.050396586208462,0.5614898684776312,-9.347384464369147,0.014262339429208633,-0.0007043540620681257,0.0032947461935644187,25.187284718191272,26.84870454007072,28.573178065892815,48.28504402727421,0.2734290781961999,4.028595083730092,28.638400798814583,77.23185883579504,0.0,33.19652384902753,44.8844848547089,3.429722521535032,12.0
73100,-3.0561300979447967,0.7344937432189257,-9.631284984731545,-0.0048378333879992045,-0.0067425448829150905,-0.01603392577248633,23.335489144432785,28.594005889713294,30.634129801644853,48.280459900172545,0.2734290781961999,4.028595083730092,28.638392907647138,77.23188749942965,0.0,32.8401013215873,48.79441026244787,3.587050827141925,9.0
73200,-2.0976418831476007,0.22732558635555505,-9.44008195499561,-0.008493175726786779,0.013435926174439578,-0.000250111175675522,26.854876546437573,24.932987009882417,26.739924994168785,48.2643845236248,0.2734290781961999,4.028595083730092,28.638405767912825,77.23193842628005,0.0,31.844952642703706,46.747495260824074,1.0728547655133367,12.0
73300,-1.9713124022227109,0.3994202266811941,-9.344140041467007,0.025279785593557834,0.01098355553300132,-0.008305507938539493,23.3799773105343,23.845836883502102,27.243847852823915,48.2726903468682,0.2734290781961999,4.028595083730092,28.638390553138663,77.2319069903837,0.0,30.06328838314583,43.75265360026134,2.5434330573500095,11.0
73400,-2.0288078671059107,0.42408058496311773,-9.488322680644645,0.01648165878223635,-0.010443743740130518,-0.0009256061723210566,21.94860119283563,26.54691665521058,29.43781705590082,48.28780975950015,0.2734290781961999,4.028595083730092,28.6383782752203,77.23191562215158,0.0,29.66022431687647,47.95480560484622,4.301655449584392,9.0
73500,-1.617982926085067,0.4394494923266556,-9.911016035684101,-0.0009746759791187448,0.007503336073761826,-0.005169246726245014,24.08364906462965,24.18200005104803,30.515156719035122,48.28039804065059,0.2734290781961999,4.028595083730092,28.63845006367934,77.23198308388632,0.0,29.86694303251925,48.141934175558525,4.462502113520033,9.0
73600,-1.611116804107481,0.18837095320886219,-10.209079002855837,-0.0007094501683184845,0.02223678809654886,0.009862354822605996,25.613015093754704,24.109987248060083,25.681717483074458,48.27614788087885,0.2734290781961999,4.028595083730092,28.638483236882962,77.23191047838473,0.0,28.188010806696365,51.3178745553012,3.6308032991001156,6.0
73700,-1.603654229004008,0.10906963821611884,-9.373537197240493,0.01582889183829281,0.008478398739172797,0.012898792408631805,23.654604647360106,26.81347712232579,29.184814797560257,48.27184492392354,0.2734290781961999,4.028595083730092,28.638441793616504,77.2319183994282,0.0,29.005661867959603,47.32981268913971,2.9580888242771524,8.0
73800,-2.0585162235762415,0.5742319715911728,-10.04422994510482,0.0003132780919016488,0.0010143121642447713,-0.02022684825850584,21.2061979864466,28.01812110053318,29.634848472727708,48.261938103048365,0.2734290781961999,4.028595083730092,28.638432995434105,77.23188853102114,0.0,26.896910780772615,45.42179870810294,1.6611332936319056,13.0
73900,-1.1689854034798404,0.40057261759301205,-9.493846439798295,-0.007224191983742819,0.00420648172715231,0.0038273476703648483,19.92965992144715,27.681400427559087,24.587177390983488,48.26440915200007,0.2734290781961999,4.028595083730092,28.63844839488496,77.23196934200315,0.0,26.8312854336515,47.208798381255164,0.3955098388228855,10.0
74000,-2.1154673406170152,0.45767602420570874,-9.845463361925276,-0.003561015320785986,-0.005007613085254302,0.0012557508378629343,23.93336074576518,29.236045132278235,29.95313610112585,48.279295189945316,0.2734290781961999,4.028595083730092,28.638452989962595,77.23194821331654,0.0,24.941225909814687,50.01448617819984,3.551396368396839,11.0
74100,-1.7693858192516665,0.4165117651703915,-9.299278365450249,0.020548247397370392,0.003211829857286146,-0.0071778020608695755,23.315442019830066,26.310668206539763,26.834894514446994,48.27163300980854,0.2734290781961999,4.028595083730092,28.63845348918909,77.23195566961014,0.0,25.22633428486721,48.59686785287403,4.687717427623886,10.0
74200,-1.8857372457311132,0.012015222403275738,-9.712476222317227,0.000234273985752099,0.002496209475831953,-0.019903498594899302,25.25087435149654,22.273616038026198,29.211212266670806,48.27782600105395,0.2734290781961999,4.028595083730092,28.638421248974158,77.23197607699333,0.0,24.831222048415697,50.03441538328044,1.0459760452354723,9.0
74300,-2.071193238494111,0.04721030632207224,-9.473322811592725,0.024999334518378782,0.011801256789425958,-0.00907269909364222,25.88626771530302,24.077737908455617,26.770420552993585,48.2746751255064,0.2734290781961999,4.028595083730092,28.63847246940801,77.23200338360945,0.0,23.39323182054146,47.37085580413624,4.938945821098528,10.0
74400,-2.1349077343250498,-0.18415383036554095,-9.647423306247486,-0.01355971110288023,-0.016433508214696843,0.015610831701353625,27.17806846626151,22.24683139628241,28.37501677518424,48.2947474009299,0.2734290781961999,4.028595083730092,28.63846819064556,77.23197169260354,0.0,23.58586857466275,49.817828613423316,4.291425911745639,9.0
74500,-2.2992031586764248,0.17528699067761333,-9.508989190419843,-0.005177387833314981,0.01707274403407275,-0.011395980868686439,24.96918871317635,22.388373420487802,29.388264006263157,48.2897629086155,0.2734290781961999,4.028595083730092,28.638475031085164,77.23192145140855,0.0,22.683818692897145,50.86963137282595,2.630511871590915,10.0
74600,-2.72522842404024,-0.19071824814636504,-9.962223020776444,0.009323911370115349,-0.012873597835861273,-0.0003219976814772649,21.804311118880037,27.532421492667343,28.9159668246099,48.27933760668065,0.2734290781961999,4.028595083730092,28.63844125097848,77.23192542785156,0.0,20.758956319106627,50.02578231537621,2.195118359225524,9.0
74700,-2.500819786738788,0.5189868412079411,-9.751696099823219,0.020191850764259223,0.0012728267239911703,0.006607865475954697,25.55911769789547,24.290123934685774,27.884282241592782,48.265386343441946,0.2734290781961999,4.028595083730092,28.638405679622156,77.23200758806068,0.0,19.461887114663142,45.47845838402888,3.9107408202115823,9.0
74800,-2.2553389029313156,1.021123290880122,-9.552894330331995,0.0039982996588468905,0.02227428607479565,0.012608926679311652,20.232320352973865,30.658220709552154,27.30261697195724,48.27137398018171,0.2734290781961999,4.028595083730092,28.638464102069854,77.23199986830961,0.0,19.76380858485807,48.17061513437458,2.5585935626459944,9.0
74900,-0.5488652346246371,0.3720322791152045,-9.397445595726598,-0.003167076658935478,-0.006878813792567692,-0.00010529733691789101,24.490405220987302,24.34897046269275,25.62360027012438,48.27874754045713,0.2734290781961999,4.028595083730092,28.638509641801427,77.23197153070802,0.0,18.790157424747697,46.267593929976286,5.291379151182966,11.0
75000,-1.453240392244449,0.5035593870286853,-9.400610670439827,0.013165337389141961,0.028471447075727702,-0.005473672459378181,27.787366266967314,24.635615013285417,29.76173411915077,48.3025989715656,0.2734290781961999,4.028595083730092,28.638452893215497,77.23201627797773,0.0,19.016975297241295,50.98881676065085,2.4072027168786243,7.0
75100,-1.8079038659272073,0.19934212316102928,-9.147246657807122,0.0019037509494160593,0.0054339733444362555,0.006073679442448367,23.010600060747116,25.176556504442036,29.2090068265826,48.28636439110954,0.2734290781961999,4.028595083730092,28.638484689432783,77.23200860960043,0.0,17.263338373233008,46.94527480223415,5.663605219213704,7.0
75200,-1.9919947462550138,0.38721856557559936,-9.856126107965316,-0.011445303639295558,0.013058565616793742,0.002084359543731274,23.01335587957967,27.54575039889129,33.60154132335499,48.28279797798406,0.2734290781961999,4.028595083730092,28.638519149788998,77.23206673312895,0.0,17.141792305971396,47.01827928494151,3.74089617331823,12.0
75300,-1.687976253332856,0.528783732603768,-9.724139569477073,-0.006571723000692691,0.022477311331443955,-0.0009824136229005542,21.248834978776706,29.947162966764086,29.880386879605382,48.294658291998466,0.2734290781961999,4.028595083730092,28.638466699595167,77.23198977340856,0.0,17.087213180664595,47.32413492883213,5.815791226273724,6.0
75400,-2.667925320397832,0.6673828045388103,-9.737861164773463,0.0300090860258069,0.010863399929310551,0.015329314247655032,26.10643385635811,24.368413509152962,28.33721633561321,48.29927995067687,0.2734290781961999,4.028595083730092,28.63846250248416,77.23196814545682,0.0,15.655974458512803,49.410711306538964,3.1248429134003555,12.0
75500,-1.942737048213941,0.29783656107034034,-9.937143848200847,-0.004574327942691042,0.009192939997246474,-0.012937734681372538,26.21603137291227,27.305778219619857,28.267151928961418,48.29283561421135,0.2734290781961999,4.028595083730092,28.638444744454365,77.23197687367977,0.0,15.725938178355735,51.7582860910975,3.243642565733984,10.0
75600,-1.647230606728586,0.6040671275017351,-9.987644195389063,0.005643009523037264,0.002497110371144574,-0.008998252406117206,28.80833827326032,27.626378193748888,24.97546468877579,48.291283715036116,0.2734290781961999,4.028595083730092,28.638497116722444,77.23201179509007,0.0,14.607733021600744,47.046703479014326,5.6706623777654555,11.0
75700,-2.7442222735774586,0.6223992993278182,-10.209410510145263,-0.007652989705812948,0.03360665934030178,0.005870686383729002,24.55261025761969,25.668588992031392,28.271282149029496,48.30346398272568,0.2734290781961999,4.028595083730092,28.638511307034513,77.23207178077352,0.0,13.820310524208544,52.42623388494096,4.723221904216469,6.0
75800,-1.9154365683126802,-0.12652367296806258,-9.640024170459862,0.009145506835617441,0.01083222044338018,0.012927707337766754,23.144671445905196,26.36625953216244,26.604403067286018,48.307500130172045,0.2734290781961999,4.028595083730092,28.638523159939876,77.23204441526832,0.0,13.250001927711962,47.71855238548539,7.488182533304946,6.0
75900,-2.254940436921461,0.32232193672133636,-9.699573285119447,0.017067312382871066,-0.007969471626094727,-0.027215936625676066,23.65294541304355,26.873922946337277,28.691843986734945,48.31715599459156,0.2734290781961999,4.028595083730092,28.638491966920338,77.23202639487754,0.0,11.554734939311087,49.49382335753758,7.162544508327582,9.0
76000,-1.8806251343619753,0.6166179187567336,-10.224931284860737,0.0016230118186444905,0.006697295519559615,-3.135006578663534e-06,26.88786670316414,24.046521002824896,28.581821967191665,48.31419042770795,0.2734290781961999,4.028595083730092,28.63854882889762,77.23202371442372,0.0,11.17548077596596,48.14263155838257,4.032033184261373,12.0
76100,-1.992869328905433,0.0042330446969432445,-8.99263526773802,0.014987497011337315,0.009890507219614713,-0.007050351036598271,23.889779087257423,24.22501384760682,26.351680661558508,48.31673405321452,0.2734290781961999,4.028595083730092,28.638476957847594,77.23201153278251,0.0,9.321821657669531,49.32031830328516,3.462872115275623,11.0
76200,-2.217099079354309,-0.5657702561274287,-9.528088415360399,0.006871022076884677,0.010250267844317188,-0.054242330502261106,24.15532592197714,25.374922963722323,29.260175929185408,48.321206877030754,0.2734290781961999,4.028595083730092,28.638491826961708,77.23201316921315,0.0,9.11883978836428,48.571700630025376,2.3461322084468117,7.0
76300,-1.908033849602842,0.2276992955843464,-9.760895538340254,0.006416203606689095,-0.006519533330531073,-0.1427629711880485,23.811904454547697,23.46675386220154,28.198097758536335,47.488154471993404,0.2734290781961999,4.028595083730092,28.638498637572834,77.23207543984962,0.0,8.94655107862081,45.305457952552736,3.180434405941406,8.0
76400,-2.3022431935974987,0.359069174372293,-10.016716740402362,-0.0004358288538644315,0.006019558988662836,-0.15409706528619208,20.930203803823225,26.25053888487986,27.599734746931908,46.654351532087304,0.2734290781961999,4.028595083730092,28.638465116944374,77.23207239129685,0.0,8.9248279716585,47.19312369465359,3.4329456928562725,7.0
76500,-1.7252586593058645,-0.009002447185360658,-10.187433243661188,0.029253982057410706,0.012124411524550854,-0.1368270596855092,24.26510276668849,24.560634795284294,27.789317902129284,45.84018073710572,0.2734290781961999,4.028595083730092,28.638493372601033,77.23198108307986,0.0,6.605206199309313,48.233212745115836,1.6618245237850746,10.0
76600,-1.2817155402693468,0.6519750408593865,-9.921921335356107,-0.0016191933806194575,0.013336803680331494,-0.12572119725734895,20.550861768723983,25.92451115179534,26.89486681107279,45.025860267463976,0.2734290781961999,4.028595083730092,28.638459935267896,77.23198071484543,0.0,6.377884738613346,48.63472182176037,4.810120267192293,12.0
76700,-1.0196322821642476,0.15046628261589287,-9.893697040722511,-0.00286171509678071,0.010683582757796416,-0.14597685899913537,26.111319085774873,24.00739540626809,29.474752323530772,44.21009919132248,0.2734290781961999,4.028595083730092,28.638486400767423,77.23210593063939,0.0,5.1064918237660955,45.7939366517057,1.0252665916996768,11.0
76800,-1.0575649526257533,0.6539114443171191,-9.934224412105815,-0.00940859347249251,-0.000558347944474789,-0.14744239830019937,21.362544647339,24.07964376463811,27.713268186861278,43.37548449144148,0.2734290781961999,4.028595083730092,28.638550707461334,77.23197868230244,0.0,5.063272717055097,42.27697541360199,1.5852892528635603,6.0
76900,-1.5988086997063977,0.5161058574345584,-9.85239848292484,0.013631398481417221,-0.008300567451362647,-0.13594182595212403,29.649063727501584,22.1228932289334,25.449224865362247,42.55036362411085,0.2734290781961999,4.028595083730092,28.6384952688289,77.23203898469843,0.0,5.085417130929744,41.87634676702142,3.1479424552426467,7.0
77000,-1.8684170898903765,0.09409453729971932,-10.08464961831693,-0.007880601374589888,-0.00014722799238081792,-0.11573863806175783,23.77478879088734,21.59189965730816,29.116438343900473,41.71940019981402,0.2734290781961999,4.028595083730092,28.63853527792953,77.23204293153321,0.0,4.472491769136749,44.986559751285064,3.864697774629435,6.0
77100,-1.6410530261559635,-0.0005079652296767767,-9.90570670021683,-0.00547214112547023,0.00911885150868838,-0.1501730726793937,26.493925137398097,21.234100444600386,28.078704662315236,40.88422265951334,0.2734290781961999,4.028595083730092,28.638515237728914,77.23203800394145,0.0,4.90342859989172,41.877003211285505,1.3934435850982259,8.0
77200,-1.8047469467270862,0.20474927751682365,-9.293668083467619,-0.004061722979049978,-0.013452306421462251,-0.14383563873655666,27.29855309164975,22.4529996035914,27.279621980157554,40.066393490673484,0.2734290781961999,4.028595083730092,28.638516202259474,77.2320202775768,0.0,2.846847885624171,39.58505171259769,3.692028809343358,11.0
77300,-1.5034101008957526,0.43689647717509317,-9.796903031082069,0.014288801569625326,0.014406763914953193,-0.14899241067767124,26.42519109741523,24.062424605104624,28.310925181426008,39.244446809135155,0.2734290781961999,4.028595083730092,28.638492780143544,77.23206250144207,0.0,1.9286703391920965,38.298073531533504,2.5720076949349466,11.0
77400,-1.6516579903168334,0.786918996743155,-9.320925344856011,0.008804245563068233,4.6538087958127375e-06,-0.1480479985145594,28.801568169434283,27.021414552259884,31.129724435434348,38.4255836511998,0.2734290781961999,4.028595083730092,28.638514984830334,77.23209765275803,0.0,1.7858528764199515,35.86171499088361,1.830705465381935,11.0
77500,-1.62539752268076,-0.056615642433931135,-10.06363098571282,0.0044528333711286614,0.006722916220849974,-0.14664324660376468,30.606309630264295,19.802146699503076,25.446713148388454,37.58666996681628,0.2734290781961999,4.028595083730092,28.638480438439405,77.2320323489421,0.0,1.4594946321309221,33.495391960990524,1.23561291314449,6.0
77600,-1.426057220310398,0.8927911518057738,-9.971410387145792,0.008954746216934237,-0.01118474911433726,-0.13862427440274394,28.922811986328743,22.27701265287703,28.391770194731617,36.77303465501259,0.2734290781961999,4.028595083730092,28.638481772559366,77.23209510815838,0.0,1.0618032357632128,32.84419133685075,3.8121885959709783,7.0
77700,-0.8822474191801666,0.6728195827266598,-10.336803003022318,-0.010529742622154087,0.011395840606936412,-0.14087037582713607,29.133515370037397,21.593366712399156,28.999184205303948,35.95441021198232,0.2734290781961999,4.028595083730092,28.638523137150386,77.23202502559624,0.0,0.24601055856715434,36.25819410368626,4.913279658166462,12.0
77800,0.016144688558125224,0.4585834136092163,-9.541153768554777,-0.00475827511391677,0.011822139239749304,-0.14193694288281006,27.89323681783713,18.082280746588964,26.57128683095231,35.13154177270728,0.2734290781961999,4.028595083730092,28.638530204974856,77.23204088314127,0.0,0.6030342893705276,32.82501247403768,4.904362261550553,10.0
77900,0.04698616230489851,0.7850310650909897,-9.559153859647282,0.01810953793048538,-0.0033742720023248384,-0.15484686268542325,26.15072695622971,18.993145726950498,26.467094968342924,34.309397156003136,0.2734290781961999,4.028595083730092,28.638493294694094,77.23202399720556,0.0,0.5879780767849441,34.945976347642286,0.617063193950119,12.0
78000,0.1567465620426238,0.802636821068522,-9.756623257778141,-0.007812876864298064,0.015284328399147534,-0.14571107190850882,30.61741433339634,19.314107935346307,28.708137204928033,33.494563647481,0.2734290781961999,4.028595083730092,28.63848778895518,77.23201963033173,0.0,0.20517960016563008,33.28343770397526,3.1163907956430306,6.0
78100,-0.7806662314417845,0.6176047741769174,-9.743564955422663,-0.02354426090327998,0.005816380765213231,-0.14795088514445315,28.118571479066457,22.497968554362195,27.913137422271323,32.678198085744555,0.2734290781961999,4.028595083730092,28.638525751556717,77.23198469755731,0.0,0.07842674059809078,34.32613516321194,1.8745336332472178,6.0
78200,0.10550630532318303,0.6247443307032733,-9.675303651205777,0.008010597255537733,0.002337655980984233,-0.13331814261024502,31.668844244270755,19.42126597461364,25.835300320662284,31.86192613429853,0.2734290781961999,4.028595083730092,28.63850825300587,77.2320788692845,0.0,0.0,34.26798636956957,3.958843315906718,7.0
78300,-0.2735894772900027,0.5506834946200742,-9.643531329360016,0.011599606608561991,0.005066049272819423,-0.14862807512495563,28.442424621812076,19.153436805761444,29.526229142618117,31.042263469362183,0.2734290781961999,4.028595083730092,28.63850793566588,77.23203222749106,0.0,0.3770286329906642,33.571248784121195,2.3332003124595277,10.0
78400,-0.2821724786074065,1.0551508118104183,-9.62943985823008,0.01783760896707724,0.0014462576811459151,-0.14838281327502809,34.62412509492616,16.555238569963873,28.60050813828797,30.236656316976507,0.2734290781961999,4.028595083730092,28.638524392931394,77.23204387756748,0.0,0.0,28.06682858693676,4.361495853793252,13.0
78500,-0.013428913709248844,-0.14531605185964713,-9.949829818356037,0.005585694398232553,0.00554535539596114,-0.1511659210638628,28.42177219503068,19.866722338097084,26.660203296124536,29.414671228799666,0.2734290781961999,4.028595083730092,28.63853628700951,77.23204641123155,0.0,0.01931142292456303,32.09155899229877,2.1884529986430525,8.0
78600,0.04245798117608953,0.06629661282062504,-10.132846702176806,0.007473230591359696,0.013135227584405863,-0.1460771028090476,31.064930968569012,19.425414401069425,29.037702798753656,28.592295155320336,0.2734290781961999,4.028595083730092,28.63849238019744,77.23209572372575,0.0,0.05762850015291064,28.919222407707785,3.7505022695817924,8.0
78700,0.14608796571247376,0.9005609087852724,-9.929081935331505,-0.01929918760205768,0.0016150960382245202,-0.13626358180089132,31.702341123818165,13.351813687164475,23.863628809663503,27.766595877099554,0.2734290781961999,4.028595083730092,28.638475643826492,77.23212464074201,0.0,0.0,27.014589437639916,0.6290033531765631,12.0
78800,-0.26252582008301356,1.1656541822547228,-9.821037605247605,0.0051462993462743105,0.017568260414691086,-0.1357492455813474,32.705954280285184,17.761476080479238,31.342476947196282,26.939343622541596,0.2734290781961999,4.028595083730092,28.638503194096064,77.23204869382373,0.0,0.010392298017341412,23.297620639844425,2.5097325995502953,12.0
78900,-0.13536173622852593,1.0690430878072295,-9.959571528528402,-0.014774159427074253,0.021195463489560668,-0.14380185688525346,35.8072716228713,15.662963303806109,31.140515938244533,26.101541355293293,0.2734290781961999,4.028595083730092,28.638467565851126,77.2320090072409,0.0,1.0685723217023977,24.052860126553238,1.7106763068968385,13.0
79000,-0.3327630771153115,0.5638790212856863,-9.510809910352723,-0.010665345550642434,-0.0011885904002500438,-0.12733728291431842,28.60586809042252,14.557402469876761,28.417717456481085,25.25993143016666,0.2734290781961999,4.028595083730092,28.638504781707642,77.23204293520426,0.0,1.5659930533531057,25.48452574389969,3.975066804512445,11.0
79100,0.3728275385229007,0.5110373676644895,-9.929470879064242,-0.011405902345932719,0.005568505201227306,-0.1455626664714454,33.799337240224745,12.337473874388493,28.180654406740228,24.43743482083312,0.2734290781961999,4.028595083730092,28.638519947608728,77.23199377126112,0.0,0.24134032432972108,24.81525911782276,2.651434101799255,6.0
79200,-0.849202880191905,0.3655143319482609,-10.1415221787757,0.004525552331866324,0.009348223665889194,-0.15929660698569464,31.05328407014163,12.82914089314,30.502434921239367,23.58960594846326,0.2734290781961999,4.028595083730092,28.638486692492865,77.23208009227562,0.0,0.7165852010940441,20.843118070721058,2.7752417250447436,13.0
79300,0.1210050964525152,0.6361215678877533,-9.491937638616703,0.005115482618213599,-0.008344168514089072,-0.08664491237690114,35.5512745794038,16.827684279097465,30.14535138796043,22.76613221009617,0.2734290781961999,4.028595083730092,28.638471820099287,77.23204662140981,0.0,0.12077486974017318,20.847098848393898,3.5958153230577734,11.0
79400,-0.12826418988183755,0.8920562866683253,-9.93511948107442,-0.0012008423285617903,-0.00483262358141781,0.02203526896240516,33.412030745364625,11.7630613258343,28.14648938408236,22.76439675352029,0.2734290781961999,4.028595083730092,28.63850795209028,77.23203907894631,0.0,0.0,20.287228648271316,3.36503346017356,10.0
79500,0.25364812888876404,0.6204001062971438,-10.069542472592284,0.023302589428400237,-0.0013949389945440219,0.0035438123255333636,30.246940212487022,11.975495822222781,29.823889067089002,22.76351782268975,0.2734290781961999,4.028595083730092,28.638499057449106,77.23201427509815,0.0,0.0,21.54833037951155,0.4292751205973975,13.0
79600,-0.4217780811165418,1.0714827392509143,-9.850417413407833,-0.0058257556157012185,-0.005683453486244436,-0.008143578760538586,31.685401042903877,13.763929212003235,31.468735622870447,22.752757222422996,0.2734290781961999,4.028595083730092,28.63854271140887,77.2320282348441,0.0,0.8189865556992104,19.617182239441735,4.683900620228092,8.0
79700,-0.22088874504200456,0.9334168958600639,-9.915359783575504,-0.0030191904167411058,0.01615502086548027,0.014792710951157731,30.494500658052264,13.733197994914153,28.90297215591412,22.75120910513909,0.2734290781961999,4.028595083730092,28.638489633106246,77.23201010750283,0.0,0.0,24.927495157280507,2.051485074934684,7.0
79800,-0.30360467235052674,0.15682131251659875,-9.567301942361368,0.011741204492808775,0.0016903724374697621,0.0012666536916848036,29.68722730794372,10.798242492161286,27.40949705954448,22.749159677274623,0.2734290781961999,4.028595083730092,28.63854939627984,77.23205387269286,0.0,0.19906682038560344,25.918169333868185,4.2420463571030576,13.0
79900,-0.003851483147266842,0.8026446723051728,-9.739821473385701,-0.006266458760743347,0.0006450728902252494,-0.010415651875404991,27.968492558715916,12.676374724329674,25.123036762657915,22.75229239478245,0.2734290781961999,4.028595083730092,28.638494172020625,77.23207058779731,0.0,0.16380507723869472,21.109785929028487,4.0547356364591565,10.0
80000,0.09590121286041042,0.8311612949230163,-10.065111372175227,-0.0016121105540164464,-0.004030851678413637,-0.017257284160705485,32.66251958967275,14.34994055204396,30.47208294389435,22.740776191401363,0.2734290781961999,4.028595083730092,28.638509481032557,77.23207329861023,0.0,0.35703035101768477,21.879947843495177,2.244967063083976,10.0
80100,-0.049063117287208,0.9967314356657884,-9.893123125455068,-0.005168395185692123,-0.0015284884443893748,0.0269078017861101,33.56422526578747,12.771799391639265,29.14969982752042,22.759666825885088,0.2734290781961999,4.028595083730092,28.63852513047165,77.23205946073469,0.0,0.0,23.840542427953153,5.0270464997207345,8.0
80200,-0.4415674101351211,0.20597080708300874,-9.813203457130472,-0.0074743980699893435,0.009455957524261416,0.008048984727255707,34.81430790723445,15.284166539134189,29.054934095661558,22.758279029806463,0.2734290781961999,4.028595083730092,28.638542520887597,77.23204308936462,0.0,0.0,22.897982370891594,3.435845495131061,10.0
80300,-0.4049274197139413,1.5578478123156654,-9.425757936576359,-0.006139527570352593,0.004649860665928561,0.01273634555946996,31.805783598734944,11.998572593523388,29.874384388843794,22.76383585239066,0.2734290781961999,4.028595083730092,28.638541982392525,77.23203273100317,0.0,0.0,22.909330515706642,4.921677313369397,9.0
80400,0.3496982923822527,0.4216188356255853,-9.52887604271853,0.0022370931654037275,0.013297528703677751,0.009033942054967674,30.711680692283284,12.164790407395131,23.571272533481295,22.76194326507187,0.2734290781961999,4.028595083730092,28.63851505646718,77.23203042755728,0.0,0.597419420070506,20.890005449383615,1.0015395573479795,7.0
80500,0.5168506099273706,0.5686377139306844,-10.214460602905989,0.0021941220077270544,0.004972097886008255,0.014816881944139668,32.749867461913546,11.748432703417102,28.169192137829906,22.76675174508804,0.2734290781961999,4.028595083730092,28.638568413820728,77.23205509148471,0.0,0.411267745722975,21.59361537450544,2.3036265520118366,13.0
80600,-0.28551673858937804,0.7419971366822313,-9.579699293594592,0.010175872818610186,0.010224729608564897,0.004266793543268991,31.92499657541858,14.299613213699727,28.30111744377144,22.76036002209047,0.2734290781961999,4.028595083730092,28.638499445539072,77.23205864847064,0.0,0.0,18.59112516800085,4.207957422049354,8.0
80700,0.1165509790728054,1.1555998052685699,-9.15265344264364,0.004410835905856951,0.011522013156488233,0.004315286087847561,33.966429380321095,13.578477081328398,26.47432331640154,22.763627392500055,0.2734290781961999,4.028595083730092,28.63848935287162,77.23205207274786,0.0,0.0,24.8877853351072,4.060746728115939,9.0
80800,0.044441941057920605,0.9198448381476267,-9.866259225088083,-0.01439204750836021,0.022529552647247663,-0.011222845903497843,32.82731066912627,12.720501281654618,25.481673807523553,22.775497288152554,0.2734290781961999,4.028595083730092,28.638512138977454,77.23200069506848,0.0,0.0,23.68071440430256,3.2595970988863696,8.0
80900,0.8328212747509767,0.4017311045833298,-9.85733099318359,0.008365674362605165,-0.0025281051228581057,-0.008060550202079068,31.533546069033797,15.527523784547887,27.901379127433973,22.767164837057003,0.2734290781961999,4.028595083730092,28.6385014007348,77.23207237242478,0.0,0.5607602946312862,23.03530711000925,4.286028605658201,10.0
81000,0.987402275535262,0.7006229651767198,-9.681455756757051,-0.0026475249168554857,0.0049792462413685975,-0.016375891099169357,31.777006385464954,13.55297080187993,29.74328239696629,22.77865416184523,0.2734290781961999,4.028595083730092,28.638524727856176,77.2320803061919,0.0,0.35988924615655643,24.753775977021153,4.612809496273483,6.0
81100,1.3691158809870005,0.9057504596043461,-9.84283596106778,0.01512974867705202,-0.005943069416257143,-0.00598330827419938,31.441848334801957,12.948200639569222,30.816544049006552,22.794350157253977,0.2734290781961999,4.028595083730092,28.638517519833194,77.2320533550506,0.0,1.22478838685125,22.229301219250495,3.9281341497450906,8.0
81200,1.3804673700971921,0.7655912852174563,-9.402006949511206,0.00773155978653035,0.004970986291814928,0.008457968999689421,29.126513950340158,14.94146291310301,27.04817431042596,22.810482633593825,0.2734290781961999,4.028595083730092,28.638502609562508,77.23202718561767,0.0,0.9336593470636688,18.84946776273153,2.9015611121413722,8.0
81300,1.788512897883974,0.5614447034722503,-9.628769227481884,0.00011644809512518454,-0.008209982604214811,0.009720286494116983,33.56517705245602,15.448550903882072,30.711883424517964,22.811723471632103,0.2734290781961999,4.028595083730092,28.638556173074164,77.23211374345021,0.0,0.7967344675927304,25.550864116101074,3.2428456916264095,7.0
81400,1.4542273869001348,1.165917201692243,-9.769928562182917,-0.004989961348752416,0.022735723762614065,-0.0015088047169389694,31.636146505139997,18.597788049588072,27.308814337439376,22.832581683212872,0.2734290781961999,4.028595083730092,28.638523149856365,77.23205211943227,0.0,2.349409936232169,22.45292753643168,1.2003970202027567,7.0
81500,1.6620037964284564,0.6481886927326571,-9.672571429506414,0.0011979552340412986,0.008690281735240066,0.010739539513422271,29.299524660865792,14.501498995246408,28.712315908649757,22.81560884949085,0.2734290781961999,4.028595083730092,28.638530564560398,77.23206230523994,0.0,2.7974880003606217,21.856758041196073,1.8089255475302297,11.0
81600,1.3919330412127469,0.9904503119556047,-10.204555153832214,0.006683269101894381,0.006444230763575542,0.004016402753275758,31.843113873327063,14.32238125691629,32.110975369995195,22.81973559616605,0.2734290781961999,4.028595083730092,28.63852391729538,77.23200961594405,0.0,3.991352650567994,21.362118321820258,0.8936712312760711,13.0
81700,1.415775487156321,1.6292111262533147,-10.068562601607946,0.015448120002350647,-0.007517045960573939,-0.005104330119419429,32.98614525149991,14.96903644762231,31.133512776496943,22.81895595941399,0.2734290781961999,4.028595083730092,28.638507215989456,77.23202955395189,0.0,4.3959987604944954,23.14464412857567,2.5439130916284527,9.0
81800,1.5804684759136083,1.0873743443414585,-9.409436282098628,0.004638920578821953,0.0013518774709748,0.034073177316557776,35.00913744544261,13.201502574638722,29.507636827002006,22.840354067462528,0.2734290781961999,4.028595083730092,28.638537938702992,77.23202314570474,0.0,4.231425564039458,22.393507752342572,2.0192418998123878,12.0
81900,1.1953373209073554,0.6722376200034221,-9.704263132429308,-0.0051202760144585255,0.019281686893605394,-0.011042642299288162,33.22810001672051,11.738427243643766,27.40383974648871,22.854470702929408,0.2734290781961999,4.028595083730092,28.63854459021819,77.23204098313623,0.0,4.954887900695193,22.196025613699767,2.3597130073929873,10.0
82000,1.1416575658350192,1.3930229520673936,-9.856974433490517,-0.005171484984327218,0.007141864402066421,-0.004894255860329342,35.30739855376373,13.18032629951044,24.318572557740204,22.862026578325445,0.2734290781961999,4.028595083730092,28.63849354898815,77.23202079534491,0.0,5.3411215586859555,21.2459105750516,3.7670116965369393,10.0
82100,0.887491163286111,0.5613206506956414,-9.862420201489545,0.01117168441486651,0.016376357686545436,-0.007728678326389515,31.317285053535322,12.56302426973176,24.73544599445402,22.8599055855639,0.2734290781961999,4.028595083730092,28.638495786469772,77.23207554735892,0.0,5.849662011160807,22.212438838972393,1.2035297291915572,8.0
82200,1.277189654775706,0.7606267224021201,-10.021315498336454,0.012582457546300961,0.01848703445833517,-0.006120213918687825,33.057084066204794,16.256397776967834,27.77820919457153,22.85849028522839,0.2734290781961999,4.028595083730092,28.638544840210898,77.23207016366887,0.0,7.6782887488055165,24.98429083038554,2.4496540951919568,12.0
82300,0.8587724468892106,1.0038646140466105,-9.734813526144496,0.012706968462019044,0.008261419669440198,-0.00802362415042421,34.74807630712431,11.850546601703787,26.39734180984221,22.860140129269812,0.2734290781961999,4.028595083730092,28.638534923285633,77.23202351739208,0.0,6.47753960578879,19.84363135198881,3.051649070838874,6.0
82400,1.4589568551245402,0.9790126424288847,-9.744258717258813,0.002765844712681395,0.014031407326453155,0.017706037144208972,29.618399675828925,12.116098054180632,28.6897079228201,22.868142970492464,0.2734290781961999,4.028595083730092,28.638554056985217,77.2320933925789,0.0,7.940812223093039,23.03235162337277,5.958559137766382,11.0
82500,1.5073964809350873,0.8316928699887604,-9.978625766997569,0.008116911231220932,0.017246043298227865,0.0038199765352630115,31.165893886507575,15.103220868719921,34.04987111475797,22.894900620572244,0.2734290781961999,4.028595083730092,28.63850093729591,77.23201980149666,0.0,8.069954068673374,23.966418922158184,4.998827978408702,12.0
82600,1.436427525161788,0.823513125848703,-9.942990281662794,-0.0034297817807849547,0.01381020772480477,-0.008473181583960366,34.36796081675237,14.861096816337476,27.01105077375031,22.907786844199975,0.2734290781961999,4.028595083730092,28.638514674083225,77.23201678252786,0.0,7.978405870670164,22.869530378520317,4.4416434648643754,7.0
82700,1.2872356878997648,0.6170867721407909,-10.036390191139192,0.009788767676923747,0.019489737850744794,0.0061686332964568475,32.540232647113406,12.380171639365749,31.0403990723046,22.917038703557086,0.2734290781961999,4.028595083730092,28.63854336809206,77.23201206067792,0.0,8.972426316993559,22.98051307995776,3.6026430055186665,13.0
82800,1.0658752712650719,0.5358781235037686,-10.057003810127448,-0.009743025795911943,0.029713678783943077,0.0022530439305045655,29.6516923303342,10.926922749409245,30.869329960569594,22.90984463552053,0.2734290781961999,4.028595083730092,28.63850366906052,77.23208427176266,0.0,8.552902257784442,23.128174473646855,2.4096389664981555,12.0
82900,1.4700381035219483,0.8878215052923374,-9.845658764649837,0.0010882063417483796,-0.006385003262353532,0.000834086950313832,34.470404984925906,17.08582874925643,31.513668525748486,22.907973775234932,0.2734290781961999,4.028595083730092,28.638563143070996,77.23208949023766,0.0,9.280364057345425,22.15793258731305,0.3789815737037401,8.0
83000,1.5934411440877623,1.1455219104071201,-9.392908422004389,0.03668231094628179,0.009466155853545728,0.015930791773108702,33.30777718267355,13.494879796434867,29.35503372392487,22.920747476117278,0.2734290781961999,4.028595083730092,28.638560032168424,77.23205914199416,0.0,9.523937300575675,24.883447225082215,2.9040554148423454,11.0
83100,1.1578624906748556,0.8911202804730917,-10.064683754914801,-0.0007767656898293633,0.022544458255217257,-0.007083165784369577,35.09860585659153,13.312544676516907,27.299482920752133,22.93029001972902,0.2734290781961999,4.028595083730092,28.63854805099486,77.23205440114918,0.0,10.77433869616585,23.22376716351901,2.8086092810537124,8.0
83200,1.6684013040071888,0.9181924877204015,-9.905043512855585,0.01569274166852797,-0.0011720480314162422,-0.005357321761453829,30.90209860164002,12.874757370454684,27.420664625188657,22.933018730970776,0.2734290781961999,4.028595083730092,28.63852856756887,77.23208150157079,0.0,11.036574895791366,24.75635188754091,5.216458331690041,13.0
83300,1.8619840275887578,1.3808548775228908,-9.976829688053627,-0.004941626045799073,0.008395625864806425,0.0009111276793703443,33.651746894068246,14.726320384592807,27.117906222449786,22.941213995872637,0.2734290781961999,4.028595083730092,28.638570498247798,77.23202851764594,0.0,11.659040421882667,22.34635789723185,3.8831050491419896,11.0
83400,1.560813608899852,0.8724973357861187,-10.208582598587142,0.006168664088131969,0.008778245750549803,0.017229221185697363,33.393198729455854,12.083705515630072,30.438443253655105,22.94084351711868,0.2734290781961999,4.028595083730092,28.638559522761685,77.23210454292445,0.0,12.357471741110773,18.464917491028004,3.069116858666429,8.0
83500,1.7233946746085234,0.5380274094116109,-9.526719524983816,0.008898538549492623,0.0176863029920601,0.0005215821278059938,32.096020102926815,16.1184152955043,27.436849891105894,22.95013055372168,0.2734290781961999,4.028595083730092,28.638556309659887,77.23204963253494,0.0,11.496228262869604,21.814851310315788,2.2951460371742183,7.0
83600,1.5927012236321818,1.2036157237905263,-9.381586560931902,0.020820857740647597,0.012295702235720352,-0.007911627942663296,30.703736897984918,13.458252208640191,30.14918182892512,22.946773058373797,0.2734290781961999,4.028595083730092,28.638544326942558,77.23202366724193,0.0,14.29061392620647,22.24804642973021,2.694546107772708,10.0
83700,1.3301763659698298,0.894649800000749,-9.433720780123576,-0.007939652823528476,-0.0022561183127846555,-0.008610501907490659,32.699084396929386,13.335479963372658,28.656813858749423,22.93870753040263,0.2734290781961999,4.028595083730092,28.638568597670794,77.23203468801843,0.0,14.21804548398909,19.0430691719381,4.328935395875085,12.0
83800,0.6347900930916793,1.06717805834655,-9.46358196539145,-0.010067688383740437,-0.006732741036074865,-0.0037073400886883214,33.547219142537514,14.280839928404832,28.728941676853246,22.93373727509379,0.2734290781961999,4.028595083730092,28.638580214823914,77.23206964731284,0.0,14.60766534275474,23.334231724443672,3.105424418672512,7.0
83900,1.420211941136941,0.6630115519224875,-10.424369729261883,0.01041324071267618,0.00670243060697343,0.018546976793844594,33.42063795725443,14.025080029102051,26.475190157538208,22.933631154113023,0.2734290781961999,4.028595083730092,28.638578451873055,77.2320390832223,0.0,14.964583717138815,23.78497344293724,5.402553834357857,13.0
84000,1.2050302665385937,1.0963158929486077,-9.430253693312604,0.008394430075476956,0.014179025100710726,0.01403331019352741,30.021760475449426,14.286501287099627,26.713877131709168,22.93358715902891,0.2734290781961999,4.028595083730092,28.638538099976447,77.2320555186761,0.0,15.028355801495266,23.924775902859885,2.187124694686691,6.0
84100,0.9256698068838589,0.9562850056762416,-9.872477779692725,0.02683863197478631,-0.006103167964491095,0.00371248025071603,34.14810345768433,14.79502520620678,28.396850746752143,22.945546318066704,0.2734290781961999,4.028595083730092,28.638584902542437,77.23211773549471,0.0,15.012707810858664,23.2864730622817,2.120772820052877,8.0
84200,1.2700440478466288,0.8416558480165235,-9.519671186116149,-0.00726542529215654,0.014991414581608107,-0.00872426672153692,29.05445184674614,12.71695014722058,28.203998649786026,22.95234881690867,0.2734290781961999,4.028595083730092,28.638557951954514,77.23200788597713,0.0,16.574667574950976,25.049565508726495,4.006831705172304,11.0
84300,1.683825319958644,0.6684082037346553,-9.36965058107699,0.008208372068734912,0.012092110280532128,-0.01227981628001193,29.014208028864967,12.616886310097929,26.220923179578666,22.951774067153824,0.2734290781961999,4.028595083730092,28.638569517508184,77.23205781719018,0.0,16.538900916953857,23.01205502017636,4.721937101326785,7.0
84400,1.4488332151829773,0.3467113706332152,-9.324367919596073,-0.011371192818023245,0.001608873245860623,-0.016327280116545988,30.073909315474722,12.32835649177243,27.992308014447286,22.955078301214353,0.2734290781961999,4.028595083730092,28.63858369156143,77.23203350647256,0.0,16.27863547328542,25.476082137744395,3.4635191225166793,7.0
84500,0.8021978978779616,0.7531807004457686,-9.95555411327606,-0.0060088337351723335,0.008175174010375546,-0.014457238932614936,32.691901706284185,12.26365161153757,33.51222640592469,22.942815116786754,0.2734290781961999,4.028595083730092,28.638688637613804,77.23210298149242,0.0,17.492556326100974,21.30258322976683,2.9555584052038544,8.0
84600,1.4108950399179068,0.5789677720053402,-10.03853957081103,0.012759340392881999,0.0016659044711343153,0.004586884570229915,33.78530821804815,12.677429669387928,27.750418826531963,22.934543944014177,0.2734290781961999,4.028595083730092,28.63861558693077,77.23205976871358,0.0,17.834121773223536,24.85678055552056,4.238017191624582,7.0
84700,1.644309295100261,0.7053707395937663,-9.55704759747393,0.0004365982335014489,0.0170731337892898,0.0061970181198098455,33.71683834441231,12.58809197590322,27.541904588717795,22.931692364069242,0.2734290781961999,4.028595083730092,28.638546999153107,77.23207331219484,0.0,18.281409561379974,22.66668564494661,3.298817830117145,13.0
84800,1.665631724914313,0.7776002090508674,-9.420714166215642,-0.006937634010841648,-0.004146602511971956,0.010779230397210035,32.062716526649965,13.835382969284176,27.171126779279362,22.934523450010627,0.2734290781961999,4.028595083730092,28.63859887943688,77.23215522797862,0.0,18.93257005105784,21.10063749548233,2.461399416476631,13.0
84900,1.2977761744379352,0.35674059623226106,-9.830977428105314,-0.00392476929764098,0.01427128074166949,0.006080282551064351,30.123244366266945,13.997435168476041,25.884471019162213,22.926430005133252,0.2734290781961999,4.028595083730092,28.638569739209544,77.23209807689287,0.0,18.988806300274685,21.312607637591316,3.0190455186582836,9.0
85000,1.9003530478832513,1.0041626716427765,-10.616582479290148,0.009803901064750122,0.006372471647421336,-0.0019509694786500392,31.275894276509064,17.28125861745634,27.8480782942177,22.923012474644477,0.2734290781961999,4.028595083730092,28.638603509227252,77.23209231413531,0.0,20.685192705388236,20.60275731846068,3.8718016233668724,12.0
85100,1.6358705730933223,0.8503037151770619,-9.688433296246258,-0.005231400964894917,0.018818422716522017,0.001679746074309044,33.32482807995643,12.290493329784708,25.282324749651377,22.910286570983835,0.2734290781961999,4.028595083730092,28.638544285475085,77.2320864343482,0.0,20.358712497706364,24.29354530741682,3.7382839732203954,10.0
85200,1.843307446211845,1.3203916051457423,-9.21377081859975,0.006606692560878111,0.01679628182944916,-0.00916376686344324,32.86633321753099,18.28737374391403,29.4397652640638,22.93576713378016,0.2734290781961999,4.028595083730092,28.638617688870255,77.23206600491235,0.0,21.372136403368458,23.14570015807976,1.1610167339145108,8.0
85300,1.4162081242757532,0.7350229254309893,-9.888283189818848,0.007498682668977297,0.01332789615209895,-0.007101339405908646,36.26303254335377,13.209727626248364,28.365684010585234,22.94209615740028,0.2734290781961999,4.028595083730092,28.638596187192746,77.23211727018185,0.0,21.724684138923518,25.639586272780722,1.825039542034721,10.0
85400,1.3312704147326881,0.8427525099298244,-10.002296450578106,-0.00272616188757615,0.0012160710973394837,0.009086352581862214,34.82516167666018,14.269629043136787,29.603704412667057,22.933193141427687,0.2734290781961999,4.028595083730092,28.638630322389275,77.23211673294462,0.0,22.921746433214366,24.92227673578265,3.7024391929270193,13.0
85500,1.5594202170936502,1.1057800305770134,-9.960386050497663,0.014552013092924119,-0.0027151119244010384,-0.013650834310892283,31.634741363337568,13.689744622924291,30.38475590332207,22.90952967372012,0.2734290781961999,4.028595083730092,28.638631526162513,77.23212804931154,0.0,22.96247235875633,26.227894904448267,4.827664233622176,8.0
85600,1.811611422630234,0.747832515847194,-9.891054628748334,-0.010362636817409315,0.02271251817306018,0.01579761338726831,30.23031359511395,14.641469916787033,29.420948612712408,22.905095510345138,0.2734290781961999,4.028595083730092,28.638618634211806,77.23205741007268,0.0,24.301903002898285,22.885468357977995,0.7043679735523631,12.0
85700,1.103552531901817,0.9144512099361569,-9.990298483189672,0.012560562812684261,0.0004298575840785421,0.02041420153229352,31.752661752650933,13.695291335700524,27.09290810031605,22.905650095741557,0.2734290781961999,4.028595083730092,28.638665592802795,77.23209663151171,0.0,24.2227233757672,23.136393908730774,1.0400850566814759,13.0
85800,1.767578690760451,0.5030515874466822,-9.878472702041387,0.01790419736989173,0.00016748977638319975,-0.009509453893622512,27.91641994095068,14.829818526093383,26.217737236518047,22.91867925027202,0.2734290781961999,4.028595083730092,28.63864959320615,77.23212924496488,0.0,24.6007199542616,24.451085430791785,3.2866291056576364,12.0
85900,1.9865620701468198,0.5194311279082326,-9.838757238036688,0.00345437391159669,-0.008392959585872179,-0.0061647800324962435,31.134849358514504,13.668416514804534,28.505872573253907,22.920161881319384,0.2734290781961999,4.028595083730092,28.638645947028987,77.23208161372868,0.0,24.772798287983875,23.678555975940927,1.5963256563922301,6.0
86000,1.4362644972306602,0.4229375744422132,-9.375679382264396,0.008975345737217397,0.01575626519233119,-0.004660918270764057,37.14509769884224,14.904917263263167,27.978171160787404,22.91334583690769,0.2734290781961999,4.028595083730092,28.638674145888093,77.23211679316934,0.0,27.205895506608826,24.81415113476159,3.111283609818105,11.0
86100,0.9530553973022252,0.8734750105529894,-9.276163099794168,0.012262626360418308,0.02369545012314352,0.0073668347025406915,30.71395759159819,15.414451966596793,28.674773263001697,22.8998947794589,0.2734290781961999,4.028595083730092,28.638627077740733,77.23215353167413,0.0,26.620871550871605,23.679545239123886,3.6345594398353325,10.0
86200,1.5293494949790725,1.1085871026406455,-9.351619399372007,0.01583829654408631,0.008533098500194531,-0.006733806193619574,31.480386469666225,9.839850194277165,28.538918273011042,22.899937744282838,0.2734290781961999,4.028595083730092,28.638715510136652,77.23212267243805,0.0,26.791786108218954,22.996242877075776,4.266683222378548,6.0
86300,1.348063643062978,1.0731030389316187,-9.717532775799189,0.0101638742840804,-0.0050301751187254,0.00035930344634780404,33.49190648729341,11.83263140085691,30.19355299447469,22.90359926643106,0.2734290781961999,4.028595083730092,28.638694317677935,77.232102530749,0.0,27.33049265310229,22.932573621383284,1.5102876176959117,10.0
86400,1.0318278396778249,0.7915185636059079,-9.288202607162017,0.006047638006049256,0.004889776657274048,0.005569928564996546,30.107563941035156,16.136521426494912,32.561748877077264,22.911906592282538,0.2734290781961999,4.028595083730092,28.638646448854193,77.23219055020243,0.0,28.397683470324434,24.20511067918632,1.2904211892382045,13.0
86500,1.2596511321800268,0.9861760515252241,-10.181379362160072,0.0022234579056833316,0.002717361304191981,0.023515963246717793,33.37549529589817,13.569218759739307,27.7772645148527,22.90073700149899,0.2734290781961999,4.028595083730092,28.638712493421,77.23207963020579,0.0,28.664456331030536,17.777428002772112,3.342075513756635,9.0
86600,1.114035271143639,0.5761067876762769,-9.164064216649729,0.01558466217234384,0.013748294846107418,-0.0003969127697427367,35.74406662389548,16.160125628902794,27.36485831887627,22.90903792327141,0.2734290781961999,4.028595083730092,28.6387286229584,77.23214055894873,0.0,28.37232790095079,21.536236209856817,1.1312642431202384,9.0
86700,1.5121365447574877,1.5514182733994593,-9.829232385989807,-0.00609887859574934,0.00849238117618403,0.005738092995798538,30.826173192053307,16.79398194963143,29.062243797787595,22.93390771071186,0.2734290781961999,4.028595083730092,28.63865491370579,77.23215314360895,0.0,29.02421681602792,23.65558805284008,2.915920796227507,7.0
86800,0.8557390301180264,0.44380753135248985,-10.012008746606291,-0.0038639037592027884,-0.001392081433748798,-0.004059459664090621,33.99049041554648,12.674836033736876,27.162308275667407,22.926307670950973,0.2734290781961999,4.028595083730092,28.63867335010101,77.23211428855713,0.0,29.795178716054988,22.33945639417035,0.9789811156332218,7.0
86900,0.042224245904038726,0.9351813328235594,-9.914333190415407,0.007104591062772839,0.006732626589035259,-0.014344582568950347,33.43291759313675,14.541322025459307,32.46864052190963,22.91878388575054,0.2734290781961999,4.028595083730092,28.63866707615034,77.23210463607741,0.0,29.672228374179618,20.907167132027123,2.077567069273431,11.0
87000,0.189017103154677,0.7466431605437968,-9.275695308772907,0.009307999107669888,0.00043053504361447066,-0.013819322427575501,34.822418047120394,12.824710643468169,28.281912718690034,22.92747544941561,0.2734290781961999,4.028595083730092,28.638735777743285,77.23215490495792,0.0,29.963965111329795,23.84211597325752,4.04953095661363,10.0
87100,0.0902834322688848,0.42089039110649856,-8.949017328372962,0.015205455666379361,-0.007683577432944048,0.0008764321205433153,31.236058506089105,16.63095902035699,29.29563007978818,22.92739640427358,0.2734290781961999,4.028595083730092,28.6387260284149,77.23213968414032,0.0,28.981411769013544,25.011910660435323,1.9414025289366121,8.0
87200,-0.19307195220344778,0.6309969062144024,-9.896245082419135,0.0016573086048370022,0.016007034100268457,-0.00547034699758876,32.809432533115256,12.59753402592234,27.69366328428495,22.948482770353493,0.2734290781961999,4.028595083730092,28.638759920067084,77.23213499950015,0.0,30.018906270393167,27.332784913189535,5.278457637962362,11.0
87300,-0.03703747938079316,1.6922430166733253,-9.799715579001692,0.004682926289291272,0.015303362498809266,0.09622035075985969,33.672758323582926,12.887938946169673,27.82546307913611,22.93990416726408,0.2734290781961999,4.028595083730092,28.63877238524181,77.23215571808304,0.0,30.49620528351929,20.826730311415552,3.2120744667495327,8.0
87400,-0.28036880054812097,2.79924720479709,-10.318240334998883,-0.004820631998947915,-0.003373331954938414,0.23977579261648474,34.123241724086554,14.473413481765078,30.696615040153812,24.305540304214837,0.2734290781961999,4.028595083730092,28.63873265865657,77.23213617438398,0.0,29.805908700401808,25.588509958870628,3.2114614299356403,9.0
87500,-0.06201896917949362,2.6172751988109875,-9.698853547915963,0.00838598993480933,-0.000615352290021234,0.23293907855205334,30.723233053883256,14.98417846650659,26.125290845639377,25.669689117291938,0.2734290781961999,4.028595083730092,28.63874733987642,77.23214754476811,0.0,30.707423846479493,26.138338207177597,2.56250349726153,7.0
87600,-0.34607063447171815,1.9958377484173617,-10.004234763057678,0.004010585570958718,0.004734807661583732,0.23906436387291222,31.35857700189564,13.886443849555448,28.24649449309397,27.02994730525724,0.2734290781961999,4.028595083730092,28.63875144060834,77.23220365893806,0.0,30.361132098244692,27.267047561921988,2.507887625103944,10.0
87700,-0.8346303318259357,2.605735151302471,-9.636477586364396,0.010460776186815915,-0.007932421420136695,0.2556788758839965,27.466587130812343,15.621677487524703,25.884952015486835,28.405405194532552,0.2734290781961999,4.028595083730092,28.63874307885655,77.23217648683874,0.0,29.576379198298365,29.417262796378623,2.9918830287244726,13.0
87800,-0.5103701432255573,2.544837543884973,-9.94454369123811,0.002904565187824553,0.0004748641373383076,0.24217868161595021,29.557313909493534,19.253253607754953,26.371257108885537,29.783044597983967,0.2734290781961999,4.028595083730092,28.638800149309457,77.23219408430178,0.0,30.089295772648555,30.554891844558018,5.277812246298365,8.0
87900,0.20654619590448786,2.074670103600856,-9.919885983070099,0.018712246353538634,0.02822062307767778,0.22751788548251264,26.988475928158106,22.144473191045115,25.92554745123544,31.14479090841906,0.2734290781961999,4.028595083730092,28.638783564399436,77.2321758165838,0.0,30.0197631159732,30.59962254399392,3.5281957943858915,7.0
88000,-0.01932262530457657,2.501351436087086,-9.032421722919832,0.009061418710529859,0.008101241175276202,0.24409812885029186,30.358862027897782,17.81528089412223,24.526407407251305,32.51250978417187,0.2734290781961999,4.028595083730092,28.638757493995666,77.23217302089371,0.0,29.599606431736653,34.01557912322381,3.3116925717581682,8.0
88100,0.1720409881141869,2.396385236141345,-9.24318707505528,0.018349963485228996,0.01511244848043574,0.24078506265377253,31.26844792080901,14.33753361224841,29.133339327685754,33.86641210123656,0.2734290781961999,4.028595083730092,28.638775613758003,77.23217036883932,0.0,29.377958826164527,34.12377944499067,1.6313760351300404,13.0
88200,-0.39455275977891685,3.260025920164723,-9.89621432285646,0.005020719107351397,-0.00012454809184550032,0.2355766506632115,24.049877761962087,23.1957315222484,30.335754965118046,35.23943931712981,0.2734290781961999,4.028595083730092,28.63879016179804,77.23218360424018,0.0,29.246049958372648,36.938273086066935,0.1545680399933067,8.0
88300,-0.514827171112871,2.9033446163134977,-10.0269028409951,-0.0061166728826441185,-0.005848999764951014,0.2269943272637734,30.29091716418536,19.805453176563795,24.765013015489835,36.597320298565975,0.2734290781961999,4.028595083730092,28.63878631054119,77.23217499055804,0.0,29.474147563928014,38.57406007413714,1.4434736443149996,8.0
88400,0.10961485103421348,2.82430093999425,-9.291308803293058,0.012838600576072633,0.011065487331998598,0.2556557666699051,27.789460230959516,23.826093779154274,29.11729071220408,37.95234056143317,0.2734290781961999,4.028595083730092,28.63880102435144,77.23224100009853,0.0,28.886821278326217,38.973205244217844,3.7623563760685843,7.0
88500,-0.06321085503728391,2.701749277494913,-9.879549820198179,0.015490119959397777,0.022872638666617272,0.2419428299225146,25.93369753274535,23.47902410550147,29.503741584256467,39.32342274942069,0.2734290781961999,4.028595083730092,28.63885347116115,77.23220720037452,0.0,29.7373602305201,38.72390094597604,3.6077205856230803,12.0
88600,-0.06415709455167018,2.544150210096399,-9.266125084183557,-0.008221690810964633,0.008879425530163626,0.23409722625461502,26.05138661776551,20.743151675521325,30.260845312687863,40.68060907477149,0.2734290781961999,4.028595083730092,28.638816533241894,77.23219408889967,0.0,30.21374101553834,36.070306154271606,3.851038554457671,13.0
88700,-0.29331419573057294,2.332991543562317,-9.817578171248437,-0.004488892857800021,0.01710775955852928,0.23387470008781955,26.50171193569886,22.959583048478336,31.050762806657918,42.04949567381182,0.2734290781961999,4.028595083730092,28.63885678083241,77.23221880704101,0.0,29.84421295879276,43.82455902050563,0.4602275505401865,13.0
88800,-0.436013166867739,2.445398597884489,-9.654857339108316,0.007576238867790533,0.007806343530091615,0.22755250278403996,30.249315393168526,22.520429821269968,26.835132626609873,43.42500066216585,0.2734290781961999,4.028595083730092,28.63881528624241,77.232205067326,0.0,29.72399508029046,45.6990444629738,3.1015423252263665,9.0
88900,0.049661691363290406,2.386421899005925,-9.765566203789412,-0.010552567121117348,-0.00515807183887726,0.22198858094312363,24.797739533755184,25.04753330045248,28.32252543288069,44.79130669572655,0.2734290781961999,4.028595083730092,28.63880310553881,77.23225690105615,0.0,30.03563214022518,46.45583633935296,2.933563017779362,6.0
89000,-0.6718405774346636,2.2107139667215363,-9.782008538145355,0.0014606955502553835,0.01053231799791181,0.2528950699062262,23.588059461496425,25.761278623804472,31.017688518416925,46.15589456040297,0.2734290781961999,4.028595083730092,28.638843664419078,77.23223500467465,0.0,29.775536547667617,48.50525340422324,4.2707350123585215,9.0
89100,-0.11156175943006658,2.5024172619513125,-10.047003480701699,0.0117009857523779,0.025668432957614843,0.2393519365048166,25.569405487059356,28.902540806343225,29.87669268234166,47.51110808855959,0.2734290781961999,4.028595083730092,28.63889026203042,77.23223713447842,0.0,30.13210691158152,48.5082868685929,1.247598856899074,8.0
89200,-0.7969690010578476,2.029030508654388,-9.520534346887505,0.006351037946349784,0.014504868513993855,0.21469623309704355,19.580879390419017,24.42700107338294,28.48276681597958,48.873800896871096,0.2734290781961999,4.028595083730092,28.638854967561404,77.23222777340278,0.0,29.9039087551658,48.356340600353285,2.1939275473058206,13.0
89300,-0.6882461582830515,1.8482288099597775,-10.099386963040569,0.0016859119394654824,0.0012340370161491791,0.11846469781783758,22.74783654219629,27.01602718213827,28.9159130903886,50.26688188890265,0.2734290781961999,4.028595083730092,28.63885890805997,77.23224150527103,0.0,30.191410906956,51.173997126864364,3.9720369509030804,9.0
89400,0.6012754152812073,1.1048586570970995,-9.472053047556038,0.00010835873749057666,0.0032647631127171997,-0.004574175537497863,25.868235092074695,29.69380300526145,28.031697377990515,50.28184422893617,0.2734290781961999,4.028595083730092,28.63887474405314,77.23230521302514,0.0,29.51891201936777,49.98433618234917,0.3223224315420161,12.0
89500,-0.4853674104179361,0.5017979248547617,-10.203743722123196,0.016936756623883758,0.00950858009386575,0.006259799163071613,23.955107639016603,29.052032032355132,28.903106462567777,50.28420450771887,0.2734290781961999,4.028595083730092,28.638877857437407,77.23230679241948,0.0,30.16759821093087,50.32100938360515,4.745898027268607,7.0
89600,0.011612673312506615,0.34915271006531123,-9.764273235034734,0.0028241556460732857,-0.007501243560438984,0.0019844498723216772,23.962196070522307,26.36931069008527,28.096144144400792,50.27514876597209,0.2734290781961999,4.028595083730092,28.63886819694414,77.23221496926921,0.0,29.061714213061563,53.30337691292901,6.366773423477816,6.0
89700,0.20483888852300133,0.7573884325380535,-9.509339080590848,0.02132712321905818,0.008719965644099893,0.005154568196826178,20.196324516620074,28.86932577924727,28.562642815777608,50.26632467228817,0.2734290781961999,4.028595083730092,28.638889161004755,77.23228078938185,0.0,29.82741380678452,47.54894178847902,3.043306492787687,8.0
89800,0.001822711455690608,0.5289664797255752,-9.684176238772483,-0.0021276371717699957,0.004929175989206296,0.0016194647537737862,20.415770610517125,27.019421237133752,30.509394713916144,50.27774187250834,0.2734290781961999,4.028595083730092,28.63883507434411,77.23227400361807,0.0,29.220382463902773,48.354635352918365,3.5630936476184805,9.0
89900,-0.28151334192178745,0.9938919883720592,-9.936388467484308,0.022206224799684402,-0.009813148048150956,-0.0011548889309864073,23.661731664169043,24.10325790791075,28.387543407973002,50.283564038655186,0.2734290781961999,4.028595083730092,28.638882388778562,77.2322927001009,0.0,29.746505058119865,50.49501101391317,2.9709196543691734,9.0
90000,-0.778853512408255,0.6432078764269803,-9.653991276098076,0.008050695312363264,-0.007340145944345628,0.008652384749828285,20.7668825586833,25.382270395195047,25.89277841950875,50.27858646068179,0.2734290781961999,4.028595083730092,28.63891745244974,77.23226099075156,0.0,29.274144807472492,47.38768008335299,1.919003567330605,13.0
90100,-0.1206264295056558,0.7422470886352885,-9.654862305258266,0.03309894005385301,-0.0009531444143113374,-0.005695814817089759,20.325523389883042,29.80735907576242,26.21289615216866,50.28298127330943,0.2734290781961999,4.028595083730092,28.638909107812207,77.23227314586372,0.0,29.524630411049543,50.84993887504796,5.6227183852438944,13.0
90200,0.052382990350371555,0.8130725360847288,-9.614861056763042,0.0064144770702146865,-0.00042251187647590876,-0.0007473793426637197,23.64635382069595,26.927287197291903,29.691521256001415,50.272331880827956,0.2734290781961999,4.028595083730092,28.638896514118784,77.23230481696788,0.0,29.2759778460614,51.24813963263001,3.195606121433223,8.0
90300,-0.23645334029080595,0.6113843775251506,-9.883760914849853,0.00581563165232531,0.022021887786641322,0.0005252369704375572,22.936096920241482,28.30564147704194,27.90854392808306,50.2765316953119,0.2734290781961999,4.028595083730092,28.638880541364166,77.23230618593122,0.0,29.042820778193118,54.04421795785333,3.6238618732980865,7.0
90400,0.4578156455349004,0.7541563604160891,-9.39700834617539,0.004329574262586969,0.0054515706152355545,0.009656337623766898,23.512788208588056,25.807218621486733,28.37529623756125,50.2780640393763,0.2734290781961999,4.028595083730092,28.63891559588714,77.23231093954037,0.0,29.7908564519991,50.82748025831155,1.2829220132868413,9.0
90500,-0.07143475360014893,0.8323651934423378,-9.516330264625957,0.005686988054237147,0.009707709151383397,0.003552630233150323,21.75695150040621,28.307376665093958,28.537336474075396,50.26629860785533,0.2734290781961999,4.028595083730092,28.63891531556032,77.23238531551202,0.0,29.4246321257231,50.59260669168293,4.567834896551394,12.0
90600,-0.23078551275106216,0.4776059615190964,-9.653033119759026,0.015488519729378064,-0.002303627519535444,-0.007829261459863188,21.19689931988003,25.385178907101135,30.77051200050144,50.271856733297334,0.2734290781961999,4.028595083730092,28.63890235081702,77.23233354859077,0.0,29.208705553436225,53.128958768793325,4.9322233032158564,10.0
90700,-0.2940764321263747,0.734089517130341,-9.502374886745583,-0.01749256474052764,0.00579883324136817,-0.0036415173491461603,22.966348336578363,29.636423414326188,32.747978455209115,50.27698199578259,0.2734290781961999,4.028595083730092,28.638944257929214,77.2323355808485,0.0,29.071823688433057,50.01062978581671,4.122728819816912,12.0
90800,0.2189283663001474,0.3595538143938907,-9.712515792744117,0.016373501559177547,0.003387827452980576,-0.0028108169390922487,22.65995457289952,30.848877392515405,27.6026279171767,50.290770776714275,0.2734290781961999,4.028595083730092,28.638962339370067,77.23234315673223,0.0,30.137192391137503,49.89154786627841,3.0614865063495404,10.0
90900,-0.07131310780028269,0.8955901446638616,-9.950572709381268,0.009586925477112386,-0.003942997462182292,-0.0015515636599798936,25.566379946930766,28.44431667755183,28.710195668965618,50.27969193963723,0.2734290781961999,4.028595083730092,28.63894750068505,77.23237900932143,0.0,29.094948706217018,54.97572837199167,1.1569910032143995,13.0
91000,-0.1849595212090058,1.0393410249670478,-9.506175818090025,0.0021806117153621795,0.01826953917003581,-0.01897756799891506,20.682742866994158,27.293925131571193,28.801576691776216,50.28151471105225,0.2734290781961999,4.028595083730092,28.638912982411036,77.23238903551842,0.0,30.078637384473197,48.94752809794912,5.484574125869347,11.0
91100,-0.13920094058226096,0.501187783970594,-9.55917406048691,0.0028028322887222157,0.001905639529800452,-0.007544100657652931,23.52707929489562,25.865987939236604,27.585739795671884,50.27493096344345,0.2734290781961999,4.028595083730092,28.63894514072235,77.23243956258338,0.0,29.01424543891815,50.61955694933653,1.8632613217257323,8.0
91200,-0.07229920838501802,0.7816097445637612,-9.751513552965973,-0.007541037423887711,0.007505367615082975,0.009632892392596806,24.170683799322973,27.06708167593674,29.1664697533413,50.27128713490466,0.2734290781961999,4.028595083730092,28.638908486651893,77.23237084508558,0.0,29.351360072592637,46.28067370287905,2.9243546336491897,12.0
91300,-0.4442984781621624,0.6083562292748775,-9.211375829562138,0.01229235090670409,0.005516912104633979,0.026041571126619523,17.731891789024196,30.247480343153573,27.08358071186228,50.26606997023609,0.2734290781961999,4.028595083730092,28.63900789600532,77.23237369179743,0.0,29.288248030474655,50.920336582973974,4.644114317190118,7.0
91400,0.05905618178591312,1.361304641449761,-9.930657009850298,0.010608294306409374,-0.0007584128048428113,0.006458432542106485,20.062482809638993,26.769541510092452,30.99312198624547,50.260386512595815,0.2734290781961999,4.028595083730092,28.638994987604374,77.23237835176096,0.0,30.1128003094161,48.980826603302916,4.375096767440741,9.0
91500,-0.17843559274738346,1.2091575691984577,-9.628750917741284,0.01340046933183884,-0.018644794721142288,-0.007805751923746204,21.699958948705188,27.362998469947655,28.10393104320053,50.2625921849615,0.2734290781961999,4.028595083730092,28.639035550999036,77.23238371608363,0.0,29.977431365961472,48.86393004847936,3.571375611034484,6.0
91600,-0.3454362562562405,0.9109493225464789,-9.411936806938973,0.005090608326514902,0.0005315023016843282,-0.002438965054601618,21.555622582188583,27.545533373623616,31.280486102410098,50.26841639563811,0.2734290781961999,4.028595083730092,28.63897506375673,77.23236613332587,0.0,29.726234180647097,46.66548525500523,3.5448716000146034,6.0
91700,0.07277715741787377,0.6142762831421511,-9.441778686073055,0.012368955847025,0.0031258177147019087,-0.003246287490227986,20.70634413998548,28.74395433255722,29.15729430351617,50.25404618424539,0.2734290781961999,4.028595083730092,28.638970001738137,77.23241842392989,0.0,29.491616789272076,48.21548386459145,2.8056053840911517,11.0
91800,-0.5559964085663562,0.6865289826012936,-9.926359924545789,0.010051054727929373,0.018475604374174913,0.016898724634904987,23.360460302371045,29.50601095470169,28.155985973932832,50.258295342910074,0.2734290781961999,4.028595083730092,28.638990382676653,77.23241637236133,0.0,29.403096425267428,50.024899097471256,2.0990160045967476,12.0
91900,0.37192845480176906,0.9896450044038629,-9.737085112441727,0.015288852106469734,0.007337035847477269,-0.005934831576022589,22.35292265101962,29.190455526531764,24.73062409662449,50.26397696465293,0.2734290781961999,4.028595083730092,28.638969070868708,77.23240499786024,0.0,28.757634498453463,56.00993225582906,6.263271195706719,7.0
92000,0.19485056833784717,0.4802612132743601,-9.460050982651325,0.006787110666627199,0.009168112663422823,-0.005562025134329334,25.433208603366364,24.492002167670428,30.68466872255149,50.27140399829925,0.2734290781961999,4.028595083730092,28.63897866745308,77.23246579365674,0.0,29.572867282301576,48.82738932669165,3.3489087477386104,9.0
92100,-0.042017633007333216,0.832893625658736,-9.644252234146352,-0.003245831168666763,-0.004299961951210776,0.000572303381308607,22.547406644793565,28.618027193214324,27.752627173791232,50.282700324829705,0.2734290781961999,4.028595083730092,28.63904264943536,77.23244736457028,0.0,29.291147012712884,51.57914589287557,4.74668442617072,7.0
92200,0.2740401604174172,0.8429945362627539,-9.742745774263746,0.013757797725841545,0.0057595290304997375,0.011307396113307194,19.047016060062692,23.62351824411089,29.646481133410177,50.28636881274012,0.2734290781961999,4.028595083730092,28.639029667347064,77.2324779900767,0.0,29.73259757134526,52.962786001914424,2.4883018704389612,6.0
92300,0.17587320846203064,1.2540093803981058,-9.260878799878437,-0.000568675236628088,-0.004088215956692409,-0.011322880625182342,18.82109999335417,29.18938775423433,26.53216629072405,50.292723268370466,0.2734290781961999,4.028595083730092,28.63898323612084,77.23238417618106,0.0,29.731426039691133,52.52143915695392,4.504901081929038,6.0
92400,-0.20085518406658134,0.3253958310542004,-9.388543895924453,-0.002944718434434405,0.01206522536956758,-0.0017639087691386913,24.83111846022544,28.47410160780744,28.632634209997512,50.284366251970674,0.2734290781961999,4.028595083730092,28.639019018274485,77.23243945532744,0.0,29.630458318338327,46.75191034702484,1.7956962050874963,8.0
92500,0.5417977716348586,1.2288757706947797,-9.408619681567147,0.007533145777695343,0.017365849607735212,0.003586095714556141,18.283283923473874,25.85789531540934,26.670449316935166,50.28731708399367,0.2734290781961999,4.028595083730092,28.63900591948864,77.23247725898503,0.0,30.017573460910306,50.58829445586895,0.4911496116529177,9.0
92600,0.05321810554013251,0.61763173033773,-9.830639438262958,0.006062610166243211,0.005235465553008659,-0.0024063378140841657,21.745352002175757,27.208229318824426,29.643441914052367,50.269722073198224,0.2734290781961999,4.028595083730092,28.639047089672374,77.23245849879528,0.0,28.831935914959484,51.78339430884891,3.4179106270719517,13.0
92700,-0.067275703747395,0.3825345359301796,-9.952247201431096,-0.000402226577971173,0.030198906205751795,0.0007499044957481405,24.595418204979612,25.112571205703958,26.794426105896186,50.25452620061743,0.2734290781961999,4.028595083730092,28.639024369144913,77.23243886124614,0.0,29.835482502953862,50.50376656464424,3.3016256961117803,9.0
92800,0.46988658134814376,0.5872098552541513,-9.48506231632217,-0.0014357045879841357,-0.00448182266149407,0.010674676616742136,22.081233728021047,27.36822045895453,28.19438222037719,50.25100454841814,0.2734290781961999,4.028595083730092,28.639010808746043,77.23246948302906,0.0,29.994741519843746,48.51272051186294,3.9452523368001735,11.0
92900,0.30892887828519067,0.40867309004597197,-9.57902971576692,0.023647432126125096,-0.0165364758858115,0.006023472899879763,24.144738522454627,26.200768274746103,27.70416324392279,50.2487815575157,0.2734290781961999,4.028595083730092,28.639036401507465,77.23246602812041,0.0,29.70665469168064,50.02393010623137,3.602959886100561,13.0
93000,-0.1661814656753041,0.8242396673037466,-9.489279497980712,0.02080785669261744,0.014692521520079,-0.00902052035983435,20.08094826134682,25.262182740819956,27.037048493860176,50.25062377079986,0.2734290781961999,4.028595083730092,28.63906129037009,77.23246605930912,0.0,29.251080588881607,51.25793481423839,2.2215765555633817,11.0
93100,-0.02073082439673371,0.8906753700727221,-9.659120088782421,-0.004432731967353941,0.012369401557178958,0.00048216191124909056,22.506042241277505,26.825425847269216,28.698941573281868,50.280311389133274,0.2734290781961999,4.028595083730092,28.639066768627686,77.23250863635681,0.0,29.527165394953453,49.42362288565687,2.36127169415545,7.0
93200,0.11251603512621483,0.7511607161953107,-9.85648061905607,0.006268895378599921,0.017618877937259806,-0.004435200854418437,25.46245541259068,27.731126600304172,31.883620481892194,50.27970093284463,0.2734290781961999,4.028595083730092,28.639018239468577,77.23255424162974,0.0,29.770611965444825,51.4633886070326,2.235147724683612,7.0
93300,0.16378625043231665,0.48352319553099493,-9.576413393653418,-0.004491569742056704,-0.0021986782641592022,-0.0022551335758154286,21.632526676439596,26.336970058999036,29.69439811554318,50.287597720873414,0.2734290781961999,4.028595083730092,28.639091819892933,77.23251561871393,0.0,29.075755680704827,48.64702376594859,3.9724408590088194,12.0
93400,-0.0918740493762438,0.3520192534201821,-9.53458171056811,0.016315322856929285,-0.0013122728623428575,-0.008704070546647576,23.845965831069396,27.47678613104666,29.29895994515903,50.29128158941251,0.2734290781961999,4.028595083730092,28.6390435519819,77.23253467609838,0.0,28.91228697536386,49.438619292683825,2.3752896648099675,7.0
93500,-0.2728797197324414,1.1597085628303532,-9.260349829437164,0.011260145831133796,0.01153906701021338,0.0035592334834023335,23.60285949434033,27.326259141616458,27.029301639294165,50.31239833046167,0.2734290781961999,4.028595083730092,28.639104481432913,77.23247478644818,0.0,30.513657505852187,53.5890936688894,2.167712406523949,9.0
93600,0.0301654982852258,0.3121496221542234,-9.576351209243832,0.010889536086557752,-0.003777310029373868,-0.0016562760383701173,18.74703130037657,29.17263276845852,29.564278902333175,50.30895296042991,0.2734290781961999,4.028595083730092,28.639094364498852,77.23258781686398,0.0,29.492423319752888,49.552620493700154,3.3393055139710617,11.0
93700,-0.0874540766064281,0.7918863019943345,-9.739724729506262,0.008146706284133894,-0.0008079679781880407,-0.009677550697904706,19.126383291159698,23.793816210446316,25.97574300633819,50.31393491215934,0.2734290781961999,4.028595083730092,28.63903886034201,77.23255696717315,0.0,29.37490570297609,52.259330039548836,1.246359915183416,6.0
93800,-0.22345405057427814,0.5877369453589331,-9.700084110518302,0.01852585030797888,0.02309403094444362,-0.006317386855001493,21.418628925627715,24.827947777769108,27.625585112821977,50.32581118069658,0.2734290781961999,4.028595083730092,28.63906407871804,77.23256885662595,0.0,28.730803107613678,49.715837913974944,2.5575577231313775,10.0
93900,-0.36726083113840585,0.5755297739285254,-9.45303570336457,0.008694689119183892,0.007490873216719509,-0.0048753069378954985,21.646686257142644,24.5083440673355,30.20090994357176,50.32881372924997,0.2734290781961999,4.028595083730092,28.639077619499652,77.2324984571087,0.0,29.246367800136408,48.373542865662465,5.174554858890117,10.0
94000,0.26792776070996793,0.9893728192885147,-9.765514560332145,-0.0016538926308041022,0.002720422646346585,0.0011509000287720467,20.57905443442175,25.55290649801302,28.530029687736892,50.3202971334027,0.2734290781961999,4.028595083730092,28.63907031736059,77.23256695287661,0.0,29.962681244618558,50.50149583022135,2.598435293567249,12.0
94100,0.1811919040608121,0.6169695931308022,-9.635971861965677,0.0193989779898823,0.013932119550381483,-0.007998262715332508,22.721757319739577,25.370477133814667,26.734516558948183,50.32653207913916,0.2734290781961999,4.028595083730092,28.639099777523146,77.2325974231348,0.0,29.093669797775664,51.21653379448983,3.1771948291780463,13.0
94200,0.18790608318599886,0.7517325791806557,-9.873150903021862,0.023834952977169654,0.012796009964065241,0.010118347720041797,23.867799868194044,28.093356149820323,31.67395878565322,50.34045612214683,0.2734290781961999,4.028595083730092,28.639122992190845,77.2325395204363,0.0,29.562319505557152,49.13290726211581,0.10449593956533576,12.0
94300,-0.40137269884816185,0.7517141432257419,-9.735881838405094,0.00911539006951402,0.01244033283568808,-0.005335444726420834,24.82310421758273,28.838813689474186,30.70829759208037,50.33667381638519,0.2734290781961999,4.028595083730092,28.639089137193857,77.2325633177647,0.0,28.927531470881274,46.23671995763059,2.0558574721254192,11.0
94400,0.12758081736400917,0.6005197213063055,-9.468984684025846,-0.005113801452187836,0.008768979534187147,0.006538488681296804,19.55775895316313,27.763787059370344,25.122724748252725,50.32857702328946,0.2734290781961999,4.028595083730092,28.639072532129003,77.23259360801599,0.0,29.879568814002475,50.371528604813264,2.3304046629358757,12.0
94500,-0.5186082545158056,0.6404689443912254,-9.187124627954734,0.02273249716418476,0.009243198679394512,-0.001962985327571921,24.25043642735298,23.87698112078417,29.261211882509915,50.318286373117424,0.2734290781961999,4.028595083730092,28.639126361257613,77.23257465126959,0.0,29.991767825927838,50.228434008952085,4.462165431501524,13.0
94600,-0.15557534626384464,0.9570356352981153,-10.086744795440792,0.009318901516261531,0.006690275671868739,0.0014356921267088033,23.66628507799455,27.23519669949573,29.998130980302797,50.31452991993483,0.2734290781961999,4.028595083730092,28.6391351329832,77.23256685043172,0.0,28.56368168725853,52.083569407983134,0.3391447080067773,6.0
94700,-1.358994670331393,-0.016242308315832343,-9.872971039641818,0.010231800433800009,0.020641705910282932,0.006306907003237189,20.68689220104003,29.181222762405373,26.556229597566603,50.32738061470003,0.2734290781961999,4.028595083730092,28.639113881243066,77.23269409316897,0.0,29.665266148217064,50.07610890910781,0.26214782219848853,12.0
94800,-2.1840905260289714,-0.020597597516666788,-9.91291147944663,0.024190779036346824,-0.002229888701929579,-0.00029437352160603577,18.744576176172895,28.190894103901794,30.67100287968064,50.317898606020165,0.2734290781961999,4.028595083730092,28.639160668611435,77.23257547686522,0.0,28.65715069706791,53.27102128059829,3.526063966081222,13.0
94900,-1.506520514338237,0.47051707493189987,-9.686703877681007,0.005891594591659919,0.004397745362094226,0.001563158386034636,22.162436174987242,30.529273702606652,26.817161251584547,50.316242528383405,0.2734290781961999,4.028595083730092,28.63912434874494,77.23257472136046,0.0,27.261562899075784,51.088557203871105,1.9026723073644984,12.0
95000,-1.919386213906129,0.7417565928664405,-9.878411971388191,0.004579621725681873,0.019152929464335923,-0.006999045954475636,23.14256707528093,29.098712603198603,25.868132928196747,50.31942481273782,0.2734290781961999,4.028595083730092,28.639147457047848,77.23265666309898,0.0,28.136782951937764,50.99219264600734,0.6950063999003064,8.0
95100,-1.6996258281609227,0.6625872971607663,-9.391115373104515,-0.010431009090259569,0.006760682655368652,-0.0012466420518761029,18.836131581150934,28.811477014819406,27.55368203251536,50.32698655911694,0.2734290781961999,4.028595083730092,28.639122324389024,77.2326683917163,0.0,26.25818464304614,46.87442164316717,5.986913893381537,9.0
95200,-1.751040405909825,0.4851484938351393,-9.481950720976497,0.0012142307530729913,-0.0069812062889255495,0.007868626646027516,21.709760636879906,24.30874673741389,26.83169182110353,50.33103601898223,0.2734290781961999,4.028595083730092,28.639148091937443,77.23265861761539,0.0,26.854406284469274,50.86560060756734,2.979467515259968,13.0
95300,-1.8872686014504991,0.49208565816455424,-10.066138305470862,-0.0039915641045456885,0.018272139573700615,0.013695548655776794,21.057429462918307,28.810654497651974,29.587706651276676,50.32871003886692,0.2734290781961999,4.028595083730092,28.639130956655517,77.23263444925854,0.0,25.610662595018,49.41816957636408,5.051827664507762,12.0
95400,-0.9569097409127285,0.45198305193554755,-9.316637682968294,-0.005573458078264111,0.015069940721749261,0.008277031925114715,20.997761413005097,29.249542859463844,29.204382489979647,50.34440519813296,0.2734290781961999,4.028595083730092,28.63910816758503,77.23271782714268,0.0,25.006856201598012,46.033989752028255,2.4876469581808713,8.0
95500,-1.6973692546286607,0.4002045718736991,-10.01885172414988,0.014625035657097059,0.005328830351413424,-0.0032978922080115682,20.25347501274716,29.330599360837546,30.422138882432762,50.331526466465405,0.2734290781961999,4.028595083730092,28.639159365862042,77.23264482288685,0.0,25.453027701181295,51.03255919067728,3.145160540826771,12.0
95600,-1.9005234920025054,-0.002515921856578618,-9.844510393456,0.008394033734736728,0.004579947036365256,0.01107553672542089,23.8068275446804,24.60005646045405,28.73543680316872,50.32343649485327,0.2734290781961999,4.028595083730092,28.639163773383867,77.23271059006554,0.0,23.29601272770406,50.527543396448415,1.4176265071420298,13.0
95700,-2.9638942489696407,-0.005873413876420902,-9.312350596251957,0.03554799242380531,-0.0020587881668415057,0.003083757769717888,25.429593479963447,28.71670872053032,27.042208067743672,50.34089965408985,0.2734290781961999,4.028595083730092,28.639138565732598,77.23264902516327,0.0,22.93761018185644,54.267465352939126,4.757979762620755,11.0
95800,-2.3329448798679358,-0.033782541781706865,-9.672521607666477,0.020339413213260927,0.005551057336964444,0.010669854765603504,21.579286128857685,23.627222256839502,28.697830230063467,50.34248678401278,0.2734290781961999,4.028595083730092,28.639183200402584,77.23264532231616,0.0,22.420235391141137,49.24937516842329,2.6081308162979053,8.0
95900,-2.2604261832873664,0.597385099700845,-9.544308529477082,-0.004864082534090478,0.011058150605487498,0.007103401118850588,24.201482928530734,29.714414812199074,27.01882055560269,50.34167274522534,0.2734290781961999,4.028595083730092,28.63914475672479,77.23270453280983,0.0,21.40900174042041,52.289682185746315,1.9584233150607604,9.0
96000,-1.6715200549021134,0.17384076658288886,-9.54430250825063,0.009580967007154207,0.0049135220661404464,0.00948725125972531,19.47031935772671,24.686443748460874,27.42912935287328,50.34829884353364,0.2734290781961999,4.028595083730092,28.63915680042547,77.23270597063593,0.0,19.684845262528906,54.30652522048691,4.274156432260189,7.0
96100,-1.5211716952314631,0.010375839466500003,-9.776820486783926,0.011010194770575413,0.015992925412053976,3.764701380425052e-05,28.069322918822913,22.734439829460797,30.05596572237805,50.33802827089329,0.2734290781961999,4.028595083730092,28.63908131481913,77.23264202557667,0.0,19.459207166849552,49.77606890169638,4.782605349788473,11.0
96200,-1.317519272418762,1.0400092745249532,-9.488328450067751,0.0021851523821485104,-0.00010689457958998685,-0.00014476827354511178,22.972094174488912,25.561948582207613,29.363358285021583,50.33718668145916,0.2734290781961999,4.028595083730092,28.63919123107413,77.23268633509501,0.0,20.633106247623836,51.92239921651193,2.948012892210087,11.0
96300,-1.1442984188648362,0.5898174737800757,-9.823118185298242,0.00046712395551818525,0.013880945984866274,-0.0005472130244681447,22.161197226712307,30.23242875378554,27.518171635434122,50.33541971251973,0.2734290781961999,4.028595083730092,28.639172712231456,77.23266255592031,0.0,19.537735253857736,46.54408154912345,3.765559538578288,13.0
96400,-1.8917650913048973,0.8170701085338468,-9.416451849167776,-0.004136634821244775,0.02703602622714901,0.0012414075970306221,24.380578169353416,25.306834608354528,24.464274681353828,50.32215071152359,0.2734290781961999,4.028595083730092,28.639179861317913,77.23266880512729,0.0,18.589412249996965,48.05306649761119,3.152974451134075,7.0
96500,-2.558892956634388,0.3560218444686124,-10.334407434951267,0.01827709808254031,0.02392047054454127,0.003229787206871096,22.88693416674347,27.608405432557337,29.58879170020296,50.32434171172728,0.2734290781961999,4.028595083730092,28.639141100206846,77.23274225562602,0.0,17.35243008793897,49.547625744139495,1.047460324034175,12.0
96600,-1.4987655169947163,0.16306622765674025,-9.785786637444074,0.012129837083863535,-0.005809782339754961,-0.009304787769924813,25.95034349718874,28.916691579975506,26.246293509557546,50.31446474606656,0.2734290781961999,4.028595083730092,28.639189861795355,77.2326938840529,0.0,16.850341086164775,51.61423641607649,5.610499330722605,12.0
96700,-2.048313758010503,0.229742552796401,-9.989777850979822,0.014273064807621201,0.008457454152714022,-0.004209163632921151,21.88127529132275,27.099287932921136,25.996868881874565,50.30041001892938,0.2734290781961999,4.028595083730092,28.63923809598306,77.2327768300422,0.0,16.804816528761453,51.36292544431816,2.6894032218969586,6.0
96800,-2.378784529019935,-0.04483984501667776,-9.49840326504006,-0.0002984033626005564,0.006208587864380709,0.0030949619516808594,22.172502656269742,23.665178106135308,27.197651517403422,50.28936753091559,0.2734290781961999,4.028595083730092,28.63918665068209,77.23271139887058,0.0,15.540654510821094,50.44564020974527,1.8496768452656982,8.0
96900,-2.1943379169003774,0.4178221687923048,-9.942879935281836,0.016979035292999,0.02242834376916027,-0.005257646018038608,22.952272020602212,24.098570204483213,28.8259441561006,50.30012836006892,0.2734290781961999,4.028595083730092,28.63918485754457,77.23272535427412,0.0,13.947665422679673,47.48339364854219,2.64401255737595,6.0
97000,-2.372218102881233,-0.38489090614012134,-9.40049065444976,0.0006905612691261121,0.014182197624539105,0.006995795014289637,22.53902278445308,29.13151727803287,30.135432782474297,50.30002416782439,0.2734290781961999,4.028595083730092,28.639228085752183,77.23274675152265,0.0,13.880042279145224,47.46934384080027,4.738127235068962,9.0
97100,-2.0036606809469704,0.4864257417627914,-9.516847509917849,0.012272626188947613,0.007065821488659297,0.022459644496776808,24.24844794267936,25.72081010880828,27.409078186684393,50.29780420687093,0.2734290781961999,4.028595083730092,28.639245126561395,77.23276064706947,0.0,13.515793193613883,49.06198529470028,3.894854291986931,11.0
97200,-1.7763444404587303,-0.25295638418969113,-9.762498946525996,0.027084886744238958,-0.003645791700161595,0.003341878945017136,23.175593978971886,27.612132245005427,28.067318311924446,50.30842117778393,0.2734290781961999,4.028595083730092,28.639210522545138,77.2327357464119,0.0,12.907254725608158,47.37856043600166,5.100714580589479,13.0
97300,-1.290309362967801,0.23078867356236057,-9.99818040618308,0.0012491467105118829,0.022058566602471442,0.019741863507516434,25.93986716225811,29.658433001105365,29.400497050050596,50.310533343992326,0.2734290781961999,4.028595083730092,28.63915261601159,77.23271907827495,0.0,12.533260679759296,54.38221809782265,4.60880416118794,10.0
97400,-1.249725064888295,0.6278685397110512,-9.895813981541595,0.009329155153783934,0.0009580184271798537,-0.007172222632082474,21.63427501350926,24.980219218781034,32.9421119180291,50.31186793667776,0.2734290781961999,4.028595083730092,28.639251654109437,77.23269970563409,0.0,11.290482436250157,50.71465329665121,4.410144283113149,11.0
97500,-2.8832698890770416,0.29569453863794537,-9.602670495541512,0.004861952762063277,0.0036389280726356723,0.026738479873724783,25.499966365966465,26.95782319599959,30.01146653679923,50.332823477394825,0.2734290781961999,4.028595083730092,28.63919733643595,77.23270983077116,0.0,11.59630838024141,49.70763940394668,0.7267894053490109,11.0
97600,-1.7204895414983863,0.060545235759056126,-10.277956492125076,-0.0032978417479142966,0.011807978234423422,-0.007394230429297248,22.78815165168562,28.585988017873753,32.60241343686345,50.31875821335551,0.2734290781961999,4.028595083730092,28.639229831295957,77.23272967920705,0.0,10.318353099296528,48.93677059501884,5.8252242828803675,8.0
97700,-2.194503131732967,0.39227689709671953,-9.310751946282814,0.0024074824552309296,-0.003179865243726745,0.012196382850843554,25.15397949477114,28.934460162984593,27.373667398774778,50.32722598216358,0.2734290781961999,4.028595083730092,28.63921865629991,77.23269043240153,0.0,9.057959652875276,49.12022018309988,3.2908156372428445,13.0
97800,-2.16596130195684,-0.33357710104797333,-9.941769486663038,0.010704580059569077,0.005368759724746426,-0.0021719206075917915,24.28005835949236,29.749182602231087,25.51171947760214,50.331872221079095,0.2734290781961999,4.028595083730092,28.639194253717736,77.23278616877154,0.0,8.019549912762292,51.444219180635734,3.962066962620244,7.0
97900,-1.7463012579870292,0.8618774450993151,-10.202731782774489,0.008920361185144025,-0.007955288555021051,-0.013814486856402287,20.740406680418374,27.13114718315956,31.09136739489257,50.33230864491931,0.2734290781961999,4.028595083730092,28.639243004555038,77.23274667711189,0.0,8.23024503832383,49.415708494853085,5.366903496765587,12.0
98000,-2.754723962768069,0.4090040314506268,-9.497674476684308,-0.0032709539511130417,0.005998628269542622,0.012407587531975503,23.100202263702027,25.097529491273132,30.46221462326519,50.3340875844743,0.2734290781961999,4.028595083730092,28.63919972150767,77.23268118477436,0.0,6.679892951098619,50.228802320905466,3.839297977465779,7.0
98100,-2.5947538441253406,-0.056557950298264215,-10.066552278797042,0.0041631180236187055,0.005917705893465899,0.005962268795837117,22.598698860125864,25.620810247513003,30.252554413880155,50.33834396619645,0.2734290781961999,4.028595083730092,28.639219805689773,77.23269903569226,0.0,4.87004082542304,50.20521757319205,3.372069751475576,8.0
98200,-1.2405402088470892,0.3645329954139615,-9.862827177793362,0.006842175041956195,-0.0006658278450377966,-0.007642690496712866,24.135806081609317,23.190238350145734,31.543589661155345,50.34009433446941,0.2734290781961999,4.028595083730092,28.63918924561489,77.23271777473398,0.0,5.424259579189615,49.727520990307326,3.556358287554034,9.0
98300,-1.1777865428252352,0.10130065946152705,-9.617786277163326,0.00899037116314082,0.007884422928387947,-0.0013301297387912484,22.01257809982012,27.358920827534348,26.083391698991157,50.33674586266818,0.2734290781961999,4.028595083730092,28.63919662662726,77.23273955517398,0.0,5.332835949858306,51.750714102772605,3.3009868507210838,6.0
98400,-1.5821813676295615,0.5152076301512702,-9.470151956205768,-0.0018658996845685718,0.010260360139210885,-0.014444985402830887,20.83943761667504,27.572273530055345,28.34469972746224,50.352674011434615,0.2734290781961999,4.028595083730092,28.63920014247931,77.23271931302287,0.0,4.728128156925156,51.11800947939112,3.4791294270846276,10.0
98500,-2.079172702513154,0.3563346984929194,-9.325769685147934,0.00833244155294596,0.010129193331881515,0.00142404843283766,22.155418849716973,28.334218571327938,29.657424268836223,50.346688786079596,0.2734290781961999,4.028595083730092,28.639258482667966,77.2327544244083,0.0,3.2147630215513607,53.10255425358578,3.7220583053679257,6.0
98600,-1.8907430157949674,-0.019447663510578417,-9.721505712623948,0.004796281060862871,0.011181417205693541,0.017674670043098414,22.789306426460264,24.935935307376237,27.21887734636242,50.352533633426,0.2734290781961999,4.028595083730092,28.63920672300353,77.23276700492083,0.0,2.2751177243055336,51.02023314866764,0.2632958214278016,12.0
98700,-2.1866262951288644,0.9635829749690165,-9.365662827310658,-0.0025105920565655923,-0.0035682860648719008,0.014427059362516695,20.11590975531058,27.503585616784502,26.14300143051888,50.348157495976295,0.2734290781961999,4.028595083730092,28.639212186493868,77.23280039036594,0.0,1.7931594221308702,52.96480954314726,3.51326672835412,9.0
98800,-2.72417353191419,0.11432863036794927,-9.783749719878065,0.005556697506162759,-0.012894970724917406,0.001326262396954043,20.46178647055554,25.63416734075163,27.075507803444655,50.3527511220665,0.2734290781961999,4.028595083730092,28.639208279001803,77.23272024484926,0.0,0.8588190961049631,52.023084559310796,3.6594397782462886,7.0
98900,-1.390653067751529,0.31365213175739454,-10.026708911271788,0.004954983333829603,0.010692002332804602,0.010380657760435274,21.77996552787888,25.77578836912025,28.317490472462794,50.34731317047982,0.2734290781961999,4.028595083730092,28.639208595117054,77.23274458256901,0.0,0.2789050300959827,50.349614092960465,2.588603003956469,12.0
99000,-0.7400805379651868,0.5246227980712933,-9.18921721435519,-0.0008843081273694217,0.01277437369749589,0.011798895143776033,21.181575490031918,27.63766692282186,24.86926237013892,50.336968500737,0.2734290781961999,4.028595083730092,28.63923102913678,77.23273956480914,0.0,0.0,48.93222415720993,2.308335189061003,7.0
99100,0.21957215433029684,0.7498669877335524,-9.471529857482288,0.004079528941945266,0.0032314878866996867,0.003406050701577773,22.193703261328398,24.58763232896822,26.992437263731414,50.34259824605718,0.2734290781961999,4.028595083730092,28.639215895017422,77.2327480130603,0.0,0.0,51.04834476955241,4.579041527867165,6.0
99200,-0.2988868236055646,0.6319928003307033,-10.020872395843725,-0.0053741467046491765,0.0076038718975262355,-0.012344290226954453,22.400068003089526,28.659104964095256,27.744488205769574,50.34799597760954,0.2734290781961999,4.028595083730092,28.639237440013684,77.23279692587961,0.0,0.29206901144490355,50.80436896363501,3.501470076458241,11.0
99300,-0.2536781973501288,0.9219515697226083,-9.753680965031498,0.0029225199605951145,0.0038789322636929163,-0.0011827015186590963,23.447990932010615,22.96280491677988,32.893683704432036,50.34751962730451,0.2734290781961999,4.028595083730092,28.63919665507995,77.23275545464696,0.0,0.0,49.193979684470506,4.98280065946555,9.0
99400,-0.25879615382707016,0.7768156077433493,-10.044298803045372,0.018271178836373463,0.005795905874967949,-0.007598266706350089,22.904985186014766,30.32896045632178,29.606914338131563,50.3464202065772,0.2734290781961999,4.028595083730092,28.639231502442417,77.23278982724958,0.0,0.11897868832678343,50.742286926599235,2.3355125147061133,6.0
99500,-0.0016526558311060488,0.6491248974549386,-9.77573063396337,0.009286303430752794,0.002154349691922184,0.010737588106325626,23.322754917011746,28.560507743063784,28.604174047814215,50.33103416768022,0.2734290781961999,4.028595083730092,28.639241524992265,77.2327405081195,0.0,0.008222886577951904,52.185755092113276,5.515715599511488,8.0
99600,0.036914847240326724,0.880354212182932,-9.34709330404274,0.004828163508386408,0.008190949924024834,0.007257186587103875,25.05800903087556,27.525820976344214,28.97680503955341,50.33362177181243,0.2734290781961999,4.028595083730092,28.63920993045674,77.23278376258803,0.0,0.0,50.77738227620225,3.8518232497543776,10.0
99700,-0.17446908603735733,0.9151259827520842,-9.820885486975211,0.012189844956304954,-0.004389287414555266,0.00899333534499587,24.43120753196382,23.163218170218816,25.28347525157072,50.336302696539285,0.2734290781961999,4.028595083730092,28.639216995584707,77.23281046736035,0.0,0.37583909749918043,50.150358706407424,4.443963750033456,10.0
99800,-0.35461660961865843,-0.001855259679289456,-9.544948094016071,0.009366298032201258,-0.00371382786834788,-0.007754049608066768,24.030189124668524,27.45415505244878,29.851211277429,50.352374636405806,0.2734290781961999,4.028595083730092,28.639184933186222,77.23278511429365,0.0,0.23329075434415336,46.830133713797686,2.6044429567926164,7.0
99900,-0.19060332512073103,0.4215979005583809,-9.3686000518344,0.010771879776683452,0.025422115277230834,-0.011791302213746134,22.66344394180247,26.62604810041278,26.068131406901298,50.34216058934141,0.2734290781961999,4.028595083730092,28.639215736709176,77.23275126817424,0.0,0.3692265679149863,51.90082488919451,3.6450309537386545,8.0
100000,-0.27172649309265196,0.26676837093247907,-9.565757377125895,0.004610175940374754,0.012791982164098669,-0.0019901013541116282,22.090928178167623,29.31193069279544,28.6743428952611,50.35701456837841,0.2734290781961999,4.028595083730092,28.639220222009843,77.23272221310997,0.0,0.7506574830593675,50.849399801172616,2.7462727432009304,13.0
100100,0.1876508672682859,0.7220762754374171,-9.631409410280545,0.005736372820123272,0.0023809363523673533,-0.0016634007222634107,24.038331385867497,26.66265789003496,29.228371268159577,50.35774700306893,0.2734290781961999,4.028595083730092,28.639244068868887,77.23279204019028,0.0,0.41983946777263487,52.142161355245925,4.2446799703626805,9.0
100200,0.0988634235842707,0.6896307747101494,-9.626672635585722,-0.0076106951505389075,0.003947954405775881,-0.012132257466869564,22.413325367335094,27.528194740763563,33.03348706434493,50.35317290831979,0.2734290781961999,4.028595083730092,28.639209788452938,77.23279048668603,0.0,0.0,51.11389935233902,3.823646316680005,6.0
100300,-0.04530564448701359,0.42084670571141036,-10.064140938237504,0.0004022450182103003,-0.013669909638204709,-0.0020731562659793736,21.615736535576712,29.21461918015642,29.146594694161628,50.337862463293774,0.2734290781961999,4.028595083730092,28.639251764011192,77.23273499837318,0.0,0.0,47.6433274750661,5.18216478510973,6.0
100400,-0.28586218821341086,0.9636280858611573,-9.588147297238182,0.009463202057060905,0.017506064275076862,0.004190341744698175,22.442651539692353,26.96556360309903,30.272704422391715,50.332071282761845,0.2734290781961999,4.028595083730092,28.639174423457114,77.23280316431081,0.0,0.5986626433480893,51.287295515243436,2.293426266299329,13.0
100500,0.012232430485089766,0.4956885640623136,-9.723472440317398,-0.0030360330088720815,-0.005890504672895972,-0.005557154902041705,21.8283423140552,28.61752004257011,27.253200278516292,50.345263585916186,0.2734290781961999,4.028595083730092,28.63925360856469,77.23277648213686,0.0,0.0,49.6327917006134,4.572415063913233,13.0
100600,0.25955773320568815,0.5969467925417644,-9.686314054312023,0.01066656186087593,-0.006188141517297844,-0.0034115125080964046,23.473446948294466,27.17403382825988,28.572231447736502,50.348862133394434,0.2734290781961999,4.028595083730092,28.639243775988454,77.2327220713599,0.0,0.0,49.62758908517531,3.4459905549187324,13.0
100700,0.36409410716784973,0.9128648841950795,-10.3779294592749,0.012426350257977434,0.008431880383447894,-0.012921957962515898,22.209188672513424,23.828086090109515,28.38827134477628,50.37084628229063,0.2734290781961999,4.028595083730092,28.63921670894411,77.23273689898478,0.0,0.0,50.578357928633544,0.5567014078635752,6.0
100800,-0.21253641893073089,0.5489396819499045,-9.851887029045313,0.02166696106998421,-0.003462829712947267,-0.004053295964928156,21.236348185971508,28.958235247708583,27.85562884089412,50.37332018982091,0.2734290781961999,4.028595083730092,28.639211184889614,77.23278535418089,0.0,0.0,45.41509662923771,1.886596703442712,13.0
100900,0.07050613554627586,0.9003415958431431,-10.045613002940357,-0.0037931165383598255,0.019001030288841123,-0.0022949601651375776,21.822916754118747,26.797348323749034,25.85739458586874,50.361433925257934,0.2734290781961999,4.028595083730092,28.639183032858433,77.23277097014977,0.0,0.0,50.8635706580948,4.435204110015697,11.0
101000,0.04578991295332685,0.602228729542985,-10.059093660661933,0.008649766596040004,0.0008581382657751081,0.007287037024071157,23.093703141401132,27.769587685385034,28.644573275382907,50.3694327004999,0.2734290781961999,4.028595083730092,28.639212198305504,77.2327795965147,0.0,0.08212946012339113,47.89759545231384,2.1918584852017267,11.0
101100,0.17973890224797318,0.5522309649503607,-9.861472600506078,0.0018656809850855329,0.004443827058362194,0.0023826919110371938,19.966892975136087,26.319265689054575,30.071365717970266,50.363197543272854,0.2734290781961999,4.028595083730092,28.639197406954935,77.23273136257751,0.0,0.4920941308159348,49.083748110674435,4.040210780174399,12.0
101200,-0.286939962417937,0.8752813357182486,-9.14380287974766,-0.014944494938936338,0.010165214195359793,0.00031839397504581507,25.991437861290766,26.440676777154245,28.7885224016648,50.35952213756305,0.2734290781961999,4.028595083730092,28.63923141815128,77.23275447671303,0.0,0.0,50.63716694890557,2.5019798386073893,13.0
101300,-0.12350309674770935,0.7768735587988729,-9.902805933201634,0.004256255015412962,0.006564765030669863,0.010271483714152495,21.875163854356956,27.65031641723,27.091510432588723,50.36479029696412,0.2734290781961999,4.028595083730092,28.639199946985656,77.23276346674275,0.0,0.0,55.86350821123913,3.686346066130881,6.0
101400,0.32428877908130094,0.74902606586321,-10.28871302350993,0.025239018983166703,0.01373229211962599,0.0032377417982831207,22.19074804188302,25.638529231082735,30.232514814613715,50.3939676075865,0.2734290781961999,4.028595083730092,28.63921060233707,77.23274423726548,0.0,0.0,49.09373262643387,4.040200515481326,6.0
101500,0.5461507394803921,0.24299019482125245,-9.564484314857031,0.007731479327111802,0.00777651309972598,0.015546299270924577,20.743007363790724,27.738961604602565,26.595930718943034,50.3919273473261,0.2734290781961999,4.028595083730092,28.639195284446902,77.23272862806137,0.0,0.24771032050539354,51.877135821314305,6.982746779319287,13.0
101600,1.3496510606948402,0.6692437989213262,-9.65598516124151,-0.00821061635442262,-0.008839289487996702,0.004330937884512389,21.610688788793418,28.498113920664824,27.94229749018345,50.40494592687494,0.2734290781961999,4.028595083730092,28.639209249340016,77.23269056600779,0.0,0.5288657131820742,49.78927860972528,3.9993653740397215,11.0
101700,1.19742853168382,0.5813469095008166,-9.512046828472382,0.025367327393569207,0.010513256280314333,-0.00832475661700881,21.5093014499738,28.56561370910691,25.333302151154413,50.40991624052998,0.2734290781961999,4.028595083730092,28.63924635058807,77.23277894089547,0.0,1.7798172742334553,50.312539953557966,2.6621390220305647,10.0
101800,2.059332628588273,1.2385434843267715,-9.946006204204197,0.004739721744278567,-0.002065162602303627,-0.004511013675088451,18.61610730886803,28.9543491374992,28.10757815664445,50.42420188023839,0.2734290781961999,4.028595083730092,28.63919111477523,77.23273888587416,0.0,0.9931363361023218,51.31979649050686,0.29120834071590807,8.0
101900,1.081725888001397,1.2185428478674634,-9.50726146385083,0.014841133450951238,0.012845196508332324,-0.003891823562960357,23.751634192982362,23.6312882459861,27.548103656165754,50.42510926502594,0.2734290781961999,4.028595083730092,28.63920834373075,77.23274818168188,0.0,1.8491626385808544,51.28599127979704,4.91068001504507,7.0
102000,1.4571334475080266,0.8962693518270389,-9.606561162074955,-0.0029090412969107063,0.009425490163185,-0.013441239606157252,22.85343931192697,27.74273202089304,28.768920053507838,50.42897715544271,0.2734290781961999,4.028595083730092,28.63923038807553,77.2328095987936,0.0,1.5153022853389715,49.897144602859264,2.7733774848547315,11.0
102100,1.6870919484554046,0.8286204910279089,-9.578823622712749,-0.015973238710831717,-0.005066413723513419,0.009371102928741996,26.53471433298992,23.278997515813337,28.823338054014805,50.4302575690923,0.2734290781961999,4.028595083730092,28.639197129114162,77.23274590982713,0.0,2.4848977905711234,47.381639521546084,4.585414090731436,6.0
102200,1.9420121168217745,1.3377827774457136,-9.819890309126333,0.006276387706690359,0.006325456620021477,-0.015045041751445595,23.21811337994985,30.481068082392767,26.3601234544532,50.42772542497544,0.2734290781961999,4.028595083730092,28.639190700135728,77.23275832756921,0.0,2.7591636462164857,51.407314465670645,1.0391354739666778,12.0
102300,1.6895285295396387,1.2011640060851132,-10.115962507107547,-0.00370948844376381,0.000663057311166595,0.0163099865943741,21.871707419886608,24.30153559524004,23.970295564213387,50.43185141975769,0.2734290781961999,4.028595083730092,28.63925216344615,77.23267924081065,0.0,4.5820041117395185,55.83788445206368,2.660745924914434,6.0
102400,1.559592334337122,0.9000725254650557,-8.997361742369357,0.0012684153285681611,0.01248697557971859,-0.0034180678111097205,27.790826545315618,25.93774252580592,26.360040772871336,50.45063117239458,0.2734290781961999,4.028595083730092,28.639184203817127,77.23270852998579,0.0,5.379399496154965,52.03171673666206,4.460533160505529,10.0
102500,1.9238635549541658,1.193331103635382,-10.086526256286477,-0.006466593746646181,0.0071468234788312265,0.0008421607383082121,22.478178425951615,28.818524684912198,27.028771037563597,50.45195860310144,0.2734290781961999,4.028595083730092,28.63918948948124,77.23273070611832,0.0,5.626125993129246,46.6296485628977,2.1943237451307556,13.0
102600,1.6270206453307734,0.7512893906161681,-9.669121381838366,-0.003752105168251735,-0.0011299787135088182,0.0010279119843542865,22.22407754488639,24.788041049185217,28.28689542546467,50.45360304851866,0.2734290781961999,4.028595083730092,28.6391901106436,77.23279774224105,0.0,5.315503886039322,46.43124202442039,3.048474680242639,13.0
102700,2.0771086831933667,0.6770818560542298,-10.498691343634523,0.0064428301750356475,-0.008002312093687337,0.02706228534912924,22.2595766762914,23.394950537653422,30.501548059096525,50.45875806550637,0.2734290781961999,4.028595083730092,28.63923499666247,77.23273895382177,0.0,6.69489928495198,49.02036312258044,0.8807686129734131,8.0
102800,1.8326737048180686,0.8590606225327309,-9.99107163354683,-0.007626109575153015,0.005265287512456127,0.01836897745760914,19.996043570869375,23.307451185947148,27.188752393954136,50.46262482279505,0.2734290781961999,4.028595083730092,28.63918227395889,77.23275678854732,0.0,7.013517750204787,54.05004267037881,1.2782230326535362,6.0
102900,1.9120905897683145,0.9413926983059974,-9.771156216132407,0.0092171347613345,-0.00784978874086601,0.014089046897359394,21.468619879536387,31.692392807603092,31.283316830885884,50.46968935820838,0.2734290781961999,4.028595083730092,28.639214176333795,77.23276387788943,0.0,7.579661590302678,49.516746463764285,1.6496020344702342,11.0
103000,1.1997608276089535,0.45520736953042606,-9.674265464314109,-0.004613324195727456,-0.009067310245132992,-0.0042812359490821865,23.011337662856075,26.752553313369003,29.739758687190015,50.46644441308143,0.2734290781961999,4.028595083730092,28.63923744095,77.23276307371098,0.0,7.335013544041123,47.48519561233427,2.7864772944700897,12.0
103100,1.523598769596823,0.3747121284314235,-9.578461918428387,-0.0045590712702459684,-0.0008252961537278903,0.0038113245761724843,22.35174535568327,28.432614849879002,27.811546350234707,50.45818816380329,0.2734290781961999,4.028595083730092,28.63921386149262,77.23271175805984,0.0,7.640862615638811,51.993601865832396,3.063068422604208,6.0
103200,1.8520569180872777,0.5268859110493092,-9.935733785187594,-0.0005983290735297369,-0.002427390098688296,0.0013216731191971528,25.804032317013075,24.910912260716337,31.05260376116569,50.44595239580531,0.2734290781961999,4.028595083730092,28.639237018326444,77.23272328892685,0.0,8.520470679231273,50.76106938087594,2.1558690943574605,13.0
103300,1.0698889016193576,0.7364971259642473,-9.900254939687851,-0.008220695234327408,-0.007658816418840776,0.011656137049517658,19.640689805353563,24.96200608671986,28.720045953853045,50.444462895027065,0.2734290781961999,4.028595083730092,28.639229922562674,77.23276088446545,0.0,10.17371849710683,53.19538815107483,5.699647414342084,8.0
103400,1.9271053443792039,0.7265791426062463,-9.831575226466832,0.00729273640350383,-0.0021308019127838215,0.0029035391631238193,26.33962091864222,27.131478977524587,28.701763846146385,50.4537526459636,0.2734290781961999,4.028595083730092,28.63918636674664,77.2327774459977,0.0,9.941826566346107,50.574048073434106,0.26687883334461393,6.0
103500,1.2459330491183687,1.4885169816767179,-9.962593386792399,0.002913927089456824,0.0027433518508779777,-0.0027815728118189527,20.80675334738836,32.28923510048088,32.047966338085644,50.450623149926955,0.2734290781961999,4.028595083730092,28.639231311952663,77.23281020585381,0.0,9.34190128228839,48.78339080281894,3.876067759505969,8.0
103600,0.8163308771967177,0.6771279445128947,-9.868937716412457,0.008707326349179655,0.01554711432561439,-0.01292194464703169,23.82685523649335,22.968079080684635,30.41189194275589,50.465273070464185,0.2734290781961999,4.028595083730092,28.639206110234397,77.23275937939215,0.0,11.426088509361563,51.387710238024205,2.6287132375457345,12.0
103700,0.375897261135966,1.452394093962142,-10.00182068428645,0.005326168793319019,-0.003913663778634097,-0.0027242711107513073,24.611503188196597,27.621918406302772,30.807997435612997,50.46928674149291,0.2734290781961999,4.028595083730092,28.63919189569028,77.23272797575035,0.0,10.88490841964972,50.31609990918778,4.0436155666176665,7.0
103800,1.3085547380084361,0.784554590293529,-10.304612859672998,0.0013566947379841788,0.004761917143783035,-0.001329826333625167,23.068329637194687,26.493261122243524,25.79335023906161,50.46184323646586,0.2734290781961999,4.028595083730092,28.639256478926757,77.2328183527837,0.0,11.21670967706695,48.279131134802704,1.296986873898439,6.0
103900,1.8366940911099774,0.9101838282213998,-9.897841232914924,0.0022098567883058373,0.002633281010680759,0.013026914957307647,19.254387861045373,24.785596757307815,26.808967076354985,50.47366319986321,0.2734290781961999,4.028595083730092,28.63926410862471,77.23272996549899,0.0,12.361270778668533,52.482366086391764,4.385586442519339,12.0
104000,1.4228209405690726,0.4830819654024272,-9.079802585779822,-0.008274525990488519,-0.0027562356582515393,0.006058504813819827,24.670416326588047,25.314148925279746,28.560589327890355,50.4773065696865,0.2734290781961999,4.028595083730092,28.639243695799074,77.232769137485,0.0,12.36623325554644,53.56773126547014,3.760567449114126,13.0
104100,1.993146008393652,1.0744357439033452,-9.48631528958008,0.008594896119226253,-0.002071576284941215,-0.004408732814867739,21.624461173601176,29.151569911363232,27.10013408762282,50.49061587949502,0.2734290781961999,4.028595083730092,28.639226731967327,77.2327652533663,0.0,13.648779819383005,49.40350082327717,5.0108862713736375,10.0
104200,1.3811344201662323,0.901164492030878,-9.76696190730108,0.013437290734244222,0.014697585726108981,-0.005137312420510809,22.793530738380355,28.006642063028195,30.265945476884056,50.48490554189702,0.2734290781961999,4.028595083730092,28.639259109972347,77.23275467905138,0.0,14.399286289383047,51.57616377645029,4.801886538942516,9.0
104300,1.1801452645371635,0.3688654339733062,-9.22062465861637,-0.0005500749524959452,0.01370004531073421,-0.005993635776063379,20.60033875726404,31.041909849141867,25.57981018451006,50.47340934310025,0.2734290781961999,4.028595083730092,28.639208006447326,77.23278168663732,0.0,15.113601212473178,50.55751129399371,4.040784887126547,10.0
104400,1.4832709526097703,0.6146633959018196,-10.076948662304204,0.01849047870983529,0.013864369856971016,0.05488818195278634,21.51921836813511,26.571536899640613,28.99105960244165,50.48224206356637,0.2734290781961999,4.028595083730092,28.639248146872596,77.23275995455282,0.0,14.372418142589575,53.924840344628095,1.95873382861584,6.0
104500,1.4692515094716396,1.6905678478959496,-9.921102419049785,-0.00546333840327498,-0.013121995811045714,0.10880383326202758,24.97380675752386,26.519840663385008,26.8234559786806,51.10916037838801,0.2734290781961999,4.028595083730092,28.639289507245447,77.2328300036176,0.0,16.29697103940393,49.40041113518439,4.393196512839261,9.0
104600,1.6361908334382762,1.6824979033615968,-9.546096605941097,-0.0011914797480191029,0.004738357817676342,0.11099689399606072,22.64016651750348,29.21315419896418,26.664111132543855,51.72869214255829,0.2734290781961999,4.028595083730092,28.639304805271667,77.2327860357401,0.0,16.398709175994863,49.82532475103906,4.136812373194791,8.0
104700,1.2598168967663181,1.562935801956295,-9.799949188155304,-0.0011973773800086776,0.0041980109923652545,0.09841616785508663,19.100633759462838,29.219086376133873,28.340002537965898,52.33878616862453,0.2734290781961999,4.028595083730092,28.6392451586125,77.23282586964196,0.0,16.42102855662248,51.89851467785949,6.750717726926699,8.0
104800,2.142196853090697,0.6229346116535267,-9.7236932044337,-0.0011399275249196813,0.00816903349821353,0.11399662834891294,22.23027196695803,23.536817015724992,30.347805915738824,52.93909033483884,0.2734290781961999,4.028595083730092,28.639267157835874,77.23278093557889,0.0,16.77859329714439,54.20512569297858,2.4855913886301684,11.0
104900,0.8821343818845151,1.1730846660614098,-9.43302500480757,0.0001370443152080873,0.00036860266156999843,0.12223109203117419,20.240903753092454,24.738889634359065,29.085545477848168,53.56557619871869,0.2734290781961999,4.028595083730092,28.639241841143562,77.23278989681366,0.0,17.633925238938755,52.56844429401831,1.3640252587096315,11.0
105000,1.2446377586322142,1.1349763703911915,-10.281119704173637,0.017079611417750443,-0.01507856216712325,0.09549899191088171,19.58635529868595,30.076723502613408,28.134455200734582,54.181152979990465,0.2734290781961999,4.028595083730092,28.639267078385025,77.23277376380338,0.0,18.727961415529194,53.546638193611244,5.507896309680737,7.0
105100,0.83361600623539,1.2920162362314156,-9.971880330278275,0.0011076400289502658,0.006774074058831278,0.12123824484441487,21.298183478196545,25.098321920487408,27.28112486468005,54.77784540918017,0.2734290781961999,4.028595083730092,28.63926259073281,77.23284640034679,0.0,19.203812959509513,56.79381719223177,2.95519497056957,9.0
105200,1.34282829471265,1.7469309302005918,-9.485905293321654,0.006685335856893262,-0.001128744356900446,0.11791618025465403,17.253072319760612,27.181098358485833,29.065634855293357,55.38141108496498,0.2734290781961999,4.028595083730092,28.639278913779098,77.23277744721152,0.0,18.31987143410021,54.615760043868136,0.6095569597517372,6.0
105300,1.8167293521732066,2.0740926643707702,-9.259987866987464,0.017250123806430553,0.011406446567035565,0.10427873017546643,21.506016050992294,29.040089647930138,27.84110131595426,55.987236594063404,0.2734290781961999,4.028595083730092,28.63925496881059,77.23280050907152,0.0,20.263517521666934,57.50884767836678,3.0694196639378286,8.0
105400,1.5175210050263415,1.4621449579879833,-9.213507539109083,0.0014295089063969812,0.0036031892878085267,0.10957161711683161,21.140061635579677,28.03568394901636,30.150385534514317,56.58654394057232,0.2734290781961999,4.028595083730092,28.639296656425515,77.23283701423668,0.0,20.102352425881893,57.11065883691767,3.147058469691178,9.0
105500,1.6163831550468402,1.1694513996592182,-9.753951912364828,0.008421043468850694,0.015439968503478535,0.0633458420704683,20.683579871822914,29.218798907067185,30.99768859692143,57.19536953625655,0.2734290781961999,4.028595083730092,28.63924067219766,77.23287721104386,0.0,20.439338079137578,58.03711606207351,2.999571237216522,12.0
105600,1.4413063053311124,0.7270642776474874,-9.723918167705218,0.004128485310664641,0.014470905167616219,0.0006115200592600257,21.63493241378012,30.000741810117855,30.572228567754944,57.18443778547577,0.2734290781961999,4.028595083730092,28.6392989613154,77.23281538109198,0.0,20.60544023572431,56.69636062753819,6.300673643450822,10.0
105700,1.5394365299352404,1.3412896593799049,-10.040563571054218,0.015229594767085897,-0.004206312680758416,-0.0016282062213227484,16.242796602090543,30.767057065428236,30.618580721649288,57.18131013808548,0.2734290781961999,4.028595083730092,28.639267733987005,77.23287703450092,0.0,21.987839032948145,58.39924546309109,5.520874465057621,6.0
105800,1.3743177658105874,0.6774392542424547,-9.61116827046616,0.0005281985117320913,0.001136770888892542,0.0010033536075667905,17.917976314049085,27.721776263496285,30.96427759132843,57.16758346904516,0.2734290781961999,4.028595083730092,28.639301152768148,77.23283375832497,0.0,21.8197480378265,54.03304309495274,1.6826576554893498,12.0
105900,1.2592031367277454,1.025301469211545,-9.75727047117737,0.0075245853440333,-0.023884427714148726,0.002491136200153598,19.57560484303783,31.92070841646085,28.84785806971766,57.17205616495716,0.2734290781961999,4.028595083730092,28.63930052079674,77.23287633291855,0.0,23.204019669340457,58.3334895884471,1.3002275067445126,9.0
106000,1.4419615387708762,0.780403401874451,-10.019467936288928,-0.003932273354035163,-0.00020230691149603075,-0.008846444619916209,18.19709454732467,25.40055480797001,26.844907176480106,57.1894350015756,0.2734290781961999,4.028595083730092,28.639258022335685,77.23284770535511,0.0,22.577217309301304,58.05692039515327,4.114103365664566,6.0
106100,0.7507703371624406,1.0682004872967508,-10.399613639975394,0.00464657814433309,0.010788874917182993,0.002970014675997964,20.210352739826217,33.29989524443261,32.25270140150439,57.1759614069359,0.2734290781961999,4.028595083730092,28.639275080696795,77.2328892540505,0.0,24.401289564435725,58.62763358356075,1.0394600684317348,9.0
106200,0.26979364027111585,0.22140712356939396,-9.395402746966068,0.006555431612584486,0.00678992181965699,-0.008674948714493317,18.83009286304108,30.131833754806628,28.90464740539105,57.17149078992626,0.2734290781961999,4.028595083730092,28.639257099148473,77.23288119941196,0.0,23.86086807685237,61.0979201972008,2.7554417086659884,13.0
106300,-0.277080735559356,0.9969234712628331,-9.730953323406377,-0.0035480003073476906,0.006081439862009565,-0.0020458484609684165,18.86746628210277,28.7671577706364,24.408137339899504,57.16494837815858,0.2734290781961999,4.028595083730092,28.63926508498996,77.23285049323536,0.0,23.483695569043,57.837142861237986,4.040990631206492,8.0
106400,0.33381394653162816,0.970207266235978,-9.693173238295739,0.003166104474715413,-0.0032064267328921854,-0.015293213914298356,16.29886480642261,26.248768238578165,27.477309416376215,57.16441776576317,0.2734290781961999,4.028595083730092,28.639293083327082,77.23287614282953,0.0,23.2739932411578,58.510426315936456,5.377616018458142,10.0
106500,0.03107664076473634,1.3055110916979547,-9.613762382279182,0.004072952608418984,0.01266245149246838,0.00897008176334061,20.054060484989584,31.376529854002108,28.24846386119994,57.16355032856088,0.2734290781961999,4.028595083730092,28.63932807227642,77.23295646362041,0.0,23.90605894989565,55.2681288709734,0.027476634720226656,11.0
106600,0.014513732193098676,0.09288196467751053,-9.693147847157716,-0.011229669196074488,0.016625147882868528,0.003892387934311813,17.833953564823776,28.507590701212138,27.320314879280055,57.16685172064607,0.2734290781961999,4.028595083730092,28.639326191033856,77.23289776893985,0.0,24.923663798200472,56.76476463463284,3.348759688452619,6.0
106700,-0.5048215747569833,0.8672333517048767,-9.704796587943104,-0.0011965733727984582,-0.008638203179368812,-0.005239711238723528,19.209192589642157,27.03647826387486,28.497158611045343,57.162121306794496,0.2734290781961999,4.028595083730092,28.639309040507634,77.23289059662325,0.0,23.157801572589854,55.56125092007724,1.2614322333928099,13.0
106800,-0.15572945915604533,0.7242388427982399,-10.00054645060408,0.0018280640665935387,0.013881073414785394,-0.007320247551686549,17.748047861402235,29.989606166295125,28.779881620833887,57.14523516854608,0.2734290781961999,4.028595083730092,28.639285036908742,77.2328899239146,0.0,23.953746947543767,58.557509199507265,5.23671320416534,13.0
106900,-0.0008774955667632395,0.4211265915933077,-9.433580579522651,0.006270871144626752,0.007555660548774662,0.0040217569299211345,17.353501783652476,32.583710505028684,28.24525765062443,57.12383955975489,0.2734290781961999,4.028595083730092,28.639295163419536,77.23290174966417,0.0,23.36108020029286,56.09380027319491,4.870560603904749,13.0
107000,0.26392592193480546,1.2141777270442529,-9.662871742427322,-0.019178735529176212,-0.006103159514422407,0.005504930640664001,21.197291812150528,30.68068302890878,26.515033822667792,57.13850843703336,0.2734290781961999,4.028595083730092,28.639359395106815,77.23289191291919,0.0,23.80054232902658,58.40673112427125,1.7258613075455709,10.0
107100,-0.009916571086139192,0.4936824378966286,-9.793412176918148,-0.004530361034981824,0.021300013928051087,0.006170736971005635,19.48301449854766,31.410829457781084,31.30228308001725,57.149641099161464,0.2734290781961999,4.028595083730092,28.639344023666713,77.23295658328345,0.0,23.394570480467703,58.201216890174216,6.387762782008335,9.0
107200,-0.07713337895698322,0.4726002310554833,-9.622182868631315,0.009361772328146101,0.0003374554387099958,0.002905302915410555,20.115906967068984,28.806204906203945,27.64387201141779,57.140943334732114,0.2734290781961999,4.028595083730092,28.63934526819497,77.23291946825593,0.0,23.73627351165787,58.870972211598286,3.4214691408311433,6.0
107300,-0.1339339405686304,0.612403434901774,-10.029690483199046,0.0023546270349351704,0.011941695543736329,0.003758413081771721,22.26566070853118,28.49545340053523,26.35404980322531,57.14700157453144,0.2734290781961999,4.028595083730092,28.639340267320996,77.23292493477547,0.0,24.32008034349791,57.085681810599176,0.6548649488759017,8.0
107400,-0.24040366836439697,0.2830065448626864,-9.838019237428181,0.018440062579548496,0.014246353507779363,0.00023070003543838454,19.08484453351563,28.93133631111858,31.60029020352585,57.15099699008049,0.2734290781961999,4.028595083730092,28.63936489693396,77.23291244040875,0.0,23.542376337855437,58.55318351233945,0.5761056819425905,6.0
107500,-0.31540754191148485,0.4393613825221558,-9.803061620610409,0.0075199578293920905,-0.0033454840877883254,-0.008733032793623119,18.214520194549944,31.332834735858334,30.918605278993454,57.13916643677039,0.2734290781961999,4.028595083730092,28.639357451325438,77.23297249955151,0.0,23.29377208215705,55.94732825619894,1.9815885234237327,8.0
107600,-0.005509162155365743,0.8066948385959684,-9.437429994324363,0.014960743681312179,0.007634209596487291,0.006198867216363535,18.070738027189364,25.6562511260649,26.98813038783234,57.14254965723311,0.2734290781961999,4.028595083730092,28.639329510056694,77.23299366669929,0.0,22.979264215141594,57.05723744945334,5.74062954168369,13.0
107700,0.21964793689108658,0.4439196846832595,-9.608150910998187,0.0010934826308822885,0.004774353797957703,0.007149752155691196,18.085912609774823,31.1474882128262,27.940518339178467,57.160554592014655,0.2734290781961999,4.028595083730092,28.63935764621631,77.23295082896868,0.0,23.337732161711116,58.66322859957879,4.933468525847443,13.0
107800,0.1778425789531317,0.4464090739801916,-9.075691718743322,0.007880471777033238,0.011011370236047834,-0.002443539794845579,15.211280355252981,28.348239188848986,28.350041247293216,57.16112583126725,0.2734290781961999,4.028595083730092,28.639319319689374,77.2329669541468,0.0,23.74924472438485,55.6101709165261,2.6812049642002878,11.0
107900,-0.12940013752534837,0.4061996622582266,-9.457995909418786,0.017915657697300327,-0.010195355849903918,-0.002202989716704575,20.603274594146125,30.870289538667624,29.197314718854752,57.14914733782033,0.2734290781961999,4.028595083730092,28.63934630345625,77.23298667930949,0.0,23.23534298633853,53.70367334180138,5.408653697447512,8.0
108000,0.11206403543844816,0.975113859854502,-8.936656777591988,0.006978397725469222,0.011152591072008214,-0.0021888390614318307,18.401448805857505,30.911001660580563,28.7443156863245,57.14927023894696,0.2734290781961999,4.028595083730092,28.63942963130163,77.23296485050392,0.0,23.25611654958644,55.39025168958797,5.5089188133932145,10.0
108100,0.0012568158672702605,1.1444483997470656,-9.318600109267148,0.007679893251440273,0.008099184083170806,0.0025134249206089786,18.691730325817694,28.209801828795346,27.44594200162136,57.15555381219341,0.2734290781961999,4.028595083730092,28.63934493403023,77.23297916633658,0.0,24.344858405290438,55.53917647762498,5.365947749183035,9.0
108200,0.014453285486973118,0.4332138973441416,-9.589731224026133,0.019322563524743618,-0.018855282557593993,0.0024758436327638115,18.860624307763022,35.56804973336708,27.144897363973687,57.16483662525986,0.2734290781961999,4.028595083730092,28.639333013543883,77.23301901387016,0.0,22.89773103130834,54.48419463798534,5.999652311074955,11.0
108300,-0.001885021134694985,0.8311781606083724,-9.377410935963688,0.01980243569073005,-0.003419006437793943,0.010141316587711507,17.181827685324446,28.569836265604298,26.447846085942132,57.17418616339859,0.2734290781961999,4.028595083730092,28.639386391984186,77.23301599138736,0.0,24.169989560230256,58.59867107428547,3.4305877453146136,13.0
108400,0.25129601168974997,1.211503566055798,-9.967962514176675,0.0008726328190703488,-0.0014299272802670198,0.0024880562555445233,20.803871659600226,28.10065933324304,29.013206408281732,57.16278145529778,0.2734290781961999,4.028595083730092,28.6394291732584,77.23302676446687,0.0,24.90470372484418,56.65663479439871,2.869837154153617,8.0
108500,0.1986040405460576,0.3377138394512872,-9.705866042880595,-0.0028654827265857056,0.012206003518629235,0.001227376485142508,16.678806159586085,30.668711451314376,27.196150894326326,57.15969926065966,0.2734290781961999,4.028595083730092,28.639384220996316,77.23302596298171,0.0,23.696235895796132,59.40060812833201,4.189934965509076,7.0
108600,0.4814791625848539,0.584852319439904,-9.314247946605759,0.006212405986339635,0.012038418427492672,-0.0185010236990774,17.47180858744712,30.603302957165702,24.724507554894423,57.15425388435174,0.2734290781961999,4.028595083730092,28.639359405860578,77.23307284565387,0.0,24.39445413567566,56.79411718397097,3.0281623291914026,6.0
108700,0.19115902791764994,0.5960444741197779,-9.998781287302045,-0.01012616647638324,-0.003642594335119028,-0.003215686914322508,16.987314268493808,30.812189432907928,29.18962916574476,57.158613762591145,0.2734290781961999,4.028595083730092,28.639446662395248,77.23308034621621,0.0,24.147295334568387,57.09210393932858,3.4604872081437863,10.0
108800,-0.23332142997863645,0.5534074319454848,-9.677109382589288,-0.001852875851590957,-0.00705376854774173,0.11272211543442356,17.412119790201537,28.380615483592187,28.064747124599528,57.17241744082321,0.2734290781961999,4.028595083730092,28.63936892821243,77.23305398458307,0.0,23.931350548562538,53.50381757137379,4.013047952669723,13.0
108900,-0.3295414162517491,1.7367626547633985,-9.267212837952497,0.020214936783515696,0.010821906612515992,0.1979367287125212,20.702550012062265,31.502454670360297,27.53394247909674,58.30084685761446,0.2734290781961999,4.028595083730092,28.63941230617966,77.23303077454348,0.0,23.7015595325333,57.95158452747392,2.0118711366296815,9.0
109000,-0.07678451652717203,1.7925416779490786,-9.748734157278616,0.003477669501841971,0.006988808617717144,0.195204569716678,18.635097377245117,27.04586702158995,27.53663263431511,59.443615932904386,0.2734290781961999,4.028595083730092,28.639381972966284,77.23304899317273,0.0,23.991566977260007,56.73500851934766,1.5980158329048932,7.0
109100,-0.17232310761334566,1.7542683511445334,-10.019275999387418,0.0060684229278985605,-0.0001642200154713929,0.22686875193242267,16.996279601086414,28.65900249207691,28.15412862514744,60.578255029287675,0.2734290781961999,4.028595083730092,28.639362701711978,77.23308668488082,0.0,24.589919466584924,62.80140868254308,2.6550269854824937,6.0
109200,-0.49037512569127784,1.5408103421241592,-9.608356083666266,-0.017391443345081668,0.019694104775658066,0.2051374693955015,15.208612381127013,30.912837988768036,26.438295076970853,61.72130472874813,0.2734290781961999,4.028595083730092,28.639387726207374,77.2330443780323,0.0,23.89943321195041,60.90061535825775,2.1153464048162043,13.0
109300,0.07707540226247225,2.4138040770756493,-10.112074872356434,0.008363316912707235,0.009188621596735388,0.212964502512484,14.676452972066489,33.05369965858884,29.29165309397344,62.85695391678867,0.2734290781961999,4.028595083730092,28.63942840406935,77.23300468489191,0.0,23.685168630217326,62.75963291760458,1.6122426007535715,12.0
109400,-0.07715030441197643,2.506108265139565,-9.999758115982111,-0.007039239699128144,0.010254922321254214,0.1936806417822873,18.00482864419761,28.779461657923385,26.89411567791403,63.995322729544505,0.2734290781961999,4.028595083730092,28.639427275571908,77.23303653480079,0.0,23.400084170351406,66.12379372713077,5.697015145999708,9.0
109500,-0.3453058664116656,1.1409750203231206,-9.418224308094839,0.006084737919941406,0.011669193400718335,0.21125944848275582,13.381908229037526,34.238823612534276,30.82056310772914,65.1355326166681,0.2734290781961999,4.028595083730092,28.63940273881266,77.2330540678206,0.0,24.209066084538538,64.31453336128227,2.645564071395837,6.0
109600,0.3394092573772278,1.7393248865467892,-9.381462041852359,0.0043165490167524885,0.028937317070963232,0.2061664912175393,11.236900157809163,35.97148181581969,30.095843952834734,66.26937146195522,0.2734290781961999,4.028595083730092,28.639436852191743,77.23305235177735,0.0,22.976507041027762,67.78188003437123,3.2281859484673983,10.0
109700,0.002334061852705155,2.0771138175514703,-9.879756578532287,-0.0024408425791141034,-0.012482871434773432,0.20546714176929634,14.512443894104122,29.318316129609816,25.068674780341013,67.39188624344955,0.2734290781961999,4.028595083730092,28.639368849981366,77.23311300432813,0.0,23.971685905770894,64.67957387198675,4.532811355253106,7.0
109800,-0.03771738805354444,1.4236614487009913,-9.639508293173527,0.004951593483206918,0.012485154365955736,0.1921982019576726,10.8658430126402,31.666604150780866,25.330882079791895,68.51911990312217,0.2734290781961999,4.028595083730092,28.639464769898574,77.2331350381793,0.0,23.32456470693267,70.3104278787186,2.008083635967427,9.0
109900,-0.5892943000918099,1.7320767269543955,-10.145677907500554,-0.004591780874060084,0.019169581547122408,0.18920760965757227,12.213644305615583,32.71520337783075,32.22267923486534,69.66780350126871,0.2734290781961999,4.028595083730092,28.639414359117215,77.23306958129028,0.0,24.13909502197699,70.45077812287008,1.1056191693529904,6.0
110000,0.27945653500740475,1.7411165726729592,-9.760100181518784,-8.787578906840551e-06,-0.012915806090254302,0.19534531096349786,12.405225336173446,34.20763083311774,26.72870799334277,70.7935279787558,0.2734290781961999,4.028595083730092,28.6394247388702,77.23312435812747,0.0,24.289191142397687,72.0662489791163,2.683619264894202,9.0
110100,0.15797117316637882,1.8959643745643247,-9.396862454005491,-0.020298189722946374,0.0002943660301387794,0.20969291669575488,9.089400655374838,34.744371665979784,29.231936630537156,71.92958138290179,0.2734290781961999,4.028595083730092,28.63940130022096,77.23310669846076,0.0,24.761949909464658,72.67991454755264,0.08901702891598084,13.0
110200,-0.17740655136850045,1.3726186975740085,-9.590192617661549,0.00011025892677565558,0.007195438240584779,0.19791026960975394,13.76007079012196,33.63408063206599,28.59402626259794,73.05940257712305,0.2734290781961999,4.028595083730092,28.639385963300484,77.2330662237777,0.0,23.276345645520188,73.90510646998614,2.6309157797106884,9.0
110300,0.07077179692970181,1.566744864097217,-9.975580614381276,0.01475505949887512,0.004903533844452192,0.20247430824124926,9.9949164593805,34.735848037880835,26.80729067784326,74.20220244702836,0.2734290781961999,4.028595083730092,28.639450326426758,77.23315647327094,0.0,24.068533395941227,74.01908062304135,3.3723530182812302,12.0
110400,-0.4953013563952475,2.112770120653254,-9.500895329717324,-0.0069251167560048866,0.018949886030717275,0.19557088046227,11.36588994788076,33.8689572042537,31.490267321530787,75.35330602202662,0.2734290781961999,4.028595083730092,28.639431822263806,77.23316148012134,0.0,23.154727653888724,75.53441984738082,5.970486516662897,7.0
110500,-0.5236552453916992,2.3540010500914086,-9.538019619791124,0.0013562258007918646,-0.004364257032468749,0.21332417013706234,6.799898977969119,37.04757605620239,26.460543936728055,76.5038246877332,0.2734290781961999,4.028595083730092,28.6394304275548,77.23314448301758,0.0,24.902777396549478,75.79924676902037,3.872828249185069,8.0
110600,-0.017461034452192714,1.6840160808466846,-9.699486110130659,0.011981547215008322,-0.014928028443697238,0.1877546342317068,3.570981032126833,33.450589627433835,28.974762073318363,77.64283018539228,0.2734290781961999,4.028595083730092,28.63945453207717,77.23318565340573,0.0,24.494804665418453,80.77856021637196,3.1787410976628863,11.0
110700,-0.29044383272273966,1.7843958258996393,-9.227722775037021,0.00532038807393632,0.0012182403492725677,0.2037163978764648,4.5430338767207985,34.154305237501546,28.859794262899968,78.79786763237631,0.2734290781961999,4.028595083730092,28.63942393258329,77.23315757402425,0.0,23.919429743159885,76.9425066238588,2.0667913548579167,7.0
110800,-0.3149406784843648,1.2729229826006165,-9.741752363446558,-0.002079847789851182,0.011508921735668892,0.2048662939552971,4.7182787926378165,33.904193445710476,28.37533270619453,79.93983826733471,0.2734290781961999,4.028595083730092,28.63941716149544,77.233202883329,0.0,24.623980294154826,79.90015132106932,6.009670631494824,6.0
110900,-0.3427299678512326,2.205437865670932,-9.5324468045028,0.016670255981313654,-0.01133671031164626,0.19714058619646935,7.2703185670679575,36.90034343831785,30.502312704255488,81.06506663235587,0.2734290781961999,4.028595083730092,28.639475957112086,77.23312146712051,0.0,24.67445280208177,84.22995768176612,4.136419744439115,7.0
111000,-0.602703737330697,1.4927600661639706,-9.339364139296224,0.006173473245208968,0.0013631970029387118,0.18073188350218686,1.5031847253862956,35.32444063279497,25.899777460085335,82.20843385224003,0.2734290781961999,4.028595083730092,28.639385569015477,77.23317006614207,0.0,23.443914132806796,85.04717756755527,2.734104814321667,7.0
111100,-0.5946962067377878,2.229184410983625,-9.427429467621286,-0.011207752411300932,-0.0006297967764777668,0.19838700672239218,-0.7893171389464122,35.93672849704714,25.951964821198903,83.3326682685204,0.2734290781961999,4.028595083730092,28.63943393927031,77.23318459102431,0.0,24.022780549076185,81.14172574423411,2.530146871960276,11.0
111200,-0.5431774735838544,1.4161660036383363,-10.07875254008267,0.004436263956621765,0.00994603133643748,0.2042944580689478,2.802131254219028,32.74474477517116,31.904531430075195,84.46449489289965,0.2734290781961999,4.028595083730092,28.639468808253632,77.233135545044,0.0,23.12134232880947,81.3061679809708,1.68489574657148,13.0
111300,-0.10719308497042226,2.5481147255360033,-9.770502833211568,0.013967446383986885,-0.0008872549555413089,0.18477807957791206,4.115101846102316,36.36367033977776,25.865421053679754,85.61718436726815,0.2734290781961999,4.028595083730092,28.63942540343407,77.23320850276613,0.0,23.89312940565132,83.25789968620957,4.21524902001255,6.0
111400,-0.3261872099868163,1.8861066222169272,-9.846529274819412,0.0022112573179093654,0.0086368444637097,0.19390638059037432,3.331729506838305,34.49793284968083,26.553803824883023,86.75616057913528,0.2734290781961999,4.028595083730092,28.639475225499915,77.23320376198566,0.0,23.862098254690338,85.87647011220312,2.030307106951113,12.0
111500,-0.0817189934321167,2.126153656413153,-9.943289272335685,0.0012635689946216104,-0.004995445016965001,0.19846090935190677,1.1438555052114492,33.32675056930225,27.191595007670433,87.87918385126841,0.2734290781961999,4.028595083730092,28.639503966418165,77.23318494977346,0.0,23.060858865076437,88.8869369377125,1.1888131752367852,12.0
111600,-0.31985683434148526,1.504309038896634,-9.414972071347464,-0.0012399224918146897,0.0038870814079583517,0.2130782278545612,-0.2388076703407842,31.590171722236327,28.958504760614115,89.0094024620484,0.2734290781961999,4.028595083730092,28.639464882161235,77.23318247165977,0.0,23.683016776185895,89.36393855869922,2.3111367376913243,6.0
111700,-0.18921791128226395,2.035132071064496,-9.656279154204094,-0.004798254320077006,0.006278304786944985,0.19513834770936442,2.011024420247763,35.25321018919287,29.08300106973655,90.14389980912998,0.2734290781961999,4.028595083730092,28.639462254698216,77.23319063066268,0.0,23.86192273471565,89.90982107527041,4.624495432393013,9.0
111800,-0.8934096312306496,1.4255500271652948,-9.930645269732999,0.006845337530419009,0.017434098110276738,0.19706938274640204,-1.5687303426208508,36.35894945498414,24.991623805402774,91.27514907777439,0.2734290781961999,4.028595083730092,28.639437175755152,77.23324663354542,0.0,24.002142718298938,92.38699063297314,3.560490392451813,13.0
111900,-0.16373937869332714,2.28710499623415,-9.821521987236407,-0.01540124193354516,0.008618117084473603,0.20127132703689865,-1.5261607971603868,34.375939575775824,28.549543602518824,92.42979949055719,0.2734290781961999,4.028595083730092,28.639471522825716,77.23327713676352,0.0,24.240193364527006,92.77100678957547,3.4287157311034395,7.0
112000,0.14373536555847582,2.2863143416710345,-9.898133274643094,0.007461080128079927,-0.011769420620473231,0.19131489448853448,-3.6909982961033854,34.87567125282376,29.195110434365574,93.55740006142975,0.2734290781961999,4.028595083730092,28.639441935718594,77.2332363724547,0.0,23.775220755485034,95.8420294611629,5.321680065154254,11.0
112100,-0.29442615470781397,2.04110654256357,-9.092122207598377,0.013902678274857097,-0.0014418982498227567,0.20369156408181513,-4.951116711529323,39.456115271338646,26.99353751976162,94.69874628199887,0.2734290781961999,4.028595083730092,28.639388456723548,77.23325564507866,0.0,23.538641912775702,94.38648599057478,4.300718749957285,7.0
112200,-0.04033607559457622,2.2689488609724506,-9.851072910525406,-0.0011019085103621392,0.012795445917094923,0.20436216904075694,-7.121995600973948,33.58855417502766,30.52123207800637,95.83153570948855,0.2734290781961999,4.028595083730092,28.639444733238477,77.23323025142687,0.0,23.91990443584657,91.38172465221673,3.13521414383961,8.0
112300,0.04529573626540395,1.9509120308528511,-9.843720038039258,0.027577714571029484,-0.013291729799298015,0.20493304077190566,-2.3974692943807705,33.456621198001535,28.767591874760885,96.97021447657693,0.2734290781961999,4.028595083730092,28.639430207052776,77.23327711563164,0.0,24.38748400163166,100.13522724619895,4.102596782573339,12.0
112400,0.4241523472956571,1.5720015399709784,-9.826371088299352,0.01175059581838836,0.004548704691963253,0.19232395297605737,-4.165483872742137,35.635879762687985,28.129605882464997,98.10977980402345,0.2734290781961999,4.028595083730092,28.639389188274247,77.23330368010669,0.0,23.52702984743828,97.63884880780202,3.8412560382983845,11.0
112500,-0.7809823318717425,1.6931102802846274,-9.620326555023984,-0.000421591133219797,0.0020734901309495874,0.1966837786739192,-4.834999170342964,33.338648980090035,31.165474366722307,99.25479059705721,0.2734290781961999,4.028595083730092,28.639417355463664,77.23330931781624,0.0,24.70387393903429,100.24660651557463,0.010278035387662587,7.0
112600,-0.1627750940710438,1.4464036755740275,-9.854435527529462,-0.018279290542707043,0.00962788746439144,0.09942412524393562,-5.885404148670761,33.05058176437668,27.906522188362263,100.39447273068599,0.2734290781961999,4.028595083730092,28.63942337651367,77.23323322342216,0.0,24.08360357106227,102.21553833077432,2.6675371710855935,12.0
112700,0.20882499824541323,0.8178793923269496,-9.555901268399838,-0.007810545360832402,0.00733183193392276,0.0020326632334693507,-8.94157379042791,35.49793592469126,28.176936973354326,100.39583090519837,0.2734290781961999,4.028595083730092,28.63941688805373,77.23331321369511,0.0,23.931452970527722,100.44065551615562,3.086626636727874,11.0
112800,-0.5991218928571223,0.535428914024812,-9.477121240745973,-0.001647058266569413,0.0003508273119015642,0.006971335210331415,-6.428906992885393,35.945234546713976,29.871989729803655,100.41136838919388,0.2734290781961999,4.028595083730092,28.63940737742999,77.23332455675335,0.0,23.917360123839906,98.3633034903957,4.6918073586762175,11.0
112900,0.5161787842063374,0.7433728593680671,-9.89187098407717,-0.0004184191749112042,0.004512129016588724,0.00025396468401882636,-6.968149070579631,38.73625158025816,31.892792694830217,100.41468181842541,0.2734290781961999,4.028595083730092,28.63938954860056,77.23326256918266,0.0,23.190687077032187,101.29245393851984,2.1763947083653052,13.0
113000,-0.22407152465103614,0.7767955287168001,-9.593140151636945,-0.010778813296162648,-0.0010711726200216404,0.00818235529250538,-8.926488865327855,36.31393754648124,33.61112357569305,100.40436860818122,0.2734290781961999,4.028595083730092,28.63941582208623,77.23329963362735,0.0,24.104173521051028,100.75573443160117,2.684531797295743,12.0
113100,0.02521394926090692,0.6084351697402626,-8.944568209170164,0.015489454668263215,-0.004811434196700339,0.0023175516606245014,-4.411082367061805,33.87047166748415,26.28321599647454,100.3943647445998,0.2734290781961999,4.028595083730092,28.639417486084884,77.23328919013072,0.0,23.5509934178883,100.18028866166877,4.1097868662372665,13.0
113200,0.2468130202548888,0.6040500197689559,-9.557607410716415,-0.005960196395791714,0.006696266267220646,0.00839942478236698,-5.8136710184051195,39.35173313287734,32.2889398622521,100.39295883980151,0.2734290781961999,4.028595083730092,28.639424672896034,77.23331621957887,0.0,24.053009637570547,96.19144950936614,2.9642427143751178,13.0
113300,-0.5856644927592751,0.2159808305766821,-9.98427069325301,-0.002454219047307156,0.006746714622189842,0.01105917178206058,-7.63472607528559,33.29769076944035,29.256718012811803,100.41449429725742,0.2734290781961999,4.028595083730092,28.63941690308983,77.23329575382641,0.0,23.95795592617793,98.25556566360305,2.6131296293642197,10.0
113400,0.01093758529614236,1.2587656886068608,-9.335766641042289,0.02539748052502868,-4.439269089430431e-05,-0.007041072168509224,-9.010830750349028,31.372550769528615,27.967380254300984,100.42289019011247,0.2734290781961999,4.028595083730092,28.639426567520815,77.23328883851165,0.0,24.774371739024645,102.11837208580911,3.1745264361978895,11.0
113500,-0.5470320482111999,0.9199231472130769,-9.764092403043625,0.00513404236599265,-0.00912151454562575,0.0031064878213054085,-7.570917243628862,33.65465973779236,26.590389869520877,100.41349114423025,0.2734290781961999,4.028595083730092,28.639439342846263,77.23338522365592,0.0,23.85216592537711,98.92236861746588,4.020507707766395,11.0
113600,0.07861736625118854,0.9375288063532636,-9.801521013937162,0.010901805650872114,0.015032441586410109,-0.0012636960006628807,-2.321560067633823,35.179404471198666,25.70822669558809,100.41803431693555,0.2734290781961999,4.028595083730092,28.63942789587084,77.23332071640347,0.0,23.00214982641481,98.6195275061209,2.882354945671936,6.0
113700,-0.04770984820281805,0.5549365424936487,-9.7093699460055,0.011069741612397311,-0.0023091560711517986,-0.004203033448911159,-6.930100610145198,36.209182632503264,25.265820678749385,100.41363919939484,0.2734290781961999,4.028595083730092,28.639430742088148,77.23334756053478,0.0,23.600125936479063,100.78048513862183,0.5786554670474287,13.0
113800,-1.1937314781669948,0.5061119472653731,-9.817799185261478,0.02334134738343643,-0.0002673792721252389,-0.003674461795674896,-6.056695941609075,31.404103586675085,27.970192231166482,100.4098198678846,0.2734290781961999,4.028595083730092,28.63943224321265,77.23333504396493,0.0,23.89070815546095,101.06404812690778,3.794079348724536,9.0
113900,-2.8369576389821654,0.22518318916560887,-9.57659621546717,3.7714052760103034e-08,-0.008477002245115245,0.008785102642397806,-3.666474170360137,32.20671011528154,28.756950676295222,100.42521761067385,0.2734290781961999,4.028595083730092,28.639423219597795,77.23334051025724,0.0,22.87408565922403,102.09645761494068,2.249743075608631,9.0
114000,-2.220874706250689,0.8865020156503668,-9.944604017917543,0.006479241021620367,0.007350811246024145,-0.007500086937416897,-8.316563607475887,28.90120625470034,27.83735721749027,100.41142595061677,0.2734290781961999,4.028595083730092,28.63942098815005,77.23335137437518,0.0,22.067028318860366,102.49057109811318,5.221693251897491,12.0
114100,-1.8596688886053387,0.36800071272513596,-10.244767091789138,-0.016403865906964764,-0.005299568041881828,-0.01020074033150834,-5.4779469421710285,35.46708315735355,33.21101303600002,100.42521470830683,0.2734290781961999,4.028595083730092,28.639412385021167,77.23337058833194,0.0,21.57059500385034,100.68368714890588,3.495091628566735,6.0
114200,-1.3835301794608728,0.3778260395379336,-9.613925446466109,-0.002276752282442799,0.004778415571551838,0.01377222247052436,-5.92580682251091,31.372235408282062,26.833195480370783,100.42580481884588,0.2734290781961999,4.028595083730092,28.63942643227964,77.23338954021915,0.0,19.663611550537304,100.24078962022244,2.7557503821040945,12.0
114300,-1.5902850584078405,0.47662180615167515,-9.97595119492318,0.008994435746371664,0.014005789765599241,0.009801953433225362,-8.043133232994482,33.31345936176667,24.939425508967783,100.43227941481199,0.2734290781961999,4.028595083730092,28.639450212800476,77.23334519753067,0.0,19.65901340833966,100.29862245559191,1.8226747118556053,8.0
114400,-1.2447333198841624,0.732204445889461,-9.376894385515387,-0.0029428244868458684,-0.002299883763655524,0.010093971368075026,-4.74758312373396,35.925836084160345,27.067533390742337,100.43180788029628,0.2734290781961999,4.028595083730092,28.63942309801505,77.23339834204872,0.0,19.293773024777042,100.96135199767095,5.293167802252327,8.0
114500,-1.677678787151165,0.15148142598891803,-9.748756021730143,0.01717517295761549,0.007497164834885163,-0.00019101446188381568,-5.923816058483448,38.49056358101166,24.92857653815268,100.4226647848533,0.2734290781961999,4.028595083730092,28.63938981478034,77.23338522433872,0.0,18.87335804235063,103.36065332454092,4.0788230915344865,13.0
114600,-2.4650912612413216,0.7023531870678619,-9.498525389696006,0.0009423761171263052,0.005765049285560652,0.020637938652958272,-5.6151262257021735,32.96743643991243,24.2120067452281,100.44548318053072,0.2734290781961999,4.028595083730092,28.63942887904542,77.23338648397113,0.0,17.928956164514567,102.45505907680632,3.1472973307362855,10.0
114700,-1.6865647041661425,0.48036701762043477,-9.78793906325919,0.0033907347281851097,0.0023457491333374616,0.009946807637255892,-6.639989808078439,32.23595241219556,26.832942904477598,100.44609912116051,0.2734290781961999,4.028595083730092,28.63940336822913,77.2333948640242,0.0,17.102369827805987,98.63562449125308,4.768149670921069,11.0
114800,-1.736712694227349,0.3218565358630561,-9.515296382264342,0.019577441852084546,0.01564000565658731,0.005873043842769807,-7.67973675361741,37.443517483300155,27.020303237660897,100.45492863654897,0.2734290781961999,4.028595083730092,28.639382073317215,77.23339391565226,0.0,16.351885722673693,99.85543683835205,0.25641410384887164,10.0
114900,-2.444974836629315,0.3100224864225418,-10.024862735464074,-0.010591312836567963,0.025854223135994555,-0.012720430335484286,-5.022479569245867,31.28135731113969,23.764308047346876,100.4665846637403,0.2734290781961999,4.028595083730092,28.639428908528185,77.23340100866781,0.0,15.707418396524526,103.15305603953524,1.250768767588665,7.0
115000,-2.3825519218704367,0.34685440567158154,-9.778396624935386,0.007904573517592686,0.000529589293648566,-0.005803416038127967,-6.752186660430189,32.10565888823547,28.308209580568967,100.4715858752386,0.2734290781961999,4.028595083730092,28.63939083983218,77.2334720001841,0.0,15.427819745123424,101.1038217409095,1.0981815956828227,9.0
115100,-2.352197984519487,0.26923241435556355,-9.656327648865885,0.005826723212894781,0.017404725000172063,-0.004189781371497995,-1.9737240069419526,32.493472076052,31.051954564282227,100.46244583286817,0.2734290781961999,4.028595083730092,28.639427440611495,77.23343762942457,0.0,14.505606827770627,103.62910569766522,2.220374182465616,7.0
115200,-1.7353025082285303,0.008683547424995774,-9.804291298452247,0.017095080824445986,0.010159190442872059,-0.008481436974566783,-7.400103175900762,36.95545112826029,29.19513292226294,100.47381839850361,0.2734290781961999,4.028595083730092,28.639401618243802,77.23341797323654,0.0,13.367010201840527,99.43530757084856,3.0062738738482317,11.0
115300,-1.1918428786322544,0.7816430486195587,-9.861501100815826,0.020756640465270728,0.001726754756008306,0.003918921765232302,-5.334801836791162,35.7544745848481,25.174611965567255,100.46160161019799,0.2734290781961999,4.028595083730092,28.639393023829303,77.233428099792,0.0,12.652127311693535,98.5861976728684,3.5213903499833714,12.0
115400,-2.2088204198988985,-0.35254677410546087,-9.394829390497344,0.0049193382372218816,0.0027005105872967817,0.008470263167727093,-9.270968319870303,31.707870857296736,30.017599147442468,100.46756375943326,0.2734290781961999,4.028595083730092,28.639377495988292,77.23345475095758,0.0,12.02337867696238,99.24456550339625,5.308375623318839,11.0
115500,-1.7166933249062324,0.09047126530162047,-9.945074079677799,0.003786673570120446,-0.006611379986427488,-0.0006089526911844035,-9.636485786830447,35.37426536468471,25.524994471440802,100.45699601286736,0.2734290781961999,4.028595083730092,28.639473763898827,77.23342521695632,0.0,10.549263243312877,105.40584499507847,0.795859308616647,8.0
115600,-2.1417241454513283,-0.13747619178322246,-9.934972834380876,0.010729872478151584,0.005826842068411995,0.013499754152853934,-8.099825870133198,35.749207808335,27.458602398326192,100.45454297018725,0.2734290781961999,4.028595083730092,28.639421169572316,77.23345737113742,0.0,9.955849227613651,99.18078547642136,0.5545925563987728,6.0
115700,-2.5043480025223817,-0.07327446035001411,-9.675205691997744,-0.006748216252636744,-0.00272389937746221,-0.018632010268603377,-4.558105597689916,35.44170116623641,28.194349451512828,100.46905298810113,0.2734290781961999,4.028595083730092,28.639413879576175,77.23348059853934,0.0,9.480779036883508,101.36129689796118,0.9858560472424576,12.0
115800,-2.9632602209428365,0.19186457085558434,-9.750585361239738,-0.0037599838323744443,0.0037564009072590613,0.0049121260103498,-6.060915549498624,35.34823174515894,26.197092059489123,100.46824742282365,0.2734290781961999,4.028595083730092,28.639366464104235,77.23347388433628,0.0,8.512117093454734,96.65477474738368,3.3579947197327282,13.0
115900,-2.6317730001452673,0.44105504177846383,-9.2045694305264,-1.3806670948090377e-05,0.028421607416467647,0.009871641983895263,-2.8904072266337475,34.8595390604172,30.325250998624394,100.47641095276599,0.2734290781961999,4.028595083730092,28.63935225443184,77.23345143126932,0.0,7.493501590136711,101.7576946004366,2.051697239859483,6.0
116000,-1.5958013926421826,0.12180538644530253,-9.340282546472064,0.026137699798901817,-0.009058920965984183,-0.01648016083584222,-5.328613272930951,34.59163961180134,31.60713265107183,100.47080756510078,0.2734290781961999,4.028595083730092,28.639400019203798,77.23348503670529,0.0,7.420290963877381,100.95989592784801,2.8897565751891987,8.0
116100,-2.1771600557014494,-0.2752605395832187,-9.433873086767028,0.006364650063628116,-0.002041548865012845,-0.011203332107751157,-7.674616254715647,34.799614390592865,31.377715486796713,100.4703083857528,0.2734290781961999,4.028595083730092,28.639417315963723,77.23347297669736,0.0,7.475112078850781,97.86579821365241,7.074256552077639,12.0
116200,-2.967800901221868,-0.24500807820058845,-9.704420313116538,-0.0034579599469650576,0.0028646592299596883,0.010619387362861187,-5.971166345883642,31.080333563620616,29.7958523297957,100.45673459219277,0.2734290781961999,4.028595083730092,28.63937201940967,77.23340055578545,0.0,5.780374651687395,99.37060133805899,1.6061849188050128,13.0
116300,-2.975781240296265,0.4767811747330988,-9.261029457509913,0.00041107491366311564,-0.005151874816173701,-0.026010997390752744,-5.907490201998886,35.76184944356991,26.431142343572038,100.46251364558755,0.2734290781961999,4.028595083730092,28.639401213090856,77.23348861602321,0.0,4.59563309341003,98.28278705383026,2.293413034293395,11.0
116400,-2.534970788007072,0.3050101255638893,-10.022227313642446,0.0003459497099602155,0.005765943761494606,0.00786169590123404,-7.3814906050417335,35.12752262762942,27.354608014500986,100.46844536457232,0.2734290781961999,4.028595083730092,28.639375744754958,77.23351812251431,0.0,3.301962026553042,100.04142696581413,4.323447858219877,7.0
116500,-1.0620185937519082,0.5065970952520721,-9.970214131683706,0.006901051637837918,0.026356859805782028,-0.005421913796278078,-10.33784036935859,35.15829982500588,31.87887606262592,100.44693830241327,0.2734290781961999,4.028595083730092,28.63944134435755,77.23346997994635,0.0,3.220768250162573,101.11703105470029,4.3234240189474615,12.0
116600,-1.073528532822535,0.47112884881384254,-10.210678626851514,0.013189094826690194,0.001579554358406806,-0.004450978211214276,-3.487847228601303,33.98922595676686,26.693672862928185,100.44830020094984,0.2734290781961999,4.028595083730092,28.639437825332486,77.23348730257044,0.0,2.0911808369254747,100.38296022545806,5.490191248681137,8.0
116700,-2.0662069614393532,0.7251324252895561,-9.446931311028102,-0.0017051991997935074,0.001966881902365222,-0.0011118597303567486,-4.588258771776651,33.22106923889022,29.963169754847556,100.44538353079245,0.2734290781961999,4.028595083730092,28.63933958168693,77.23346340034409,0.0,1.9833308316110796,94.06004822579114,2.878866008287658,12.0
116800,-2.0493857726867284,0.17574773725048454,-9.518873731885023,-0.012029141921799519,0.027089875417591208,0.006792176703410809,-5.9893570255804125,31.907910571992993,29.902416501455516,100.44591975150026,0.2734290781961999,4.028595083730092,28.639399666684017,77.23338965209904,0.0,1.1928149046587884,99.43091907223757,5.390171172840974,10.0
116900,-2.0360460465676327,0.7853989403190608,-9.315969634165244,0.004124956639330173,0.010756774346889653,-0.02467843338880678,-6.828701046872814,33.91440628504634,30.69721273870835,100.42526736174801,0.2734290781961999,4.028595083730092,28.639368441000943,77.23348764287144,0.0,0.03317435399513757,96.82240480710323,0.0824009620632773,9.0
117000,-0.4829769226107247,0.9570070322235484,-10.310349310464137,0.0016694111212112407,-0.020315498263104765,-0.01162070375096853,-3.3798618502643754,36.53904132182188,26.676544129500435,100.43214309418462,0.2734290781961999,4.028595083730092,28.63937977780246,77.23348099730435,0.0,0.19669230555623088,101.1383281803247,4.6089553439707736,6.0
117100,0.4656194209492418,0.5009649412405542,-10.34409225337405,-0.018091114423386543,0.014120773919537356,-0.007817573627263168,-3.146066992667436,31.218474827047302,28.254863378881456,100.42902393263657,0.2734290781961999,4.028595083730092,28.63937706960755,77.23346188631457,0.0,0.0,102.41495304395217,2.7375934844726566,9.0
117200,-0.5085785547155255,0.18299797472813045,-9.847908396051347,0.013469174894165395,0.01641470448097431,-0.02872277374035969,-9.370981400818184,30.60968707063389,27.934947336092325,100.41470446247172,0.2734290781961999,4.028595083730092,28.639343418142033,77.23346937487534,0.0,0.5185647270632714,98.10786348974199,2.875590798914072,6.0
117300,-0.09655427947150474,0.8425092709292121,-9.200647211309736,-0.0019953268483523107,0.005873355065226786,-0.008906844466491476,-6.97299841192946,34.280983974088464,26.68140271793796,100.41276037658139,0.2734290781961999,4.028595083730092,28.639380361056784,77.23344407505164,0.0,0.0,97.5327469608345,2.7832287857408384,6.0
117400,0.009724746653780297,0.6185624425951006,-9.58963777413186,0.009299737614820072,0.038391024198277,-0.0028883574929491453,-7.374634309013361,33.39377001833621,26.975185175828898,100.41499233520324,0.2734290781961999,4.028595083730092,28.639420323631924,77.23347833696648,0.0,0.34363192435903184,102.64463600766481,1.1793924427767022,7.0
117500,-0.22198650729182284,1.0679182767911914,-9.254492508573678,-0.004122653128496541,-0.0010721653289783141,-0.013436581198735597,-2.1163396560713883,34.64950614820455,30.54425464376183,100.42293599945683,0.2734290781961999,4.028595083730092,28.63938749771592,77.23344382240106,0.0,0.21306248468671293,101.0873293452121,1.7313771789433883,8.0
117600,0.04491258271553554,0.8886039955446567,-9.437129130849097,-0.0027967822972834715,-0.0033440052505390545,-0.004245628597867694,-3.225358279599929,33.758200241738905,26.62831471992221,100.4380388940937,0.2734290781961999,4.028595083730092,28.639417473409416,77.23348283462892,0.0,0.0,101.7562326077567,4.90227689103142,6.0
117700,0.2318600746231106,0.44062833715457206,-9.702614352196626,0.006558909650401531,0.021663159452960642,-0.012774307817161202,-5.866774363355367,34.315105194923675,28.552603117447173,100.43596112892023,0.2734290781961999,4.028595083730092,28.63941144507341,77.23348269729202,0.0,0.0,103.88915233935114,3.367349784390119,6.0
117800,-0.1840625562127726,1.0537561638640804,-9.73749795757102,0.011188395931011001,0.014471066120237054,0.00709975504972389,-8.907728710379185,34.94516000385837,28.617196827067122,100.4485758576953,0.2734290781961999,4.028595083730092,28.63939233095101,77.23349025386104,0.0,0.0,100.24589256093105,5.745881229114854,10.0
117900,0.3207590016840192,1.1160711031619202,-9.662720585306497,0.007887337609493164,0.0019335271402648978,0.007274565815756673,-5.870366082490137,33.65778045688472,26.935800148183297,100.4571980012532,0.2734290781961999,4.028595083730092,28.639450249295503,77.23343322085427,0.0,0.0,100.1713062820057,1.857437517891733,10.0
118000,-0.13203315607659158,0.58752315044307,-10.063700273860333,0.020258776663764067,0.005186601326653663,0.00212062432138369,-4.903240553049585,31.489425601889643,25.596255422938327,100.4667893596998,0.2734290781961999,4.028595083730092,28.639420927983537,77.2334746509237,0.0,0.41429958016413737,102.72223507754823,3.2539338978880084,7.0
118100,0.05630481954166897,1.1596553919787809,-9.404607271293639,0.0035848187634814066,0.017355359282517007,0.0039232556643550645,-6.128632119127245,35.65001572596173,28.73874949224287,100.46107582828142,0.2734290781961999,4.028595083730092,28.63943299161819,77.23347527742094,0.0,0.3644227021086836,98.7003763830727,0.7248111751423183,13.0
118200,-0.10917085016209585,0.9519987936350975,-10.001304545238114,0.014141449874405757,0.01089028460566886,-0.013984841794712526,-5.608034611404034,35.69853611201413,24.39699590986903,100.47348126008416,0.2734290781961999,4.028595083730092,28.63940642072791,77.23344202423169,0.0,0.25446330291404295,104.05237930667305,2.685110964527026,9.0
118300,-0.22526986624780182,0.3076035408921309,-9.778323314563682,-0.001001390027927214,0.014950631784607153,-0.014622298010469464,-7.270593213828744,35.00160701479474,28.808043696773925,100.47569654726688,0.2734290781961999,4.028595083730092,28.639467252965794,77.23340020523055,0.0,0.0,99.88845943292368,2.6031866839577065,10.0
118400,0.17541991822837036,0.191297542868691,-9.466131503911479,-0.004635703750889348,-0.001029966337461578,0.0013490326191674953,-8.934320511914105,31.720552474359064,27.203092274053102,100.47340573510513,0.2734290781961999,4.028595083730092,28.639407320253778,77.23350846874561,0.0,0.0,102.08923623265217,1.6805367749308797,10.0
118500,0.051021318373193694,0.6062028635230128,-9.900735981880407,0.012746467885393478,0.014886852325253233,-0.011893357152310368,-5.4515181515845805,35.81022559669148,33.04948891394527,100.47857887310313,0.2734290781961999,4.028595083730092,28.63937385812483,77.2334991246304,0.0,0.0,100.13288618635916,3.48511587069797,8.0
118600,-0.1594090317092163,0.9360506468135715,-9.264235908026418,-0.0019137685533481457,0.003334264396920034,0.00020327626075221372,-7.221515228627408,33.554161222258074,28.08080569457417,100.46718737438448,0.2734290781961999,4.028595083730092,28.639361688168457,77.23347039614747,0.0,0.7630554009741747,101.69250661051454,4.443116928754831,10.0
118700,0.15627678737892603,0.6915936579502235,-9.999026196938514,0.0010182448396053754,0.02433906280888321,-0.005642746409358723,-5.966278274692994,31.621567858797484,31.149625267348053,100.46326820933604,0.2734290781961999,4.028595083730092,28.639352961389324,77.23343285965011,0.0,0.23462631545994173,98.94084771644751,5.5273337773009,6.0
118800,0.5454870205016462,0.9972420343381685,-9.824774973033195,-0.0016354331224894495,0.00039391061606859016,0.0014492385482050016,-3.7739837687877205,32.59144486863329,25.79764197435615,100.45171099331435,0.2734290781961999,4.028595083730092,28.639408097484868,77.23349385907618,0.0,0.2825174868400464,101.27211445355698,3.2605096982947233,10.0
118900,-0.03653712726620502,0.7818493112765401,-9.573654045587855,0.01078525644869198,-0.0008918106383813112,-0.007351462634866103,-4.4659017068614,31.682428866951803,29.035359722896438,100.45269286157664,0.2734290781961999,4.028595083730092,28.63940118291079,77.23340843733602,0.0,0.1345386607574656,100.870508258733,1.3292288950157491,10.0
119000,0.4519297862876121,0.9930172536920836,-9.297008545722143,0.011722612753877539,0.0005184994581503271,-0.002896535179907122,-9.995048528649406,32.27529424061593,27.873919263208325,100.44208406916154,0.2734290781961999,4.028595083730092,28.639350714964355,77.23346501092514,0.0,0.0,102.89455741402361,2.518109692153878,7.0
119100,0.030143902864312407,1.267670525745793,-9.845828300436096,0.003604529065557741,-0.0180857810570967,-5.233052561839013e-05,-5.260618616195116,34.587417921177504,25.74823469675161,100.42100922071997,0.2734290781961999,4.028595083730092,28.639411458107155,77.23350809498461,0.0,0.0,102.05311272921598,1.679788343206047,7.0
119200,0.015658121809397508,0.5733985086457675,-10.122684171120893,-0.0001754003079899322,0.0010843125819436049,0.009386695008454833,-5.976950265879795,34.98939518619409,29.295277039692216,100.4293665633881,0.2734290781961999,4.028595083730092,28.639397894745283,77.23343711859087,0.0,0.20448422517954853,101.71035708415886,4.036604812426313,6.0
119300,0.05806997635250761,0.6957169635766041,-9.66946491382073,0.016281188542037865,0.015602026578229518,-0.008075295414037554,-3.565146575678356,37.549239904687816,26.722390344025047,100.41384405313052,0.2734290781961999,4.028595083730092,28.639354242831804,77.23342832037132,0.0,0.0,100.51997912871909,1.259749239346392,7.0
119400,0.14760143157774547,0.8472343981214806,-9.510599875575787,0.020606839651956588,-0.007900807758723333,-0.0015043057426939468,-7.904079997279459,31.546499852706674,30.046858790889846,100.42119924215606,0.2734290781961999,4.028595083730092,28.63941332318769,77.2334677074733,0.0,0.0,99.2837669383569,4.675773465598597,11.0
119500,1.8892746880646365,1.1739968362643487,-9.640177348809425,0.00848106575032492,0.006065585987125335,-0.008791033755313874,-7.517547612720812,38.12111610855782,29.631718259422453,100.42975248998859,0.2734290781961999,4.028595083730092,28.639385105442333,77.23341562924806,0.0,0.07349530719962144,99.8646170553862,4.3086462829364525,7.0
119600,1.804848939325874,0.797689111173566,-10.44372906352565,0.006933053372374639,0.006585435083004893,0.02110758063018773,-4.053932328437105,31.487011519994624,29.415641871053975,100.4319040776134,0.2734290781961999,4.028595083730092,28.639401261448295,77.2334621488743,0.0,0.23650560367859952,102.00623467854257,0.1357076485868811,9.0
119700,1.6420905912933104,1.0008929487459448,-9.257082701028027,0.0019277279363832385,0.01540780501617842,0.017275127693881374,-6.794996281393757,32.41704501604531,28.486534759631052,100.44109747545613,0.2734290781961999,4.028595083730092,28.63938580144405,77.2334562884741,0.0,1.2664983521764603,100.14522572004802,5.990890081953348,7.0
119800,1.9090099718398237,0.36178868936440345,-9.917861333801877,0.01012836886824716,0.02073166171463274,-0.008845562016400087,-9.78081130133278,34.822887745029924,25.714874102691066,100.45626852486562,0.2734290781961999,4.028595083730092,28.63941621089689,77.23349547470694,0.0,2.0395905404633523,96.87074067403006,3.2844668185622803,13.0
119900,1.3121919302469758,0.827974682310073,-9.391661598147333,0.012436070816983412,0.014986120391613487,-0.003144301526833338,-10.698102265894658,30.56649972365572,25.394344146340924,100.45936473388771,0.2734290781961999,4.028595083730092,28.639383177390496,77.23342498925885,0.0,3.2050582692761322,97.26219887592916,5.8671464756690375,12.0
120000,0.9535148110286711,0.38002404891177805,-10.344169862431524,0.0139561936747866,-0.00560012372089111,0.02243049295130883,-7.390068466295009,35.763866882700846,31.641572271400634,100.45623134755247,0.2734290781961999,4.028595083730092,28.639417342084062,77.23348297252747,0.0,2.7574920056541155,99.67947985034898,4.589952647349679,12.0
120100,1.02661350325838,0.9551793767151363,-10.244654185249246,0.011652597520514658,0.018828976744572252,-0.002068066752530737,-7.006559896821125,36.948278290202175,26.580709190769827,100.45351350654359,0.2734290781961999,4.028595083730092,28.63946303123926,77.23343307630404,0.0,4.006890837718459,99.87042980056766,4.424427766150789,11.0
120200,1.320220721444172,0.5786638088694958,-9.96988396947045,0.011068734581207579,0.010291747979137546,-0.005970249027824472,-5.915805257212956,33.88009110127,27.845175874289954,100.45541713990828,0.2734290781961999,4.028595083730092,28.639440337265153,77.23344004841036,0.0,4.471180960193497,99.68164924631246,0.612537195652683,7.0
120300,1.0961111438577114,0.6194919479781678,-9.308832109318036,-0.020277645818959758,0.0033682713347982516,0.019962325463209418,-8.626098740300929,34.7256309618705,28.02258325539433,100.44644508924019,0.2734290781961999,4.028595083730092,28.639419288597992,77.23345699281572,0.0,4.255857952604921,97.61616299875433,2.1826748360489097,8.0
120400,1.6186042180671278,1.3768140712178445,-9.731360178088892,-0.0029208096768796677,-0.008188756289058581,-0.00317917318042887,-6.453733981075249,33.61145101091456,23.712202080232064,100.44013828095844,0.2734290781961999,4.028595083730092,28.63944029942371,77.23351147882506,0.0,4.723202815883414,102.53382289395871,3.77550500348224,9.0
120500,1.777564458646685,1.413235166159019,-10.068759160140022,0.008319982670423208,0.029542256403191934,0.001097853053748009,-6.3847534412713856,36.342509173872486,27.195995388895394,100.42684318217796,0.2734290781961999,4.028595083730092,28.63938034814776,77.2334809446976,0.0,5.557846744343051,103.13445080208876,3.909128756261132,11.0
120600,1.0277974705801691,0.6957456383097688,-9.265155780002402,0.0127603871235469,-0.001767390169371186,-0.012567727788308398,-6.453821352598302,33.957787786053224,29.15232256061065,100.43210708206897,0.2734290781961999,4.028595083730092,28.639386321697792,77.23343468111405,0.0,5.6889744717743245,102.60401074967513,4.280088256142223,6.0
120700,1.6687340134159345,0.7950175972333116,-9.951489893717392,0.008129450428551576,0.004240059929509438,-0.0012406114971411585,-6.392268430090779,35.818168506015155,29.602221408944917,100.43778829447635,0.2734290781961999,4.028595083730092,28.63944730372072,77.23347731151068,0.0,5.814133439216841,99.01122308920432,6.419050373158106,10.0
120800,1.7456773695558134,0.7023317456332405,-10.765692550382049,-0.0064535753245047916,-0.0005806327500223231,-0.016169153253869712,-8.415922855835145,32.096790256471174,29.083405344412725,100.44187417889312,0.2734290781961999,4.028595083730092,28.639424181226772,77.23354797677256,0.0,6.645609098023792,99.66605533411214,2.9931895784505467,12.0
120900,1.7332046344624557,0.8503685389682326,-9.57192348795946,-0.003283633734522896,0.005504732141368196,0.0013919641063000973,-5.967370220764594,35.33806196512177,28.24980576262249,100.43782419647401,0.2734290781961999,4.028595083730092,28.639376165963146,77.23345370968602,0.0,8.20976762408922,100.71744841105821,4.437501109667124,7.0
121000,1.4737938460441011,1.6400619921006774,-9.825288550356502,-0.0025822731287608895,6.203973215280004e-05,-0.003324443815330919,-5.836119131204584,36.8963033914248,28.641862266451827,100.44888650914027,0.2734290781961999,4.028595083730092,28.63937146949596,77.23346274020467,0.0,8.820946728527618,98.99618875051497,5.079591674546631,10.0
121100,1.316516119081922,0.5077957079941653,-9.953483768214308,-0.005666010218955288,-0.004846832927817097,-0.004201347840104878,-10.675117166367336,33.03331750738339,26.270320409042668,100.44474808739089,0.2734290781961999,4.028595083730092,28.63942999556548,77.2334620432079,0.0,8.585138765317389,101.92401798514456,0.974411975300101,13.0
121200,1.5402719548375128,0.8170533293814745,-9.59464437619651,0.014232455302589132,-0.0029601298449769475,0.015187521478644779,-7.22697234160992,37.54724593876086,30.62176158904503,100.43852843894199,0.2734290781961999,4.028595083730092,28.639346235566627,77.23344716004561,0.0,9.56556516978738,99.81095760952196,2.0994025696225584,9.0
121300,1.8717746962701993,0.7918630555311038,-9.937302058560654,-0.007389261494658304,0.013069837749451606,0.00753979324469117,-7.313127675386483,33.739786906594574,28.03592461380768,100.4251793484425,0.2734290781961999,4.028595083730092,28.639443054534087,77.23344961804015,0.0,10.550609463499004,103.23738956308581,3.7849207045726443,10.0
121400,1.5362269956700696,0.8518626073741659,-9.305403877862284,-0.003982679734604969,0.011474322835804896,-0.016704555603358016,-4.436367268697744,36.2120897526253,25.85446215811712,100.42305741863733,0.2734290781961999,4.028595083730092,28.639404323524843,77.23345016143202,0.0,9.752510528429672,100.02954415719024,3.4032084209260924,12.0
121500,1.757612266758356,0.9089827215379727,-9.581669810744152,-0.010162835535045132,-0.004162198272576227,-0.014155400405090671,-6.87795200429273,33.23783859676185,28.988498828976205,100.41472324023042,0.2734290781961999,4.028595083730092,28.639434124942394,77.2334990186626,0.0,10.456677227795174,99.38914388932886,3.2842520841572207,13.0
121600,1.7122458304859156,1.00786334181015,-9.26573675046797,-0.0014714456768428977,0.015547515676735003,0.022201684191424365,-2.609670460299029,33.191662456331976,29.156220704037867,100.39257489458222,0.2734290781961999,4.028595083730092,28.639358407464517,77.2334593062871,0.0,11.010544492541822,100.67415755918613,3.3988225563167553,8.0
121700,0.9886546781795245,0.6774798207899076,-10.002536594630946,-0.005453411272882894,-0.0015622607591156907,0.01982994950923826,-6.6014850731100685,35.8092815350069,30.310035726138235,100.38183900450841,0.2734290781961999,4.028595083730092,28.63936107451601,77.23347798519195,0.0,11.386357619612482,98.82751878155999,2.6634738642112055,11.0
121800,2.0775260469625065,1.0742200655104357,-10.010891817754391,0.011973378350541089,0.010233259214805153,0.005608826349278434,-5.319144247951401,31.873471410720768,30.123029914964903,100.37410833952346,0.2734290781961999,4.028595083730092,28.639375101957587,77.23351077245371,0.0,12.401737430129787,99.82794703417441,5.399403021731245,13.0
121900,1.7261089134393783,0.195322403285066,-9.980689405044428,0.0011576788465612014,0.0014586961854950878,0.009930450124076475,-8.212594483506711,33.771090916431305,33.69491003933708,100.36993286426983,0.2734290781961999,4.028595083730092,28.639393297791916,77.2334357425884,0.0,13.315287223637318,101.39896444413407,1.1353111720851599,13.0
122000,1.2839695103719557,0.906114298899119,-9.223746022122361,0.00338541442787946,0.0013443518211566528,0.0009236869946015161,-9.468534021077604,35.33399382890149,28.773275141185366,100.36185481201635,0.2734290781961999,4.028595083730092,28.63938699533518,77.23352615474037,0.0,14.751382686597756,97.94431295386555,5.70135129612251,11.0
122100,0.9858476234980205,0.7212288938001418,-10.0437418774354,-0.02193533128563854,0.0013736226640243929,-0.006715792694592089,-3.8858177057696675,34.03759856259229,31.290084091874046,100.34221058523802,0.2734290781961999,4.028595083730092,28.639436358621495,77.23348738456767,0.0,14.51294239135762,100.6037776133857,2.6292594629068327,11.0
122200,1.0544564529997429,0.29968178081326,-9.280599855625082,0.013687605418090141,0.014448207095507773,0.0009034713646183548,-7.910152374331405,35.057425306349366,27.996181105582075,100.34125467843546,0.2734290781961999,4.028595083730092,28.63940377220558,77.23355221606259,0.0,14.476119102521022,101.86369467145217,5.055284417298704,10.0
122300,1.6233408909219502,0.7546034466767313,-9.993280580472057,0.019001899915686436,0.01341286179684369,0.009438112681497617,-7.743484318159775,37.936724157039436,29.80254628682417,100.33385835039779,0.2734290781961999,4.028595083730092,28.639380224961812,77.23355655656044,0.0,14.217033031706777,101.3888368344135,2.3972861848390665,6.0
122400,1.045749837195255,0.4361556671086484,-9.881089028596582,0.016431625991008506,-0.0004569825118808015,-0.0005404070093285796,-5.481204812070613,34.5189736269653,31.803689544350064,100.3277106551014,0.2734290781961999,4.028595083730092,28.639355611313807,77.2335293648997,0.0,15.794283462486076,103.12880829794737,3.86715464980562,9.0
122500,1.413062695230281,1.0426025529025662,-9.66212427194534,0.006017443961458742,-0.0013705420366889095,0.008934005384603405,-6.292969299860659,35.162521434167566,26.258348536374932,100.32968333614215,0.2734290781961999,4.028595083730092,28.639386446692395,77.23351866605309,0.0,15.810091902937195,100.35306997936183,2.5100146767808305,10.0
122600,1.561321389822569,1.040913442680729,-10.069259653816946,0.015793703420749136,0.0033298094102537767,-0.006759733891097818,-6.537449033789687,30.515201079518548,28.926377049833846,100.32872842626944,0.2734290781961999,4.028595083730092,28.639385682547186,77.23357292028047,0.0,16.492010060041487,101.50560363836972,3.102864834174168,8.0
122700,0.9399953506233321,0.7225136901945342,-9.612340772125366,0.001740011377629786,-0.0012751311246394737,0.01164653750652578,-5.829555010247853,37.26562319693255,30.57377750116146,100.32452878499042,0.2734290781961999,4.028595083730092,28.639410106252356,77.23356611271586,0.0,16.761072399167496,101.63636548952816,4.782875336694982,9.0
122800,1.6350161251983166,1.387906604221,-10.185171755184392,0.00991624903441974,0.013956263591353373,-0.01259225979246394,-7.088885543349742,31.502923304892793,23.91522490639895,100.32472548124187,0.2734290781961999,4.028595083730092,28.639391842003572,77.23351504172692,0.0,18.052538343417602,98.8660056456865,4.127136615210788,8.0
122900,1.21714429691768,0.8819524624430224,-9.560079902251568,-0.0032336078921937654,-0.0049772470318175345,0.01356422298586116,-5.957209590719334,36.66268599990122,25.868531897847525,100.34065124889592,0.2734290781961999,4.028595083730092,28.639401824743345,77.23353818169592,0.0,16.77100580840044,99.17078811840157,6.036305345817874,8.0
123000,2.065928846669828,0.7946405231725026,-9.425103396597812,0.009353196450243777,0.00612679871416152,0.004081609542458545,-7.67354950277986,32.701020705750025,28.092487107133074,100.34485206468635,0.2734290781961999,4.028595083730092,28.639342802601504,77.23355654412275,0.0,19.104648997359355,99.36773810022677,5.216086742746328,12.0
123100,1.509334397359271,0.8025059112219226,-9.859693341807542,-0.002646910194704145,0.020122426912493538,-0.0057721237550812906,-5.6810400758643,31.675480727671925,27.439190904631012,100.33970693001149,0.2734290781961999,4.028595083730092,28.639409375074333,77.23358458286721,0.0,19.024112243022085,103.22077951902642,4.142079671331567,11.0
123200,1.122726153762496,1.0228583398535172,-9.809905473015865,0.006581112134592644,-0.0019197879516675738,-0.007152155462691592,-5.152467698337809,36.1163318995994,24.85535590100725,100.3262754788506,0.2734290781961999,4.028595083730092,28.639374627380906,77.23355579923356,0.0,19.49008325485526,102.6326705650625,4.477508440028591,11.0
123300,1.1205691701591183,0.9088351245125987,-9.92734005164269,-0.01238599543050349,0.002259085766577406,-0.007358198776147747,-4.022083550542452,36.385952402572066,29.146108392359547,100.33533028669642,0.2734290781961999,4.028595083730092,28.639428900349206,77.2335609239176,0.0,20.38130601094736,100.98451445394667,5.277981598333932,6.0
123400,1.3867526726904755,0.8240150483682614,-9.639184338964363,0.022436100760567613,0.008247751734871417,0.005630867678134552,-3.5619167285902233,35.9965956426331,24.792014339118168,100.3218364195362,0.2734290781961999,4.028595083730092,28.63934773183969,77.2336251828039,0.0,20.423176050238922,97.5515754098296,4.066145684901085,6.0
123500,1.6939991348180932,1.0398830774241357,-9.931143068876406,0.007367011739878181,0.005309755007878571,0.012349227032294732,-6.254167030294566,34.26404537195368,30.201046758039862,100.33500320125187,0.2734290781961999,4.028595083730092,28.639410397292533,77.23356666043223,0.0,21.393028681790206,100.65925283893556,0.27598106848603043,9.0
123600,1.5667483218997065,1.247557631721301,-9.56142971587845,0.0031239013170480277,0.001987300778773195,0.003257665426269696,-9.91367995651133,37.47166161742065,30.38333656572638,100.33264518374192,0.2734290781961999,4.028595083730092,28.63935651783951,77.23359868499287,0.0,21.32854687165873,102.4881824253061,5.659551398083023,8.0
123700,0.698254170784238,0.378511403199636,-10.204868724285838,-0.002119060775161704,-0.003478926984037063,-0.015847153095401224,-1.013982050974767,36.05731161882956,27.68890845845122,100.32589973716422,0.2734290781961999,4.028595083730092,28.639329940389405,77.23355861112744,0.0,22.53184963058306,99.81782784676385,4.20537916974328,11.0
123800,1.1642262242175074,1.1062833538716457,-9.494857484484884,0.006097112366611063,0.019860903039809117,-0.01758983718221828,-5.502035782127924,35.35562422210375,26.282011767982503,100.31033356775526,0.2734290781961999,4.028595083730092,28.639367269250908,77.23360368887157,0.0,23.20226977776655,98.76540743169826,3.01981938893624,6.0
123900,1.1291468607496387,0.6472561391569174,-10.089002142317774,0.006281086197618984,0.011962494778149623,-0.006038344035966599,-10.671281055919613,32.58877054536337,28.680876903760243,100.33624060720662,0.2734290781961999,4.028595083730092,28.639376264913412,77.23362725049505,0.0,23.063905611203452,98.65403689422182,0.22911476798261443,13.0
124000,1.8034551845601625,1.55826488636702,-9.870453848162343,0.00021683177041842156,-0.012118979886153108,-0.000556799326606079,-7.163309196264846,38.880714203053294,28.92903066841381,100.33608094618006,0.2734290781961999,4.028595083730092,28.639385858235133,77.23360224730447,0.0,23.842079684677884,100.615581432504,5.3798258569352395,9.0
124100,1.5780771616751108,0.2960499294997606,-9.712067571768294,-0.0009385985221080258,0.010227064988972974,-0.016009012291376558,-4.894269349890002,33.41707178380529,28.12195314660239,100.33393621625835,0.2734290781961999,4.028595083730092,28.639359469142025,77.23362064738316,0.0,23.43272780520725,100.50190463379809,3.190912109185982,8.0
124200,1.0359868323159898,0.8864147406227799,-10.016736091584015,-0.0018252422958663387,0.017422011086122218,-0.010747971826527708,-5.75370435667853,34.562292271274195,28.581223532756717,100.34406317110437,0.2734290781961999,4.028595083730092,28.63936862346196,77.23366154752425,0.0,23.896431506978406,102.93839192883051,4.072824771080226,12.0
124300,1.3772977328793095,0.5423381890182599,-10.252646083555243,-0.009107713189890218,0.012214844818342258,-0.0025755473668139343,-10.301454033816185,33.432695766618295,25.734456513551656,100.33127650780118,0.2734290781961999,4.028595083730092,28.639321321973007,77.23363266999061,0.0,25.556048029442643,99.65660151887606,4.714114475889349,6.0
124400,0.9984102430949059,0.30943632906306306,-9.71391514197403,0.005446289084253892,-0.008646127601109013,-0.005420171621162565,-3.517139379995037,33.832443027276895,26.43318765341503,100.34824078665591,0.2734290781961999,4.028595083730092,28.639305678403563,77.23360119149147,0.0,24.93132403457121,99.92770645032279,0.6485154800301327,8.0
124500,2.081083343536921,1.61770068004583,-9.522366504851139,0.016725618734899597,0.019383803079038434,-0.015272461588459277,-6.948123285582662,34.25644699002948,31.538318285964035,100.34634333308809,0.2734290781961999,4.028595083730092,28.6393870619871,77.23364717191605,0.0,25.154703018758386,101.11209591802472,5.8973455767164555,10.0
124600,1.429977730709209,0.7451848424055233,-9.358036506967542,0.018397390750928104,0.008227523741992069,0.009561213269027927,-1.5400534128725187,38.24419164346102,29.89278774709862,100.3350056674023,0.2734290781961999,4.028595083730092,28.639364319294785,77.2336778368434,0.0,26.723855579211033,104.77274710333907,1.469066378509516,8.0
124700,1.4644570093100278,1.579151211656331,-9.746269980825513,0.014504002319983337,-0.010509711678331056,-0.014914600127624938,-5.277599189893821,31.9594947631368,31.6617680972055,100.33965562684274,0.2734290781961999,4.028595083730092,28.63934610164864,77.23366898145815,0.0,27.18197966495649,102.0237698040431,4.277983737679465,12.0
124800,1.8699932138949777,0.8660107989190339,-9.358203990734937,0.0033400256183363968,0.009905341933247849,-0.011824181516748652,-10.130155356672477,35.53621998413326,32.03971683865414,100.34599152763327,0.2734290781961999,4.028595083730092,28.639333333586336,77.23365421259832,0.0,27.451198784290252,96.17427910100832,2.535085983245516,7.0
124900,1.0000112913930232,1.0599182920684818,-9.78495846558532,0.020959641560780715,0.004463098322870997,0.013624562085199058,-7.707362575545733,33.80524134523268,27.176682009524658,100.34133297422008,0.2734290781961999,4.028595083730092,28.63936773004627,77.23370311645245,0.0,28.464833778735915,101.00360668254748,5.642133512153164,7.0
125000,1.1683368895409043,1.2113662912103,-9.825308401122157,0.013570662743363663,-0.005042848153311032,0.005431396678537118,-7.500723503629859,31.56992817907713,25.76745252422612,100.33670186261902,0.2734290781961999,4.028595083730092,28.63935175485486,77.2336648508026,0.0,30.30525424587124,95.95714128386508,6.30151626009531,13.0
125100,1.2684379833943682,1.1746472012027738,-9.733102104336982,0.00753765746090361,0.004274166203423855,-0.0004888300180350361,-9.745870968411355,36.370412311363424,26.73012303804354,100.3477477184079,0.2734290781961999,4.028595083730092,28.639340054404386,77.23362928732175,0.0,30.927097897042003,102.46351188824023,3.571351400107713,13.0
125200,0.8884711575708709,0.9373439983562902,-9.619375208956463,0.014234050596672567,-0.011057179020924214,0.010820258911657955,-7.122038822432994,35.9503062045256,28.2192810492612,100.35572549319072,0.2734290781961999,4.028595083730092,28.6393669179165,77.23369749589487,0.0,30.224201521542053,99.56841488234659,3.2575989380031087,7.0
125300,1.2766080679239453,1.0470754736561012,-9.993967419587632,0.002215243497605125,0.009926732561063703,0.0017354590258099561,-5.013200150736646,34.69924274934592,26.987498628183562,100.3429801710241,0.2734290781961999,4.028595083730092,28.63937625288065,77.233738943058,0.0,29.31691597893071,101.16981149085782,1.4870865721971644,10.0
125400,1.7727565826035303,0.689285001419739,-10.211523801348644,-0.005742140533265552,-0.01496857593396558,-0.009110830464491184,-5.751612308569418,36.98718316381272,28.468466365371413,100.33010470489657,0.2734290781961999,4.028595083730092,28.63938476738314,77.23373400180442,0.0,30.578968279845714,99.44730221409077,5.238651185869779,7.0
125500,1.9172543647122393,1.062089125732559,-9.406753629276476,-0.011142708776916414,-0.0007624077342556984,-0.005004344995004499,-5.252505537829613,33.58672447615507,28.540287249735503,100.32585018016587,0.2734290781961999,4.028595083730092,28.63937252080015,77.23374371657216,0.0,31.196162215395724,97.73636197337994,3.1071233687825055,11.0
125600,1.7527090823192717,1.2087787911719137,-9.617338427795193,-0.0015975791277544503,0.006059248785369913,-0.005181783107662493,-7.90689483172382,33.02049638988712,28.939864979591853,100.33975520991868,0.2734290781961999,4.028595083730092,28.6394162899501,77.23372318565295,0.0,30.90867364209938,98.73926824650971,4.363623790170944,9.0
125700,0.9272258775882201,1.4506181379833654,-9.650386876565653,0.016001910688236712,0.014948741167504373,-0.00876445527851907,-8.342721777386279,35.092854435987036,30.06092538485574,100.32971550752185,0.2734290781961999,4.028595083730092,28.63933493277756,77.23371387752391,0.0,32.765966268179,100.64589721916349,2.723805301738287,9.0
125800,1.5400105949388416,1.084374585254595,-9.735709074102507,-0.0020905171965060615,0.006614404394745295,0.008341445494846616,-3.2182636971486414,35.84395176580079,27.91515712408757,100.33160961942332,0.2734290781961999,4.028595083730092,28.63937823281666,77.23373128033477,0.0,33.0939683701043,98.514373744355,3.2291519294625055,12.0
125900,2.1300802521739337,1.09100291518405,-9.227231217525949,-0.009142574491562482,0.012465005935514752,-0.008601819212481748,-7.689769770115987,33.37370304476449,28.23131980184541,100.32384885832384,0.2734290781961999,4.028595083730092,28.639322392034806,77.23379627499936,0.0,32.510842616592896,98.58572687839474,1.6142607051182343,12.0
126000,1.352259892387605,0.8653942009137041,-9.134311010207997,-0.0069931129087488055,0.000456561315005548,0.0035405157522215218,-5.811736524379971,36.33282202391123,25.103724849962187,100.32968635774029,0.2734290781961999,4.028595083730092,28.639329743867002,77.23377312201062,0.0,33.8282948911495,102.1186371851061,1.7771291310574489,11.0
126100,0.9463601559032055,0.8849008820652363,-10.194904513253409,-0.0018135617224938226,-0.002273294224279975,0.0015259074803871298,-8.90354788647003,37.024951395614636,28.699034321708602,100.33019099479942,0.2734290781961999,4.028595083730092,28.63934423727961,77.2337780068362,0.0,34.5636912801384,96.79045904527753,3.3920812527628796,11.0
126200,1.454780186745574,0.8748145710727283,-9.666075905193296,0.02583834469456847,-0.002901239005740619,-0.0007443406376935304,-4.349560570358131,34.06694552269118,26.147564414746203,100.32304693269593,0.2734290781961999,4.028595083730092,28.639346917743115,77.23381505281738,0.0,35.242687582870026,102.34885402823592,0.8836616487865134,10.0
126300,0.7030363783787041,1.3284315408413718,-9.587478306737468,0.015186650293788167,0.0014908105496170441,-0.01820180323260447,-4.382536652115093,34.795553329577636,28.39331010629627,100.32241712318779,0.2734290781961999,4.028595083730092,28.639378996571857,77.2338337101844,0.0,34.93799851472252,100.26113949525876,2.6556656216277634,13.0
126400,0.47117259549180657,0.8662389014714591,-9.434331632410851,0.0026771648709406166,-0.0002653378302360128,0.007952897742557329,-10.361693690746497,36.24731666723644,33.223516467741504,100.32085974087909,0.2734290781961999,4.028595083730092,28.639306090272502,77.23381996138177,0.0,35.79804169927538,99.4148621880692,4.030144309053751,13.0
126500,1.2920280995005062,0.7045928891033605,-9.95433923018932,0.010107812660802946,-0.0006492652317482018,-0.007075528715497207,-2.4388666278073288,32.43663296889436,30.692797953947085,100.3304953506877,0.2734290781961999,4.028595083730092,28.639317498979715,77.23382383842961,0.0,36.42883063396696,103.6854216959755,3.093885416887492,12.0
126600,1.4587770342401596,0.8231755103358789,-9.794492909949874,-0.0013239195121270836,0.0026806758756973605,0.004139934824878101,-9.293374888984689,32.1829478094706,27.421215949331742,100.3176618991904,0.2734290781961999,4.028595083730092,28.63938151819296,77.23377982084324,0.0,36.566085672603045,101.275780392508,3.687407150475143,11.0
126700,0.664550912530155,0.4464583467464283,-9.681969287846433,0.007162821294981167,0.008922639850067726,0.0022244119683672977,-5.567836509767289,36.75926116080542,27.644778709475204,100.33021851751832,0.2734290781961999,4.028595083730092,28.639328400156803,77.23385983591078,0.0,37.81241594114083,104.05257267428111,3.929294910756222,8.0
126800,-0.09222676913938332,-0.19258597227868068,-9.94384263062971,0.009039075037644954,-0.0029600331905338543,-0.011776402230073141,-5.682436786631836,33.88318893321868,24.885830600823827,100.34147203158123,0.2734290781961999,4.028595083730092,28.639355930079713,77.23390970527332,0.0,37.47611538178837,98.24004742992753,4.711622721191098,9.0
126900,0.494749111460036,0.4614223234715866,-9.291381937303406,0.0012017852213406033,0.01637698424062196,-0.0199699939044347,-8.084299887661336,30.935108667648233,28.192997887670952,100.33109187437894,0.2734290781961999,4.028595083730092,28.6393439812186,77.23386697267179,0.0,37.48876565832793,100.37833142636475,0.36285464341733187,13.0
127000,-0.27208341713329265,0.6971029274282508,-9.82208852394407,-0.0036003182309100002,0.002521957083319698,0.012529493722593916,-7.717694057065641,29.80973201947161,30.11589054745365,100.3323216919388,0.2734290781961999,4.028595083730092,28.639375276139564,77.2338825091375,0.0,38.008223479099826,100.69497771263617,2.2221442596026506,7.0
127100,-0.7605242723255575,0.78329876067674,-9.936388808182764,-0.015479221363195139,0.011099889299565544,0.018007401292560985,-9.333661955017103,33.72581083783751,23.99701412365923,100.33173877160583,0.2734290781961999,4.028595083730092,28.63933536727399,77.23386297372713,0.0,37.20748536865779,99.72224542743635,2.6677052939713723,8.0
127200,0.2506794230691892,0.3800295994701648,-9.70367276437585,0.0038541651733896903,0.007710340287892381,0.023684925271245376,-5.029984392267871,36.80239716304423,28.57480057854699,100.33267558830582,0.2734290781961999,4.028595083730092,28.639319859491973,77.23391851740448,0.0,37.377913877017576,100.93968394987886,4.121638832117961,13.0
127300,-0.35189806396192264,0.7412688337515821,-10.18145617490591,0.01156496295356113,-0.0063779607372045485,0.0007360886191579786,-4.745926283987103,33.28940974660925,26.135152626393886,100.34716137647402,0.2734290781961999,4.028595083730092,28.639346700617093,77.23389789600704,0.0,37.363892777671985,103.71492643077596,3.6747720994898243,10.0
127400,0.15567990757839692,0.9059897010142041,-9.258072114159253,0.006811024130941064,0.0027947201756484143,-0.011045499047463282,-3.8001411707088133,36.22915781087974,25.518434001788535,100.3447881498058,0.2734290781961999,4.028595083730092,28.63934483964793,77.23392737009121,0.0,37.24794160741337,97.97875305894658,1.5865253642980668,13.0
127500,0.04624789773932657,1.0706763692115289,-9.170715551898843,-0.003678968115464841,-0.023488456510846873,-0.004409603155965524,-8.818824190592412,32.84200729878916,27.7618745097167,100.3595577119012,0.2734290781961999,4.028595083730092,28.639348532273544,77.23394997582726,0.0,37.65016957355315,98.87424259769453,2.0446428930935485,10.0
127600,0.025771681674642145,0.9929228540467749,-9.786490490332607,0.003116382539834146,0.01031061332067124,0.006146213005343135,-7.691158793534739,33.268946138620905,27.894517210370026,100.36535874839304,0.2734290781961999,4.028595083730092,28.639305574347645,77.23393824867746,0.0,37.44931185415008,99.97677328771131,2.960619142801163,10.0
127700,-0.09544898108233572,0.3045970887516641,-9.91196489583286,-0.007868800620863321,0.0033653721838841585,-0.019886390528440635,-6.651767659164249,33.65586753316341,27.91874483462646,100.37993227399805,0.2734290781961999,4.028595083730092,28.639311742318732,77.23398511230772,0.0,37.23282282946177,102.74949193966374,2.8030444380723467,8.0
127800,0.277330119204364,0.41707952606622,-9.854218032535782,0.005252900017613054,-0.0052230096194176645,-0.0027008468044964914,-7.620582924772305,33.94740014288946,27.201664225835994,100.37589547097146,0.2734290781961999,4.028595083730092,28.63932281800889,77.23396653297768,0.0,37.102000738702806,99.39446862878826,1.9218528900188319,7.0
127900,-0.12027835079871421,0.5445104929343388,-10.268013824102814,-0.016445951275695123,0.013506647051423022,0.0187266627901931,-6.841896232826459,33.0208544289161,27.659092980225278,100.38099062463397,0.2734290781961999,4.028595083730092,28.639289369600995,77.23392647425369,0.0,37.207415573101564,99.64416995445988,1.6984261610935327,11.0
128000,-0.1956631298826295,0.162867124266814,-9.672926081136646,0.01650619727122465,0.008972509960323595,0.014866308434386442,-4.524187826339625,32.61691772676698,28.9979382998642,100.37211931284094,0.2734290781961999,4.028595083730092,28.639335934208653,77.23396994798287,0.0,37.73558195087827,99.76833195535261,2.860557044167684,12.0
128100,0.08274815417919743,0.32556282982744283,-9.42271395949032,0.005262579718991991,-0.005675961599103568,0.019258056828967456,-6.5406564749691265,34.52186178920726,27.481213903992337,100.3594439979879,0.2734290781961999,4.028595083730092,28.639295241776782,77.23397053750618,0.0,36.829760138776585,100.62461110781453,1.7612938820673283,13.0
128200,0.2118755384155262,0.3341111478249103,-10.003825823176273,-0.004381018082774618,0.0154769351078364,-0.016831159000510725,-7.2793886314765,33.14748265620613,27.688964296459268,100.35820734620798,0.2734290781961999,4.028595083730092,28.639315356776024,77.23407319626361,0.0,37.4179872040448,97.64981858776844,3.4841106446136108,12.0
128300,0.3863123754922167,0.4587552804649261,-9.678443008810659,0.002567523677849718,0.019575607127652113,0.01873691135679967,-7.557797114291191,35.47794973426139,27.099881415590314,100.36594847717471,0.2734290781961999,4.028595083730092,28.63935084619322,77.2340538930589,0.0,37.33177124625884,103.1675434848343,6.571374299955986,9.0
128400,0.818635210793087,0.6405989548499791,-9.762676877127662,-0.0025656781934977344,-0.007534135045681119,-0.0018756973451394547,-4.281406628370224,36.87426925664082,26.90147720715287,100.36652374211664,0.2734290781961999,4.028595083730092,28.639279662903498,77.23404691175934,0.0,37.41751596374549,101.85517641619127,3.729374924958117,8.0
128500,0.3667341600821894,0.5884482145642725,-9.438040545005908,0.000510244368939379,0.005021698094123792,-0.011050089041329519,-6.034748806796947,36.15383399603574,28.667899306298832,100.3659285975087,0.2734290781961999,4.028595083730092,28.639273437615778,77.23400275326834,0.0,37.724099966127476,102.32306056858918,3.30833779501802,10.0
128600,0.7757757729248878,0.9619139557964138,-9.383383734894682,0.016377914775885648,0.00838624046937554,0.0022619754568426564,-4.982170647357527,31.214594685481746,31.778501810363295,100.36731399408629,0.2734290781961999,4.028595083730092,28.6393280853872,77.23405993935575,0.0,37.44740023024417,102.39230999385835,3.7987492220101666,8.0
128700,-0.6437256562354405,0.13099337602377403,-9.504037781639887,0.015595108382320179,-0.004799970729659454,0.013741428623846792,-5.546298886347508,35.66443786569555,28.402684070879385,100.35857431291369,0.2734290781961999,4.028595083730092,28.639294507654153,77.23405709153768,0.0,37.30422863389779,99.36157112996011,4.4007642270227185,7.0
128800,0.015113742669567838,0.6418389920643378,-9.71862376145935,0.007366549674782104,-0.006431928621506607,-0.003035237183012526,-8.67761137801326,36.5797143164663,29.345244309207885,100.36913664857371,0.2734290781961999,4.028595083730092,28.63929097656815,77.23403901020545,0.0,36.96668159015012,99.46064818174862,4.383504751824705,8.0
128900,0.03316293577151634,1.1682805548632005,-9.534521327230905,-0.007339476826245267,0.0024047086111556085,0.008663401464726814,-7.272181905185598,35.096847974084326,28.079663882433252,100.36867136777728,0.2734290781961999,4.028595083730092,28.639289650139123,77.23406613109444,0.0,37.27100609672335,96.79574922870867,3.6916717233955083,13.0
129000,0.49062127192134514,0.9367823572234177,-9.17334009169347,0.010822806497733095,0.009133460534862668,-0.010312032580610891,-6.333435364565604,33.90072713590476,27.81895859658,100.37236268428079,0.2734290781961999,4.028595083730092,28.639324747618225,77.2340582347138,0.0,37.914226624753645,101.5916323792783,3.163165730958355,11.0
129100,-0.3335394401624713,0.9560780786345762,-9.70751337330833,0.0015498954539272742,-0.004266894836318035,-0.005524301000871758,-8.373610780376682,33.44009137226241,29.150445040713823,100.38636428714857,0.2734290781961999,4.028595083730092,28.63927376714741,77.23412718796446,0.0,37.20348240134103,104.5670537353673,2.835364679281955,12.0
129200,-0.08288865023364815,0.8888454614811878,-9.719021026455586,0.013513133341117034,-0.0013352252156425366,-0.01080721387636077,-7.683194736524574,33.68503316373039,28.916273987003418,100.3893142551805,0.2734290781961999,4.028595083730092,28.63925829660815,77.23410980610609,0.0,38.11185409934765,100.03290767003146,2.4669587806943087,10.0
129300,-0.6737709685801618,0.20632242621336544,-10.034869362750726,-0.0041391593868571165,0.00951941008463941,0.0019481950710503123,-6.262591741217984,35.857783361109156,26.246278600452662,100.38100319897526,0.2734290781961999,4.028595083730092,28.639312062859528,77.23408359446555,0.0,37.721832199469745,97.3906273721666,4.4661248395859845,8.0
129400,-0.474367195164744,0.7734647199481486,-9.464509874874063,0.003081266405203302,0.01360480995453341,0.009300303114039638,-6.710607398391883,35.69540853327641,29.040393248823126,100.38281458668385,0.2734290781961999,4.028595083730092,28.639300773410422,77.23413425059694,0.0,37.66575338446972,99.18417047544035,3.697029280064383,9.0
129500,-0.3679431467843847,0.8649520998906599,-10.156995610934366,-0.006118711347718475,0.010655982809839022,0.000707773854902343,-7.0157664459889055,32.649520950732075,31.39556615956839,100.38869775003775,0.2734290781961999,4.028595083730092,28.63927253028354,77.23416083390974,0.0,37.953743055907886,99.72028927859772,1.8943737128981832,8.0
129600,-0.4073227680772731,0.7520785031175209,-9.894336221445045,-0.0005495748632241507,0.012002633654148758,0.014268902979953157,-4.0781436361245555,34.39012373096652,28.199040415094775,100.40428093963564,0.2734290781961999,4.028595083730092,28.639316232696743,77.23418220838379,0.0,36.799628115265,104.86323143977809,2.4862018202519627,9.0
129700,-0.4039516086704065,0.6473886051208226,-9.503804561030547,0.002934734310112524,0.00994168269899604,0.005254368348929452,-3.5727576565086228,35.21281132987802,23.13728092052855,100.39961497732675,0.2734290781961999,4.028595083730092,28.639330212484136,77.2341484854142,0.0,37.35827039131956,97.89492536294891,4.531017908157519,13.0
129800,0.4535119985107933,0.25309537803178483,-9.731790739092121,-0.001281127629597964,-0.000966896330250328,-8.813504509987591e-05,-7.707436958182747,33.368711096413406,29.492205990911604,100.38459840363082,0.2734290781961999,4.028595083730092,28.639232927485722,77.23423132584615,0.0,36.86556839870046,96.8699571119476,5.026637302364072,10.0
129900,-0.34564699472928795,0.9362190461293889,-9.684948927633213,0.02171663943734272,-0.011588159953596768,-0.010035690109255034,-5.183935173138378,35.20510220213812,29.64260499054666,100.37719854146138,0.2734290781961999,4.028595083730092,28.639284339358497,77.23417002579215,0.0,37.04434741553397,97.43247211327926,2.2268298090683434,9.0
130000,0.41164983419147966,0.3893537690472563,-9.608939338802372,0.003923337638927091,0.0113122668653761,0.015766610986907903,-6.969530678723424,36.6906301175678,28.490569466068713,100.38070131001271,0.2734290781961999,4.028595083730092,28.639277467655184,77.23418586291454,0.0,37.34117018150472,99.79968750621103,0.46849675369604205,7.0
130100,-0.48761753689722553,1.081756829301706,-10.063039593499875,-0.006309044741859389,9.181408007516347e-05,0.011006670896946333,-5.803353488442338,34.3235681363768,29.096325727176886,100.41089234174859,0.2734290781961999,4.028595083730092,28.63924298876275,77.23419792308248,0.0,36.72274376960501,97.90877948094919,3.4215418709950733,11.0
130200,-0.06220996470227517,0.34248610490821046,-9.676536764083197,0.004555109537090557,-0.00841678697346493,0.004749306529714706,-4.728409523894796,32.34851609094203,28.208795860102992,100.41429044476376,0.2734290781961999,4.028595083730092,28.639348375572926,77.23424805713434,0.0,37.022808790905785,97.47409518168578,7.681637564331164,6.0
130300,-0.030521664693092195,0.5572841819282044,-9.708670212631658,-0.019672780383793113,0.004034238581776049,0.0014056806199118956,-10.285379112454601,34.86650185924813,26.778785019562065,100.41847904863872,0.2734290781961999,4.028595083730092,28.63928567087095,77.234223996699,0.0,37.74457296746618,99.48143885969345,3.136175075196659,13.0
130400,0.33495670939783817,1.23760368637154,-9.891501351660546,0.00578121326307309,0.020962008834876658,0.009997394020850299,-4.943509870858626,35.35842068672368,27.46463351190799,100.42829116883894,0.2734290781961999,4.028595083730092,28.63924309390274,77.23419248065903,0.0,37.20281376515555,100.54825561186072,5.557317980376705,10.0
130500,-0.11853314281698839,0.19578150387838622,-10.002586693019854,-0.002233513998124847,-0.0026682979848461057,-0.0077212064275922025,-5.645934839281855,33.978703516164714,26.311997867024544,100.43513506235747,0.2734290781961999,4.028595083730092,28.63927876103574,77.23419098731522,0.0,37.55150499747504,100.20961662650411,3.475981365527772,12.0
130600,-0.026716948225126796,0.36654629164363894,-9.574536485122103,0.003259280084767225,0.01776820845023661,-0.002830958456561838,-6.67492779544452,35.12789600034327,31.32989636922614,100.4231279495582,0.2734290781961999,4.028595083730092,28.639310973884204,77.23426236881835,0.0,37.141232894836634,99.78301653916179,4.668253466229963,7.0
130700,0.11507106574154453,1.1967842311008585,-9.664192576707158,-0.013724028209884314,0.0026344225101914607,-0.014584078463890867,-7.7724100834364425,30.580454037783994,25.903190608768707,100.42058724869622,0.2734290781961999,4.028595083730092,28.639255302726983,77.23424034309589,0.0,37.65561478938831,100.29672815945753,2.9131920883930107,13.0
130800,0.1621993906688584,0.6072389890993183,-9.345589635729123,-0.0019562772163280295,0.010021974430310412,0.007069532467096603,-8.685280296165171,34.56522876837646,27.67118322509687,100.42861414746568,0.2734290781961999,4.028595083730092,28.639296542854257,77.23432267637725,0.0,36.361276598363546,101.4592920361957,4.293544825497784,7.0
130900,-0.0029595120955845863,0.8342090231428269,-10.068974055002835,0.012422020872960862,0.009351480237778764,-0.010529577310276695,-5.28698392933953,31.76472018388218,26.789328411967833,100.42653832498543,0.2734290781961999,4.028595083730092,28.63929683447654,77.23429824455302,0.0,37.49269844123114,100.43675825856423,1.1566769559320216,7.0
131000,-0.4778940518884165,0.0004541100431517675,-9.81154859452938,-0.006750636121196284,0.009619612806032737,0.003444659060588478,-4.471536125556721,36.22940963773906,29.958268631456676,100.41959793980628,0.2734290781961999,4.028595083730092,28.63920566834852,77.23428993685624,0.0,37.28140403817074,101.39798274721707,1.9640689913894118,6.0
131100,-0.31789728029279696,1.083149894268881,-9.596925183560948,0.005848623635854487,0.013875751930299655,0.0031919134573252924,-7.043699806606335,31.87196210658306,27.2787092060959,100.4166771021979,0.2734290781961999,4.028595083730092,28.639276002218832,77.2343012606562,0.0,37.44719659414116,100.24681475817958,2.6367960477854915,12.0
131200,0.38305676594168236,0.43513431344821535,-9.96903532998814,0.007538222352203825,0.003316574173795866,-0.0018079320284872316,-7.563386564484683,37.15438030335851,29.250217212920074,100.41652951980589,0.2734290781961999,4.028595083730092,28.639321747858375,77.23431797411904,0.0,37.54630539860087,100.51085805667465,3.106096946297986,10.0
131300,-0.36267195350444137,0.768183314444363,-9.806609496355833,0.005762363577676822,0.008559734627671104,0.0007673295289438629,-5.215048164939424,37.94024394839534,26.609295736446654,100.42403183666872,0.2734290781961999,4.028595083730092,28.639248369169632,77.23428218400186,0.0,36.81091849367664,100.25961692762486,2.974463668515868,13.0
131400,0.26227478056218256,0.510196882434746,-9.636791425407447,0.003929393383123968,-0.00467782579141228,-0.01950672281240814,-1.680011199702049,32.91006248058043,27.587125619096295,100.38978040914915,0.2734290781961999,4.028595083730092,28.639233410995928,77.23429661138815,0.0,36.567521748111886,99.41975022215077,4.277300977072161,12.0
131500,-0.018774355086916217,0.3382116199322353,-9.511223038670106,-7.181677603120516e-05,0.00045607081329505136,-0.005483831354707638,-3.07989164096245,33.76759467672552,29.7886864865804,100.39415050958318,0.2734290781961999,4.028595083730092,28.639260999785908,77.23430252504204,0.0,37.67550237922902,100.45245228812078,5.8814493955533536,7.0
131600,0.2510503907662798,0.19094839240471306,-9.920933387394577,0.010099186672716512,-0.009994132010179797,0.00692136935224104,-3.2394482138514498,33.46442452611581,29.634243824674613,100.39275124968123,0.2734290781961999,4.028595083730092,28.63925648557896,77.23435058371376,0.0,36.88247330640931,100.82337154043495,4.88220871985411,9.0
131700,0.2178246420018205,0.5279261217552095,-9.440797049485823,0.01423461508282042,0.010692066314019007,0.00563532185366835,-5.0268520741905105,35.985772183863865,29.067443049835127,100.38593450650957,0.2734290781961999,4.028595083730092,28.639257430057512,77.23441494465611,0.0,37.21524892979945,107.61001791705607,5.0218899547158085,13.0
131800,-0.2732115082635803,1.028889914716826,-10.584880127921164,0.016376858690034916,0.0004783730003968161,0.0005723938719056428,-11.453344493977063,32.49093569074234,30.487965549906836,100.39595105201354,0.2734290781961999,4.028595083730092,28.639250940776765,77.23439353769105,0.0,37.3888851162728,100.23712558265207,1.8137455855015125,12.0
131900,0.3642766309021952,0.5286680432490374,-10.032962527106989,0.005895725448239664,-0.0111079463962185,-0.009224662898049053,-8.163613077879734,34.96052369249352,30.524627468997117,100.40238368986691,0.2734290781961999,4.028595083730092,28.639279595986405,77.23437692922799,0.0,37.19729598289389,101.02978977616444,1.0177808540593483,12.0
132000,0.20629389981058424,0.6733030249475833,-9.496015172032578,0.004324466368744585,-0.004807475127430338,-0.0041602191531210555,-7.342726851445089,34.62157842431148,28.604726166209353,100.4051846415217,0.2734290781961999,4.028595083730092,28.639248915367748,77.23436504031928,0.0,37.030691838435374,102.0680286699047,0.7771237614426005,8.0
132100,0.5187845897895971,0.6576778067718273,-9.506344971179445,-0.011113109815421102,0.01377529445861735,0.015393254364385364,-7.127738537296972,33.74056188995034,29.040987218620614,100.41227695272514,0.2734290781961999,4.028595083730092,28.639254685759624,77.23442770461172,0.0,36.7403657898019,103.6653603191076,5.739495865298592,9.0
132200,-0.16779973469393986,0.5749888364869478,-9.564767811320912,-0.0021325347351829303,0.012697606893014097,-0.010763854667902797,-8.59081186054351,34.889838468388156,30.05650055683502,100.41539930506218,0.2734290781961999,4.028595083730092,28.6392617553677,77.23447639055723,0.0,36.87089421971805,101.03488910766163,3.671912455481352,13.0
132300,-0.15474340667498898,0.8661901113879324,-9.928846612183543,0.00827272516546912,0.010531110628101789,-0.00943049974903312,-5.734987465334232,32.25622160108219,31.87118375027087,100.40887542405326,0.2734290781961999,4.028595083730092,28.639225074093478,77.23451297371636,0.0,36.75775343033643,100.58332760489473,3.521510910676053,8.0
132400,-0.03686485919555834,0.8317152737444287,-9.491697999374487,-0.0015124293651343716,-0.006115924834282106,-0.005539068960348703,-6.74259628676073,35.31733239981042,30.61825639361781,100.39532400565872,0.2734290781961999,4.028595083730092,28.639234734366774,77.23444175757915,0.0,37.65050511420817,99.64460006962956,3.0105694292340996,12.0
132500,0.264745415638292,1.056391900312911,-9.181201906822862,0.005002720152278424,0.013583462172869182,-0.003245734491618294,-7.727609127019842,33.779229140633525,27.501728708166954,100.3894847291676,0.2734290781961999,4.028595083730092,28.639223103428822,77.23442642812782,0.0,36.312845216474216,99.34350574835797,3.0567033206707888,9.0
132600,0.45043712865689955,0.49988763755451626,-9.650041356927417,0.005901496204234701,0.008203880877344246,0.0046338500318307664,-7.246165788885039,33.98251108445194,29.29382583225522,100.3871343543854,0.2734290781961999,4.028595083730092,28.639279778735943,77.23448094761385,0.0,36.486441142059924,96.1085542304957,3.216257610080433,10.0
132700,0.42655702309495214,1.0703316128411193,-10.293647293561584,0.009102570061967363,-0.00857265288599145,0.01672908660794469,-3.4914659265909913,34.60068975286827,27.726618901530216,100.38646558125792,0.2734290781961999,4.028595083730092,28.639201488786235,77.23446304968515,0.0,37.33298815971022,100.57249645896222,2.037952110373614,13.0
132800,0.021747962163285187,0.8631320879493644,-9.821076074960114,0.013178958060174554,0.019491980080386977,0.003967196924295552,-5.995381933420049,34.161578692214384,27.827401441216054,100.37987839557937,0.2734290781961999,4.028595083730092,28.639209361830243,77.234487580314,0.0,36.89358791586049,100.6884266146468,0.9565679009969408,7.0
132900,-0.36900906372355735,0.47681117014886854,-9.69893065704232,0.014751944006246662,0.022145063136281864,0.00534796869799173,-7.189527166259413,33.86944861456688,31.73899310705427,100.37981879219268,0.2734290781961999,4.028595083730092,28.639211493401994,77.23451121778868,0.0,36.538080926636404,97.1635980059669,4.031242513486613,6.0
133000,0.4975353569276668,0.9314045419659942,-9.40266977658617,-0.0015029285426287958,-0.019967569934037734,0.006484809493262911,-6.176959305150734,36.92841093324225,23.089977938374947,100.37239778299173,0.2734290781961999,4.028595083730092,28.63924944301894,77.23448823932823,0.0,37.26996603643166,96.9056237046958,3.150536990803023,6.0
133100,-0.9985442281471401,1.8519445952881841,-9.452783999472164,0.016280789110004242,-0.012783830775360185,0.12125345171090841,-8.666985862847323,32.60963793456347,28.20645853451465,100.39924293304706,0.2734290781961999,4.028595083730092,28.63922325693741,77.23450868810711,0.0,37.0680065779391,100.37312571985736,4.955653577122785,7.0
133200,-2.6730182022064057,2.4944702486875996,-9.793326761381712,0.006006836492107044,0.016787122385254618,0.2601186473151875,-5.528337662358063,37.07243235049279,27.604530105242876,101.78738793796798,0.2734290781961999,4.028595083730092,28.639219852330235,77.23451957189087,0.0,36.18819510714118,100.71826471038,4.777930959421874,6.0
133300,-1.8134302896306478,2.4130210354422115,-9.759860056881868,0.030520897536242087,0.009664421165965316,0.23160225090308012,-4.432022427713298,34.008762068851766,30.12804632116333,103.15271046522788,0.2734290781961999,4.028595083730092,28.639215707047946,77.2345903255957,0.0,36.38062390471335,104.64097805562811,6.095610232522963,8.0
133400,-2.7462171568604647,2.7813327457754666,-9.42756995941619,0.0040310862901284895,0.014652302113929417,0.2435363077080256,-11.9519359198829,34.22891486738911,27.314768057441313,104.53848417170471,0.2734290781961999,4.028595083730092,28.6392343776315,77.23458168353211,0.0,34.963176781193724,103.35955643006244,3.0515441322674093,12.0
133500,-1.6665192013975534,2.819434311862076,-9.777973009594078,-0.007482417632633436,0.020172871157225044,0.24206777423479012,-7.3620657164901395,30.747357774021765,25.94486319150549,105.90329592349627,0.2734290781961999,4.028595083730092,28.639199592154274,77.23456454375807,0.0,34.20142071289473,107.37028701335561,3.682302312215605,10.0
133600,-2.791967524403327,2.573245904262433,-9.508744838171427,0.014393496965814274,-0.014797364194130885,0.23442835634018094,-10.94599508317101,33.03896958008824,27.790555686071546,107.28577625843138,0.2734290781961999,4.028595083730092,28.639248687019602,77.23458483903299,0.0,33.27358851453997,105.85557005189355,2.2707571948034,12.0
133700,-1.8726222362458835,2.274353969650712,-9.427920946851689,0.022900938455267906,0.022428971104433214,0.22249904629794573,-9.911738576009352,34.62726666213737,30.771925630193508,108.65850526541648,0.2734290781961999,4.028595083730092,28.63920983190568,77.23453249323148,0.0,33.09484051760729,107.36333027840632,0.6721629237965274,9.0
133800,-2.3873124550268567,2.017227507025118,-9.227179472439456,0.0009236948203058034,0.011248046099382271,0.24550718513027558,-15.794232778889238,36.10074285010267,28.972303233115955,110.03603032780583,0.2734290781961999,4.028595083730092,28.639188679494165,77.23457953754492,0.0,30.9009465091922,111.05603974538188,5.298309365305043,7.0
133900,-3.4633596258812687,2.4488146544282587,-9.416566609755245,0.014722985811402124,-0.0022786756311476723,0.2246683597041027,-16.542335561374728,33.146151602513065,28.55739484506234,111.4013395730692,0.2734290781961999,4.028595083730092,28.639265314784105,77.23461685247703,0.0,30.89801885972299,110.33870088566452,3.4894268391599255,10.0
134000,-2.424626431978688,2.233589853620297,-9.67698193577146,0.022777090256101622,0.0018797637151911893,0.24330265218401295,-11.039179589793777,31.659131594356328,26.76240467466525,112.77918670150422,0.2734290781961999,4.028595083730092,28.639193303971393,77.2345768988763,0.0,30.314417090593267,110.66663658468877,3.1690280793733185,11.0
134100,-2.1653701863648664,1.9710502504145229,-9.401983590015735,0.014322837441485995,0.004331448869227597,0.2497840343873562,-15.11713332808877,30.1296515547369,26.909573854254145,114.16366987083678,0.2734290781961999,4.028595083730092,28.639165012267174,77.23461192103554,0.0,30.249709642152464,119.15792671157706,2.550770762531021,12.0
134200,-1.9808386699320555,3.154458105451274,-9.697449387438672,0.008048881495664618,-0.00023266302773587537,0.2450878265911581,-13.765604766532599,27.534930431596223,28.874584041604727,115.54148824769072,0.2734290781961999,4.028595083730092,28.639177788046393,77.23455828092095,0.0,29.21757348870189,116.79062823963068,5.807214166224754,6.0
134300,-2.396987915728368,2.096126899653816,-9.800767020501324,-0.004489155526316984,0.009813889609309507,0.24775513090685794,-21.916505819185517,34.20223775531025,32.69215438621655,116.93179171927991,0.2734290781961999,4.028595083730092,28.639189712586116,77.23457638839842,0.0,29.21295773789747,119.87739586380437,3.5009659972741707,9.0
134400,-2.631641693170042,2.1436948704494685,-9.768381259289693,0.010231323730234188,0.007315710897969934,0.23283605267163388,-18.630005796443847,29.890454087134167,27.888946896958757,118.31935458292837,0.2734290781961999,4.028595083730092,28.639222494807914,77.23460714723018,0.0,26.882285773744595,116.87078023155627,4.316981568772927,10.0
134500,-2.048261597360791,2.200372689464921,-9.687665310246869,0.012341168770624219,-0.004153093933543941,0.24337336863835277,-17.940425526287136,31.813895994535045,28.26591392814233,119.70007398144948,0.2734290781961999,4.028595083730092,28.63919696970987,77.23461026159165,0.0,26.64295535886161,121.11515125955191,1.8208517923463376,12.0
134600,-2.775875493076995,1.8421934544473835,-10.00598487801291,-0.013777537919296565,0.004663460999933034,0.2432816831940564,-15.710585776604027,28.924051914285386,29.753590697630916,121.09738817469157,0.2734290781961999,4.028595083730092,28.639235433393086,77.23467509487601,0.0,26.413441854769086,122.97740942300452,2.0398214776827746,7.0
134700,-2.3854982875796407,1.917177051923246,-9.474326563763126,0.020386312347895067,0.018115786033658304,0.24208469590987092,-22.203132139897328,27.703282405807585,30.013649075774893,122.47005254100853,0.2734290781961999,4.028595083730092,28.639209001594825,77.23466284337636,0.0,24.75828739581603,118.69731000941012,3.292965380697617,7.0
134800,-2.229043630076263,2.025743338676344,-10.182020922083362,0.008673402092436194,-0.0031468382597853407,0.24220314506559557,-15.80038676966937,29.79278376679699,33.145234558394826,123.8513126877175,0.2734290781961999,4.028595083730092,28.63911927674599,77.23465932039579,0.0,24.45139858868821,128.0464781600821,1.87297195843452,9.0
134900,-2.8191247157210766,1.732569137871408,-9.755104995633063,-0.001742542268687186,0.0005554210461622064,0.24775363275998916,-20.514507101294722,30.889045628437653,28.64818620156033,125.22227939810888,0.2734290781961999,4.028595083730092,28.639254319294654,77.2346659607974,0.0,23.52878709171854,126.8889412049347,3.4448617550753404,10.0
135000,-2.444463737181452,2.023789119915888,-9.429315175215432,0.003717574321593106,-0.00021924293799452203,0.23905280755736794,-22.442615334933844,30.58914049807902,29.62720142952164,126.59621578693323,0.2734290781961999,4.028595083730092,28.639186139250157,77.23469767602468,0.0,24.058238843174024,124.9793319147126,2.2552692298754318,11.0
135100,-3.243629881220608,1.309634263271176,-9.630917057228443,-0.019820271839151967,0.01526152037094754,0.2364862776116571,-19.120180651536444,26.932590743468726,27.639759373680306,127.99744027003098,0.2734290781961999,4.028595083730092,28.639180023872083,77.23470739465688,0.0,22.136499965458356,128.21755662366886,3.554940776678948,8.0
135200,-2.463805403724253,1.376166014413458,-10.102367343015128,0.0007523453662843273,-0.004668161692338415,0.2421627220796746,-23.499616601026798,22.366966795611617,26.585189485548955,129.38767375246007,0.2734290781961999,4.028595083730092,28.639170247691542,77.23468576142038,0.0,21.378314002557413,131.92404902998456,2.198862255983415,6.0
135300,-2.7030822058932005,1.7770391059677866,-9.631041658615452,0.007922478352532656,0.0010403067946453083,0.23183978031802352,-25.45490843395211,23.493513836483896,29.29682966832934,130.77662696233787,0.2734290781961999,4.028595083730092,28.639161127285426,77.23466321564622,0.0,20.876419744162387,132.2298993016988,2.0082575156758713,6.0
135400,-2.3902394714993545,1.9188640669418735,-9.419336046070217,0.01614218239813278,0.010032194290803854,0.259152031739971,-23.803669037858672,25.207661494541085,26.721043309372206,132.1711267006662,0.2734290781961999,4.028595083730092,28.639120669304415,77.23467194982855,0.0,20.544774298260066,133.95197571618272,3.1858464153677137,11.0
135500,-2.848817734325821,1.3633436798132497,-9.757913342988681,0.008570566671900065,-0.0037656948044199013,0.24982136677959868,-22.376507904628117,25.815693581516395,24.502916326451764,133.55524707711686,0.2734290781961999,4.028595083730092,28.63917404417077,77.23463377349282,0.0,18.78931481803857,136.2600821094253,3.307049531337159,9.0
135600,-2.1693575427265683,1.271025065817023,-9.854564021107016,0.007239414618265225,0.003404566138365065,0.24195013682654823,-22.191330268333676,25.242260100721115,31.818264560022744,134.9500270509013,0.2734290781961999,4.028595083730092,28.639161633568868,77.23466151687701,0.0,17.73768091393004,131.5807931248117,2.6857091358543332,10.0
135700,-2.450025446462339,1.9371547556211128,-9.685814703538009,-0.001719235965282802,-0.007378946314946303,0.24053885085146623,-25.300009533186643,19.816397847323927,27.18434069620041,136.32622405570743,0.2734290781961999,4.028595083730092,28.639174503617827,77.23462656470947,0.0,18.01152708662358,137.95460083695446,3.408394569759333,6.0
135800,-2.590653800879612,1.0132751301499423,-9.478665989444444,0.008407343881627822,0.00648286787877677,0.2466906035568632,-27.88549007600521,26.03339456451913,28.913281998011904,137.71977459531308,0.2734290781961999,4.028595083730092,28.639158570394503,77.23467235540147,0.0,17.2648580217187,140.13886399527607,2.8755858923339503,7.0
135900,-2.276938658702421,1.43004709315502,-9.903894740133163,0.012281182462603596,0.008590614962896722,0.24481585795453342,-23.951691216027385,22.67613866390155,31.727186611819562,139.0982560191609,0.2734290781961999,4.028595083730092,28.639141734241885,77.23469919379133,0.0,15.194811486060997,137.99311401280426,4.157628447365428,11.0
136000,-2.824694747583102,0.8931683617417003,-9.473990159563995,0.004598588590938323,0.004419265761604928,0.24208652230066377,-30.384618009753947,19.734663877190066,27.715198071697504,140.47726607291352,0.2734290781961999,4.028595083730092,28.639129030100264,77.2347137557537,0.0,15.07210383266735,138.94494195437377,4.00591150405957,13.0
136100,-2.3135957755502097,1.6637067824461886,-9.382747350781791,0.022861185825291792,0.00023488011230431583,0.23292687942043433,-28.71242038864404,19.198129120677006,32.10444982378553,141.8582361479159,0.2734290781961999,4.028595083730092,28.639123591843106,77.23471969741935,0.0,14.09996224855735,140.0811521955735,4.035140639997362,11.0
136200,-1.979861373130176,1.081941776398544,-9.412468861431186,0.012016692525437661,-0.016569978176303245,0.24055652738782926,-27.031673929395623,20.074259064855056,31.386017390297333,143.23554757510695,0.2734290781961999,4.028595083730092,28.63908932622929,77.23473059103026,0.0,13.671284772466848,140.41380053864575,3.9004232527031975,8.0
136300,-1.632085064424353,1.00555718553401,-9.796412092966051,-0.006223813636662146,-0.0004555298136492284,0.22586065760071447,-26.29379630012355,19.00521774157225,32.13439706506571,144.59909224803397,0.2734290781961999,4.028595083730092,28.639145913571863,77.23478179532843,0.0,12.060995944968571,142.7380218765889,2.2408225569922564,6.0
136400,-1.4283456640417334,1.5637512956113564,-9.343449551214302,0.006428327366604508,0.0011533778931363862,0.2304584042790943,-30.83748033445564,21.337809138617786,29.124231530539635,145.96531954797092,0.2734290781961999,4.028595083730092,28.63912224858847,77.2346917627749,0.0,12.38690697395536,145.8383998629545,3.769655262244286,12.0
136500,-1.5754144566290675,1.3015558697869958,-9.848780720349684,0.001129568014958028,0.0036942172364701183,0.23942228510678681,-31.910086494636257,21.08749481855868,26.006763101214197,147.33960245655015,0.2734290781961999,4.028595083730092,28.639148664250648,77.23467600769158,0.0,11.915109686668828,146.59902153977046,3.3105692035436265,8.0
136600,-1.5768241075188543,0.6895839741728281,-9.655035290357153,-0.0037882259166045424,0.00754860393128509,0.23616652624088424,-30.934436855387933,16.984725176127412,30.20484273003592,148.72791931499629,0.2734290781961999,4.028595083730092,28.639124582264042,77.2346978075025,0.0,11.838059619066033,147.14139885398717,1.3282661271371656,11.0
136700,-2.1383024173890246,0.7507674451254878,-9.881767519738355,0.006878129771443296,0.0027157801465085745,0.2411507890525239,-27.912982166371215,17.45739636690101,30.15190226961096,150.10745388944346,0.2734290781961999,4.028595083730092,28.639128394204594,77.23473335449314,0.0,9.71052142182946,149.0030540271573,3.968226670243058,9.0
136800,-1.8664872866856852,0.7665761896960085,-9.977721483708299,0.002280554631198957,0.010226135516927092,0.25560601014637274,-28.55926409486272,13.573534349414128,29.68810298206166,151.49022071337433,0.2734290781961999,4.028595083730092,28.639147061674358,77.23470661857716,0.0,10.17055921931556,152.16508944146818,2.970329121210559,13.0
136900,-1.9626191502664918,0.0740072262978208,-9.744796545008313,0.0075073866412426,0.017054632787426256,0.12590237445740193,-30.932680485396535,13.39890994289132,29.31912012364952,152.87421647478476,0.2734290781961999,4.028595083730092,28.639174241434876,77.23467362602605,0.0,9.461759521485247,152.01933307382612,2.8518927118336674,11.0
137000,-2.704668498402522,0.4550196559502018,-9.75259466558621,0.006299959863124213,-4.391434866035226e-05,-0.007157579215026355,-31.3326445329847,16.651489775463734,27.377354758337606,152.86458463708374,0.2734290781961999,4.028595083730092,28.639131563721143,77.23477470379736,0.0,7.96300100234234,150.88773150255017,1.633034722330891,9.0
137100,-2.407261870570053,0.7331649874944186,-9.263825277279162,-0.0054132048359249564,0.012475561170459459,-0.01470235257245228,-30.30846243953948,17.65993848878611,30.567650522316576,152.848530947556,0.2734290781961999,4.028595083730092,28.63910000150664,77.2347380761656,0.0,7.514144150351134,152.59551463342262,3.377669743586864,6.0
137200,-2.0105292010508786,0.2617110164375965,-9.790679210223624,0.0075250518193683774,0.0035105569592954623,0.012837060864739675,-30.447276043731126,15.62832913090078,30.58821927835024,152.8449437648715,0.2734290781961999,4.028595083730092,28.63911094308067,77.23472737154958,0.0,5.852209496161715,153.68411269167575,4.973905980116308,8.0
137300,-1.825897296284283,0.43500102634668897,-9.424186414500603,-0.003872363900847299,-0.005945636373335617,0.0059280349156789315,-31.710698682276245,17.734642694879714,28.320865577894192,152.84676871409314,0.2734290781961999,4.028595083730092,28.639100105770485,77.23472134127715,0.0,6.989815144707707,150.73788291297183,1.6810031642041505,12.0
137400,-2.48596027047919,-0.05887342975960064,-9.962652239167529,0.009073015069807486,0.01152279161714973,-0.01085854716369401,-29.887499170941393,13.344615664493578,28.549007443594732,152.83479083591433,0.2734290781961999,4.028595083730092,28.639105619134448,77.23468635400296,0.0,4.322592654281153,152.39950258348824,2.1859064702309423,11.0
137500,-2.8500580785242957,0.08361261692369429,-9.47707095555,0.0024054900034446475,-0.020020750767753108,-0.0024837556825281857,-29.724307376815634,15.084623831203276,31.39490457276617,152.8374173195793,0.2734290781961999,4.028595083730092,28.63911493302607,77.23473928240433,0.0,4.816263328263017,155.3376393544482,4.79202615428543,11.0
137600,-2.0133672094856268,0.5492077921370846,-9.655573835727754,0.0023192327276024254,0.003981215337022889,0.006167888034604168,-31.148899342991463,15.033677606313656,27.60067756721593,152.8565892061621,0.2734290781961999,4.028595083730092,28.63913020997436,77.23470607783376,0.0,3.804659630615241,156.98140964809096,0.8711413937061572,12.0
137700,-1.676365386827026,0.5083366172667682,-9.711818797078912,0.016374634908919616,0.0034160353270512997,0.010710278912617707,-28.017530182938373,11.406004238790597,30.113790799990376,152.85515325725314,0.2734290781961999,4.028595083730092,28.639119991864927,77.23469984365698,0.0,3.274663554208507,152.82939722345097,3.8200709297151674,8.0
137800,-1.599570493293812,0.49404930692781357,-9.723273513954423,0.016325713532844434,0.0037567001823309923,0.009751021722448842,-28.087659251053864,21.146210337517203,26.8082824061333,152.85333044004582,0.2734290781961999,4.028595083730092,28.639123287654787,77.23475859295125,0.0,2.38556366487314,155.56663386953574,2.563651051761316,12.0
137900,-1.7456177228535499,0.1114776443778521,-9.839303368741838,-3.905857016920245e-05,0.019148797845610546,-0.005915786373447598,-33.589524591838625,13.899160500153233,27.034116892547615,152.84853825872133,0.2734290781961999,4.028595083730092,28.639096775935432,77.23474716033752,0.0,2.1116608493015763,155.52053150313074,3.0873580527358175,10.0
138000,-2.6834268076926726,0.18290503508736874,-9.902193559568799,-0.0038597175922795513,-0.002478313351587589,-0.0065448470231484965,-31.55092499468689,14.611825658749725,27.934336099281893,152.84176947774029,0.2734290781961999,4.028595083730092,28.639079011256978,77.23472557391413,0.0,1.1298664660711293,150.176819619617,2.4557341465262548,7.0
138100,-1.5514662850491807,0.6649805370679012,-9.753605825265815,0.01003885428412274,0.007856171158000504,0.004920424451750496,-31.373096392400615,20.76676984493055,27.368129389344155,152.85698383928212,0.2734290781961999,4.028595083730092,28.639118064001323,77.23473038693619,0.0,0.8769876538660228,151.75392103384414,5.67912628213994,12.0
138200,0.055643324239508685,0.5069026623023555,-9.752595312335824,0.007797680499968266,0.002136078568478227,0.0006461834243340041,-30.86303021391854,15.373466555206218,28.594762625962172,152.84594214285218,0.2734290781961999,4.028595083730092,28.639122617177918,77.23472809197285,0.0,0.0,152.63563952784216,3.6208453810328987,6.0
138300,0.08142859590649693,0.7922141112658448,-9.967017072077919,0.000658653599606901,-0.0015696598174641582,-0.0010655530022310794,-33.041670962277024,18.21656613143165,27.977765766562758,152.8608064346575,0.2734290781961999,4.028595083730092,28.639080092995616,77.2347218073451,0.0,0.0,153.9697434580039,3.4247955168737487,10.0
138400,0.03771433755082678,1.1970316405601737,-9.409797815141568,0.006946048362880712,0.0035181826479178152,0.007356864857176331,-31.95905323861821,18.059200804753917,30.661206908815302,152.85644234426167,0.2734290781961999,4.028595083730092,28.639139886648955,77.23469190884127,0.0,0.6006163164221315,153.80853914035893,3.2649105337423423,13.0
138500,-0.06464987792232979,0.5325231302323454,-10.194726477450818,0.0016705529175992067,0.01717006058663934,0.007272344616677498,-29.356282638573138,16.311751077078195,29.771563205532203,152.8763920912557,0.2734290781961999,4.028595083730092,28.639077809946095,77.23470479250341,0.0,0.0,153.68458496596412,3.9137487229051606,6.0
138600,0.09648402702511924,0.42544082511327175,-9.731094170403866,0.010920217907776593,-0.009647856193429748,-0.0075124938243290584,-32.432778078075536,16.911702796834838,30.117312415640143,152.87755320611367,0.2734290781961999,4.028595083730092,28.639080230475628,77.23470980222176,0.0,0.0,155.1076216874668,5.2942727924663915,9.0
138700,0.028527215178494096,-0.022910593984806438,-9.907976025273491,0.013389723453150919,-0.00014992732974054152,-0.009000637883224744,-32.874918723340066,13.395914665885407,30.409242433903223,152.8804782853932,0.2734290781961999,4.028595083730092,28.639144928260958,77.23469158370874,0.0,0.01035326363156486,151.8957496152809,2.8025064219478337,8.0
138800,-0.09427825174744872,0.21400069661517385,-9.698784149550061,0.010930043134332807,-0.023578289957616905,-0.004373299650933544,-28.530208880466905,15.228845751731878,29.513300930131244,152.8902350768348,0.2734290781961999,4.028595083730092,28.63912392920271,77.23471314351636,0.0,0.027440617914500937,153.98876446926718,1.1857226596023092,12.0
138900,-0.0027082122359306134,0.5981354064852129,-9.443911351507523,0.012956568686409538,0.010035833047623451,-0.0014042353204399768,-32.72823350212736,18.624653417449466,31.118228652542108,152.90983919642392,0.2734290781961999,4.028595083730092,28.639143699018938,77.23472989562137,0.0,0.0,152.35066112554728,3.799818622925417,10.0
139000,-0.1283532999595203,0.4844026386742408,-10.1022369873151,0.02275669150889608,0.030500650969120725,0.0017975962749064715,-32.10640496318602,13.461416858863146,26.485576579183945,152.89714260177442,0.2734290781961999,4.028595083730092,28.639147028614833,77.23473955181129,0.0,0.33796567443808473,154.12642730882698,0.6196422053368331,10.0
139100,0.6804382992279533,0.7022507991544128,-9.877320503556119,0.0011237191592997817,-0.0002792562384294839,0.019585750650712726,-29.36991502505785,17.44598828083314,28.54876485375237,152.883436368418,0.2734290781961999,4.028595083730092,28.63917519819946,77.23475257499572,0.0,0.7418645494786785,153.01067328609625,2.4794027563604466,7.0
139200,-0.20384873270880108,0.67300901992823,-9.86268854295725,0.014209556663350113,-0.020580356271926222,-0.019103984484439864,-33.813911894271484,14.650061648290945,30.480700711614034,152.87679836965975,0.2734290781961999,4.028595083730092,28.639125339304552,77.2346938382709,0.0,0.018116162234605524,153.2930491002538,4.211855993884738,10.0
139300,-0.26865051963872333,0.19477902676894882,-9.439874460434499,0.00618221309869185,0.017570967745602847,-0.004950921503356037,-34.44761238335259,15.840344037904,28.205618052433103,152.8926438610608,0.2734290781961999,4.028595083730092,28.639063049638764,77.23471004467349,0.0,0.0,154.3941174618305,4.169505830776766,6.0
139400,-0.32079388001766196,0.7468325568079159,-9.582951484012886,0.015511773303234885,0.006935016362249394,0.0029419394916670436,-29.749366506303815,16.558535419891662,28.2822676217004,152.88659637352723,0.2734290781961999,4.028595083730092,28.639141007140026,77.2347187444925,0.0,0.1697710320920828,153.39909689715816,3.921366568577815,6.0
139500,-0.11411251162326225,0.6933169486874342,-9.630743974433694,0.022462049904481866,0.01691073751224322,-0.005465264817347906,-31.2524521847447,13.556882866856814,31.234510710511493,152.8879344226339,0.2734290781961999,4.028595083730092,28.639104863118103,77.23469774148042,0.0,0.0,151.18443343587518,1.3863383878436966,12.0
139600,0.2638375866891218,0.3983209176467378,-9.941499410897647,0.0037326810828691333,0.010833874569451068,-0.0071403233043512695,-31.366805075667607,17.16559664987505,29.02715361738751,152.89037204574697,0.2734290781961999,4.028595083730092,28.639118346630703,77.23470058303454,0.0,0.0,149.64416078919857,4.495306240030848,13.0
139700,-0.28868072928923855,0.6044998196807694,-9.846316825413284,-0.009872697479550656,0.004798128975769765,-0.002983506371528095,-30.89507101329121,18.017512577488972,29.070618882314374,152.88331370915003,0.2734290781961999,4.028595083730092,28.639145040416107,77.23472477267146,0.0,0.3656743118355354,152.32433592958117,1.8717139308961754,9.0
139800,0.1948533525788332,0.6062044277238302,-9.30205706914732,0.0025373717943001604,0.0028459047326750437,-0.017049802436896647,-30.46327066941655,16.8613385698123,28.085887227310522,152.87055891588858,0.2734290781961999,4.028595083730092,28.639084840301265,77.23471798835419,0.0,0.1798278008920018,151.64997138910178,0.5130541144970397,9.0
139900,0.03989780606777449,0.3514880316507316,-9.820058257523653,0.004599093528972391,-0.00605284245961609,0.014782020181154126,-27.608559501077153,17.348843348718965,28.77256613554331,152.88659734882737,0.2734290781961999,4.028595083730092,28.63908795487251,77.23475915619264,0.0,0.0,150.61351750561548,4.999328672080306,11.0
140000,-0.06830645869685972,0.4522681909457885,-9.974422727863015,0.0005454933844465772,0.0053402482251883815,0.009050767001204925,-31.921348330456418,15.836245115146047,27.243283835502965,152.87372220253312,0.2734290781961999,4.028595083730092,28.6391398917311,77.23470103138311,0.0,0.0,153.8699242700569,2.098627574060053,12.0
140100,-0.13887513900832793,0.43622075316614883,-9.814062529355658,0.007030539622537147,0.0028908873482834736,0.010571054252133378,-33.18967918468917,12.834322299465049,28.735105888802106,152.87140645232338,0.2734290781961999,4.028595083730092,28.639144301006763,77.23475861724364,0.0,0.4140822656053023,156.03286005611008,3.8903920481381196,8.0
140200,-0.5953361694450447,0.4164769920856761,-9.685921375020499,0.00023987243110052715,0.006050846725918844,0.0017461658098717257,-34.14736036385034,16.37310171412114,31.511428892169633,152.8704687301836,0.2734290781961999,4.028595083730092,28.639105051594147,77.23469775047255,0.0,0.0,151.0264344932313,3.2022822583889607,12.0
140300,0.026553340459069846,0.6863484364505276,-10.09742512162547,-0.013651174801743285,-0.0021221682537896688,0.003990674695765678,-33.34126122791471,18.29304743085466,27.004519957273047,152.8732522203501,0.2734290781961999,4.028595083730092,28.639150385161926,77.2346972908821,0.0,0.0,151.6363598728314,3.343040010588253,9.0
140400,-0.5216048461114181,0.817245410739362,-10.217343562423288,-0.005751209876488725,0.013541506645797344,0.006758883390401123,-30.80818523165421,16.39749768919768,26.854156198040904,152.88051060111354,0.2734290781961999,4.028595083730092,28.63911420492349,77.23467467922066,0.0,0.0,154.66227603499746,2.609624064717572,6.0
140500,-0.07561114907098021,0.7470752038658661,-9.926692912568372,0.005979508702579864,0.013219407943876636,-0.002316239826840406,-28.409211196264774,19.122332728933532,27.194686200140254,152.86811418215612,0.2734290781961999,4.028595083730092,28.639144159266067,77.23465895059734,0.0,1.384585804511562,151.30971361047102,3.1536067511622567,6.0
140600,-0.2966892414053067,0.8097179025638518,-9.557727820780745,0.008573131922518941,-0.0065100024317323564,0.0030143201348665338,-32.25039404043635,17.147104446949175,27.803428437978603,152.87106403973277,0.2734290781961999,4.028595083730092,28.6391498986235,77.23473372219783,0.0,0.5875920124542992,155.14316741817245,4.3315705998197656,6.0
140700,-0.7069720224708661,0.6893853454737826,-9.62977593995778,-0.007932596169014938,0.005871394495344287,0.012358604734633488,-29.532198651799963,15.566988575429487,28.672726302268828,152.87493859125513,0.2734290781961999,4.028595083730092,28.639112577760464,77.23472404816182,0.0,1.2901866488641385,150.91012077274803,3.8587661587982116,12.0
140800,-0.1074205744946218,0.7818913783936258,-9.335710892453582,0.00993889783703433,-0.004375043951599949,0.008460842897218665,-33.6203752300183,16.041505545583252,27.981895439887403,152.87090838107488,0.2734290781961999,4.028595083730092,28.639138788543143,77.23470510923177,0.0,0.0,153.89190174421577,4.022369222881616,12.0
140900,-0.14723814794296008,0.8110923279718913,-9.46626326705435,0.008209342300663676,-0.012818502417236855,0.0020229781958577137,-33.05161744115714,16.149423474695915,28.60122876224351,152.87324606552517,0.2734290781961999,4.028595083730092,28.63914488576242,77.23469148528756,0.0,0.1642384952655839,151.75598413154603,2.9825917464474476,13.0
141000,0.33046893691013246,0.6821145513173429,-10.294302621075367,0.0013223866773052545,-0.01384749811556266,-0.005144441758079113,-30.57242583957692,17.163371443024268,25.277478588879266,152.8196318636446,0.2734290781961999,4.028595083730092,28.639091029540893,77.2347348248204,0.0,0.5253183406620701,154.4867267575625,0.47566329368641647,10.0
141100,0.27350763155827496,0.4482803603566784,-9.764473285276722,0.00397127481345066,-0.02795851091046765,-0.01767184645977969,-32.33815928356478,15.58024022586831,28.457713283455888,152.76630114512233,0.2734290781961999,4.028595083730092,28.63910629124485,77.234724897576,0.0,0.405415951376288,152.023131451171,0.46534907486973776,11.0
141200,-0.31099032507780205,0.8532333640097516,-9.814783719724273,0.002082683317423633,-0.011257943901894378,0.003263988384448779,-34.4550415339957,16.105485260295588,27.3322105278983,152.7046244524608,0.2734290781961999,4.028595083730092,28.639134944871113,77.2346899265209,0.0,0.0,152.2126499846583,3.4927329499586954,9.0
141300,-0.053177503481797284,0.6969199868864506,-9.538450308829896,0.015699836170135942,0.02644306921977958,0.0029801804469217416,-28.978360084714556,13.076036839646953,28.87340894450692,152.6505759153187,0.2734290781961999,4.028595083730092,28.63914862147489,77.23473749824099,0.0,0.8246957825114014,151.60622605147907,4.094364870505964,8.0
141400,0.19801998982865643,0.34089483148314265,-9.516185836046674,0.0075922376093150385,0.010343346967384561,-0.01061026322097413,-26.581430546963233,15.0755218550601,29.396525670698367,152.6053162439369,0.2734290781961999,4.028595083730092,28.63912171830632,77.23472973217862,0.0,0.08446227725175218,154.68543082382035,3.5315292887819023,12.0
141500,-0.23280301692368988,0.4138816913943669,-9.671244533602662,0.003531253184321919,-0.0063143668989429575,-0.024759766050557047,-28.943152553552963,15.049577245142144,31.977419423068582,152.56761023663145,0.2734290781961999,4.028595083730092,28.63908293412825,77.23470428309022,0.0,0.0,152.63310676799242,1.159515443075544,10.0
141600,-0.19813036107148196,0.703858051302665,-9.644571465599855,0.015814472647663506,0.011734081524679515,9.296007930970594e-05,-27.855741915493127,16.37284307318923,26.495577771505175,152.50129215640774,0.2734290781961999,4.028595083730092,28.639126765057778,77.2347999759985,0.0,0.0,149.6802239051093,5.068231808388612,7.0
141700,0.505859910337337,1.1629071465466168,-10.075579409623714,0.014259685166113846,-0.02409582568542407,-0.004856686883643132,-31.624643403322363,16.29165525662805,26.895337611281697,152.4507029495093,0.2734290781961999,4.028595083730092,28.639072447566605,77.23476398034367,0.0,0.08137131302524776,153.59386214789276,2.69303464305985,12.0
141800,-0.7161150809094795,0.2425363781528253,-9.566497704705974,0.0226282146576823,0.015929720554001395,-0.031269410635730674,-28.0083848389316,18.21027942665215,30.43855499456969,152.4010982287959,0.2734290781961999,4.028595083730092,28.639120538996444,77.23471135936062,0.0,0.0,153.1368714708921,5.55895615859015,13.0
141900,0.2969552183089751,0.516541428369268,-9.600483248824085,0.002295553397432866,0.01639189448302335,0.0006305414835531438,-33.035849497542294,15.264192026196211,29.24006420957182,152.34875175314627,0.2734290781961999,4.028595083730092,28.63910703302116,77.23475177278972,0.0,0.0,151.14071496883506,5.572031952215976,7.0
142000,0.7518234489979664,0.947921489000402,-9.90098973324916,0.00834388857393463,0.0009260139658746501,-0.009534030186588504,-26.858389432524916,15.22947591244526,27.919542211796443,152.30950114002928,0.2734290781961999,4.028595083730092,28.639076444085145,77.23471655249703,0.0,0.0,153.27552450277918,3.054524034996704,7.0
142100,1.5252325415249222,0.29862643238609043,-9.932958954435541,0.004086021590322431,0.00065453766432216,-0.011788453937455088,-30.313198258231125,16.111609482403537,33.035096214043406,152.2538048567061,0.2734290781961999,4.028595083730092,28.639144939151514,77.23467392760895,0.0,0.7246472923337464,152.75529822528236,4.120396781906989,8.0
142200,0.927049727667538,0.7054936259516102,-9.997878375771895,0.007478309170249324,0.019049672065993666,0.001693218724531537,-31.491980262345386,14.029213290269121,25.040427031044736,152.1974790285583,0.2734290781961999,4.028595083730092,28.639089587669257,77.23476634668171,0.0,1.3981644642981161,152.87144979640257,2.4931382048895014,8.0
142300,1.5947669625872294,0.5818963863126234,-9.708021286834832,-0.0033341527955090535,0.012020425724463091,-0.004530960439969186,-30.438544464282025,16.226980288995986,30.318383499563016,152.14707131279405,0.2734290781961999,4.028595083730092,28.639123612525065,77.23475666560674,0.0,2.165956819185548,152.5327689968991,1.0552274807398065,12.0
142400,1.9561075224536664,1.2986866574528657,-9.747478291959535,-0.005985168940262829,0.005228181475263901,-0.012696061018685445,-33.25425104263998,18.506890484039104,31.494406027084107,152.07983019332337,0.2734290781961999,4.028595083730092,28.639120025973526,77.23472570888765,0.0,1.399060300416986,153.94891411979154,2.851790257974696,6.0
142500,1.3844713744294872,1.0449656597195676,-9.591922304778363,-0.005502881111995871,-0.01763718387442231,-0.020984119203296146,-27.616000912873805,15.635019240628058,24.647316389385615,152.03168420310715,0.2734290781961999,4.028595083730092,28.639089274366967,77.23470234242572,0.0,2.9879785663620173,148.99089335044889,3.575102133373084,13.0
142600,1.536884994228503,0.7411111350423708,-9.476985274981558,0.01909739907203581,-0.011946699283643353,-0.013878798229970814,-29.29449617915491,15.407182372337411,28.390718942877335,151.96267421264875,0.2734290781961999,4.028595083730092,28.639133179087082,77.23476802562273,0.0,4.322610924350848,151.79794664412498,3.1214797858617676,6.0
142700,1.062245225610357,1.0570806014935439,-9.711324804293547,0.00601832002988641,-0.0011945650498476927,-0.019596299385269647,-29.979087498454454,16.88532557924993,30.14840187272093,151.88867125718755,0.2734290781961999,4.028595083730092,28.639138382018732,77.23474998728526,0.0,4.231910557772617,150.05638904786736,4.633076410980912,8.0
142800,2.009520322040861,0.6699846935844603,-9.386755319640036,-0.0005209977666041452,0.0009872569830009425,-0.014566854373703152,-30.152720842967263,16.786128597002964,24.325090961512377,151.8324737481654,0.2734290781961999,4.028595083730092,28.639108696790817,77.23468412001955,0.0,4.343607605729152,151.94364368086192,1.6625483772394454,7.0
142900,1.7781119857273513,1.3105652454718153,-9.55903506127641,0.010035543480295546,0.03358511600017381,-0.015626434843747424,-27.841686923186057,15.32297387450873,28.95033381988275,151.7728556326065,0.2734290781961999,4.028595083730092,28.639134198205753,77.23471871735445,0.0,4.825767162851845,152.54885453254633,3.820380150198769,12.0
143000,1.7212437634169566,0.5514885810393948,-10.022903107556868,-0.003580238563229335,0.005091340056408989,-0.012470666705957914,-30.678487581607047,17.75993399725078,25.851927310445383,151.70412558180016,0.2734290781961999,4.028595083730092,28.639067571696046,77.23469464031808,0.0,7.209768434599935,149.43777823967332,5.109776167187184,11.0
143100,0.8404528147183147,1.0347223396622451,-9.87256398395196,0.012546839142225902,0.005306868591701539,0.0025487060047958577,-29.766990538152054,10.079837624828833,29.442271551190824,151.62262955292866,0.2734290781961999,4.028595083730092,28.639097651935735,77.23472491849638,0.0,6.695276997240788,152.14361603674473,0.639250864215057,7.0
143200,2.6837703284115166,0.6680731194490009,-9.499782933020345,0.013535546376336225,0.010343232063140556,-0.028360238785284993,-26.5854027502496,15.638016495611371,31.238221169891194,151.56714650402586,0.2734290781961999,4.028595083730092,28.639118321083146,77.23474200111724,0.0,7.841181530532215,153.56450076902217,3.424769001095775,12.0
143300,1.5679915003293574,0.9428834498448448,-9.842256977576021,0.004630009133487901,0.004892727806396529,-0.00021871794908998217,-29.64419154166065,15.401826963623298,29.153036851322476,151.50113700061667,0.2734290781961999,4.028595083730092,28.639088611676733,77.23472657629118,0.0,7.165234238625623,153.95500256509618,3.9918270982373274,7.0
143400,1.4045270536780405,0.8510707769328737,-9.981528538951334,-0.004721539273141021,0.014702869296183568,0.009919683667788726,-28.0645640933579,13.250143636120164,28.23231102787334,151.4735925168631,0.2734290781961999,4.028595083730092,28.639056379809137,77.23475109674965,0.0,8.742859268512301,153.49837882651033,4.52695006276498,11.0
143500,2.2043191147115824,0.7677226707100092,-9.721653720119933,-0.009246508649141186,0.02707447970269147,-0.012726667447496193,-32.1905848487779,17.251457562831373,29.570254860481793,151.41327651932016,0.2734290781961999,4.028595083730092,28.639057407438298,77.23475261751094,0.0,8.926049862791448,154.1714987070557,0.3721785903267216,6.0
143600,1.750659545127283,0.760051949891841,-10.039643133250179,0.007091241535271352,0.009438565912842947,-0.007621909881779857,-30.22712995266053,13.480910635145404,30.091703598869714,151.35082285174528,0.2734290781961999,4.028595083730092,28.63909606478457,77.23471448281796,0.0,8.704067205699808,149.86685472750736,3.5448664438213213,12.0
143700,1.3131280371130594,0.8788621922226195,-10.351261398946411,0.0053830916074684544,0.010560699262394576,-0.010396955418989858,-35.38688750735229,15.450140783941828,27.648948574715757,151.28254174476254,0.2734290781961999,4.028595083730092,28.639071581444124,77.23473354192602,0.0,10.30522985344406,149.92750845406687,3.482881900766929,9.0
143800,1.632303658223774,0.9092094819796788,-9.191888348574173,0.010807126472257539,0.0027935461938394255,-0.01919433396495416,-34.82687452734288,19.485333529787425,27.854461935311125,151.22251902612737,0.2734290781961999,4.028595083730092,28.63911214931651,77.23472149460596,0.0,10.675550502719853,151.27943067547918,2.1202974803164683,9.0
143900,1.4412986215337387,0.9057222657967814,-9.931988767746102,0.021812474178543095,-0.007884032492135363,-0.016047761575721433,-34.82094395144671,15.248813909613146,28.867965006488532,151.1683253372806,0.2734290781961999,4.028595083730092,28.63906599323203,77.23475943715863,0.0,11.104667626827199,149.57068269785282,2.947658784673979,7.0
144000,1.5388009174337152,0.9471774130400059,-9.64484304920386,-0.011386061712689171,-0.004705883118161319,-0.024501086933833974,-35.30709201204521,15.847487145715064,23.796524297499484,151.09941469273593,0.2734290781961999,4.028595083730092,28.639066027415204,77.2347611380314,0.0,11.175841895788174,151.23779267556984,4.192215017814679,13.0
144100,1.6298376542495208,0.7331457013162218,-9.58361849245496,0.006315505077130069,0.0026110164361824884,-0.002553933080001066,-32.211669319482574,20.390574011339776,26.928112509977687,151.0475243763553,0.2734290781961999,4.028595083730092,28.639059269030785,77.23470433605448,0.0,11.408892649907772,149.19844985597103,3.943453522318917,10.0
144200,2.0103692921809166,0.5214155033658642,-9.246552156242169,0.01853639663278982,0.00045904762699962125,0.0036108187041502104,-28.674197153288272,11.291781305021019,30.40397474105218,150.99360792017382,0.2734290781961999,4.028595083730092,28.639059412964855,77.2347949703984,0.0,11.527622266579984,153.68625343299155,2.281680076022638,7.0
144300,1.0964886585803029,1.1101856705751652,-10.103500060271026,0.014752273860096695,0.02320763041433524,-0.0058832657217017335,-33.00265453940022,15.729799889877164,26.650630311498805,150.9357017138421,0.2734290781961999,4.028595083730092,28.63905747760396,77.2347426322429,0.0,13.141181729949755,154.1029150335048,3.9744869291218476,12.0
144400,1.615430133373451,0.620836288533493,-9.977506936139125,0.012853537769078455,-0.010199721718679805,0.006561126497440003,-30.826848064205873,12.745150156220628,28.652687374946154,150.86010026484752,0.2734290781961999,4.028595083730092,28.639066897759335,77.23473810263675,0.0,14.125740061496066,150.9858042625512,2.7680114700207414,7.0
144500,1.9806175042127137,0.33917231246577273,-10.119192177410959,-0.00841855323832236,-0.0023814240299751743,-0.008535739601512281,-31.260497815326474,17.449539662081715,29.679217961187007,150.80878822645724,0.2734290781961999,4.028595083730092,28.639074546315555,77.23469038280838,0.0,14.212013375475369,153.42938621044524,1.3496433036391502,7.0
144600,1.29218617986339,0.40273163668044465,-9.442877888726242,0.00958417518643636,0.015842104393178836,0.003279618293749682,-32.409747607809024,20.40722800580779,27.507794422910447,150.8150916105539,0.2734290781961999,4.028595083730092,28.63904225696203,77.23476601190335,0.0,15.271694482972853,151.15041527653142,0.664830629247223,8.0
144700,0.564031611736286,1.0056880521110019,-10.057138343197348,0.019153183026023642,-0.006893003260485526,-0.0057783059372381075,-29.137526924978264,17.33136347990345,30.08201189923377,150.8102865814448,0.2734290781961999,4.028595083730092,28.639044116940962,77.2347443417571,0.0,14.579803097137532,150.59940090436675,3.4986741446365666,13.0
144800,1.5750941171908586,1.2789154813009502,-9.570251693679214,-1.126739203598584e-05,0.0008718786222986653,0.01066553486001284,-29.353988546650385,15.66831327629395,27.64243069897166,150.81006292147742,0.2734290781961999,4.028595083730092,28.63907510884285,77.23469858740087,0.0,16.284487487233527,149.66619548062633,3.1590775812953216,7.0
144900,0.6364687364570495,0.9099568439669499,-9.703398638784986,-0.003733077430658537,-0.012295242981234213,-0.01684777603267054,-32.12959212036302,16.958138603842585,26.134285714147815,150.80779676804082,0.2734290781961999,4.028595083730092,28.639059605584805,77.23471809392557,0.0,16.454436436856,148.7420915540737,3.5258342197786945,10.0
145000,1.3657227116229813,0.45571044994022814,-10.19295020168557,-0.00788072150779836,-0.006553802533788435,0.0024776552575021195,-32.77929718288495,19.49567412542869,23.181125871978924,150.8258894034879,0.2734290781961999,4.028595083730092,28.639054997167587,77.2347569521086,0.0,16.30432537208908,152.68237150950563,3.0133286176517986,8.0
145100,1.0687048371105021,0.8161674917869329,-9.464295209377449,-0.00219211264699486,-0.007764338546443038,-0.008777547069118256,-31.22079871564253,19.49594340212018,28.510092386393357,150.79594103077585,0.2734290781961999,4.028595083730092,28.639042005989864,77.23475243573539,0.0,16.969414781959614,152.26484417705186,3.936750595930893,8.0
145200,1.0974932882960813,0.8457044688213148,-9.741635830386029,0.012531903171044433,-0.00324382171436161,0.0005576591700603369,-30.135003684780564,14.038555228608363,26.799287759174735,150.7938454664556,0.2734290781961999,4.028595083730092,28.639007938437402,77.23477194220129,0.0,16.894444866148547,147.84493639206738,1.066330291332378,10.0
145300,1.2738540125656659,1.2374636871911675,-9.839834715254279,0.02207781250728494,0.005533997303872766,-0.012769444156931592,-30.493163882774553,18.71773552400318,28.576372289299854,150.7864944871008,0.2734290781961999,4.028595083730092,28.63905994950623,77.23475763132501,0.0,17.621738638609585,149.10929979534657,1.8127781666594391,9.0
145400,1.156745363240041,0.4285120776838399,-9.046675726704695,0.004005484916666962,0.012655006590350619,0.014529843925059587,-30.059752894810774,18.171048896926653,25.235832007415606,150.79181082548308,0.2734290781961999,4.028595083730092,28.63906956369632,77.23474581347055,0.0,17.963814121334757,152.90219900235553,0.6546626554822481,8.0
145500,1.921616811121582,0.8927276335237647,-9.844199905947969,-0.017718643950733852,-0.0015333520230381998,0.015766741755440933,-30.968728426043935,11.24192164861487,28.23919148621969,150.79484641191348,0.2734290781961999,4.028595083730092,28.63909245733149,77.2348308656972,0.0,18.8065067992562,151.95161835156276,2.0820480904497964,10.0
145600,1.3047507464994734,0.9353511954975318,-9.94947960335675,0.0019714839195003366,0.020697869699348462,-0.011048310864422114,-27.122395655459883,15.75034209495289,27.699632989869407,150.79174852820245,0.2734290781961999,4.028595083730092,28.63899085298313,77.23478476735482,0.0,19.799254719769227,151.39057484282174,2.7697471742408584,9.0
145700,1.0262595288881926,1.2534068644621053,-9.720955268177711,-0.00021382442920375635,-0.00556236924486007,0.0048899099857964,-27.076518256293248,13.288477775218125,28.657967032021954,150.78613019938027,0.2734290781961999,4.028595083730092,28.639073358650105,77.23475467089321,0.0,19.237628459716973,145.79579357495496,5.55595530551374,8.0
145800,1.0045765958528348,0.3174514643372145,-9.791083264639758,0.004052226488052664,0.0037739277895969666,-0.010064443755634546,-30.95787575806194,19.469132957877715,30.425164500453455,150.78693656214776,0.2734290781961999,4.028595083730092,28.63900307406562,77.23480653676101,0.0,20.907375270802284,148.40160325945456,1.7848619069439515,13.0
145900,1.7429681711523954,0.40048796828695565,-10.094481613087229,-0.019653695830867284,-0.007532699154422521,-0.015717612965315233,-28.363312891944485,15.477291404388922,29.004864505345942,150.78897570250723,0.2734290781961999,4.028595083730092,28.63905035567317,77.23478181034676,0.0,20.540095519170155,148.3388293965881,3.1639107428438527,6.0
146000,1.034160986714039,0.8392028940502,-10.222591591022084,0.007021679431234966,-0.021244210712362658,0.0053878799249592905,-31.426821675328256,16.993572163208043,27.93496424389321,150.78372694742382,0.2734290781961999,4.028595083730092,28.638989661569813,77.23476596404097,0.0,21.817691995430067,149.73371927112478,5.840385788847902,6.0
146100,1.6473351697708027,0.8059262206406812,-10.029487371726875,-0.002678175863648392,0.0038038141645755676,0.010585717196974773,-29.33492841626621,16.087652862426896,30.071033460610128,150.7819767557871,0.2734290781961999,4.028595083730092,28.63900107128063,77.23480559638931,0.0,20.88870786344743,150.26049488547284,0.21882027149863514,10.0
146200,1.3799369121558893,1.1031567708722931,-9.314093753501007,-0.01836079155975767,0.00617168826767729,-0.004106560766510666,-28.926717186138983,19.110989940876834,26.725549138079256,150.791803089561,0.2734290781961999,4.028595083730092,28.639009906438687,77.23481426788614,0.0,21.825243167686082,152.61307170131576,0.2914926340033981,12.0
146300,0.6525618609514977,0.955989123430349,-9.344349643833132,0.0069371587345722725,0.001150453713213638,-0.012381696535428829,-32.0988795599902,19.219352305721923,26.359336258677974,150.79594328965655,0.2734290781961999,4.028595083730092,28.63895927413862,77.23478771195407,0.0,21.77340534980647,148.23866437961493,2.4538337111063133,7.0
146400,1.0898918018080632,0.37233946563064174,-10.016303506087668,0.014079338799437225,0.00888838033306381,-0.01202431348501593,-30.264085949096177,18.952376816213963,27.22809250484364,150.81450822897165,0.2734290781961999,4.028595083730092,28.638992696686586,77.23475266218547,0.0,23.448736951069794,147.96574260212165,3.8616497301602566,11.0
146500,1.7963234284022684,1.1931530466018871,-9.807346892258032,0.021722650810734625,-0.005805625728996328,-0.01958845870237505,-29.931087260899552,15.21260494110379,26.524033607996472,150.81023285111596,0.2734290781961999,4.028595083730092,28.638990276503453,77.23479829476175,0.0,23.424073383450377,150.75660359323788,1.9354166771070958,9.0
146600,0.9845948606262563,1.4090428137381072,-9.372670404468506,-0.010435425864301143,-0.0072414534166375345,-0.005939988843372396,-28.421162521551736,16.15600816225832,26.734374305610732,150.81239545643132,0.2734290781961999,4.028595083730092,28.638949354539708,77.23475937931818,0.0,23.046881089840287,149.26753701273472,2.76734457685878,11.0
146700,0.7971174867188009,0.38069635765283183,-10.04296211578367,0.010057904165351711,0.00225582924648714,0.0023771223188788324,-26.712813948855032,21.12634323081226,27.61041854471138,150.81462614773005,0.2734290781961999,4.028595083730092,28.63896531237464,77.23480116029118,0.0,24.731452189606063,149.47669316902025,2.3138727676251487,12.0
146800,1.3927534533206363,0.964829077162068,-9.207779967174005,0.018268297858712926,0.007473422121740134,0.008968903715926027,-31.051835724909402,18.544251156318225,27.426225604128092,150.81129884757542,0.2734290781961999,4.028595083730092,28.63898257207224,77.23481371086521,0.0,24.687008881099015,150.82522688553178,5.09059401593851,11.0
146900,1.2771338783261408,0.46366814175922816,-9.769806231261999,0.004231971689752278,-0.0024673175985328996,-0.0029971102901756594,-33.248118562051715,16.958647310815863,30.37008153227605,150.81477720131988,0.2734290781961999,4.028595083730092,28.638971968455525,77.23484670821654,0.0,25.004359732496866,154.01017427564472,1.4764020416104398,8.0
147000,1.3882183886151063,0.6124626616937198,-9.330640804453894,0.013324109306561333,0.0030199893293239564,0.00831940301445077,-30.138620804830524,16.196647766424185,28.88616488136731,150.8221975463265,0.2734290781961999,4.028595083730092,28.638957292007994,77.23483493855895,0.0,25.053463563698312,150.92556487747873,3.177979330003989,6.0
147100,1.503675496904072,0.6098948536112464,-9.164710458507733,0.0007597399947068244,0.02433221686142565,0.011602985426784864,-31.502523079439122,19.19930945257569,26.028714422888385,150.82334627998418,0.2734290781961999,4.028595083730092,28.638967620589547,77.23476474328609,0.0,25.917702412056883,150.24664537356907,2.271948828026232,11.0
147200,1.1249727066178108,0.6000637982930956,-9.02657413217456,0.006332131892456952,-0.0001963461724048968,-0.002249382127001068,-30.948225231517814,17.20407309842519,26.81763408710477,150.84412737107036,0.2734290781961999,4.028595083730092,28.638950064958685,77.23479859042139,0.0,26.05267245225635,148.38728378837902,1.5016635966351102,13.0
147300,1.4557356065274123,0.931252281435025,-9.657098046001733,0.007766852920159375,-0.0015510962613534815,0.013422493404698107,-30.87600661220686,16.72584664079948,27.173523096383583,150.83850274178573,0.2734290781961999,4.028595083730092,28.63890143615118,77.23481515441257,0.0,26.31700671118685,145.93366281135573,2.181173500830216,8.0
147400,1.6922437622986413,0.6357185972634182,-9.537857861975999,0.004079380408002929,-0.002862675836154147,-0.012241537178478576,-28.92552637063799,17.624065940271706,26.04864075658503,150.85078116449031,0.2734290781961999,4.028595083730092,28.638931001805204,77.23480476541961,0.0,27.733635928789578,148.6737682789166,5.678720611395308,8.0
147500,1.6268482406645326,0.865926193232183,-10.2121343038466,0.0017647817241949254,0.01305932716343269,-0.00302425395225932,-30.25232248754409,19.03911718913917,27.659444865069688,150.83931321423842,0.2734290781961999,4.028595083730092,28.63893641320957,77.23479808716309,0.0,28.36774234359951,150.8952652484983,3.925056623970215,7.0
147600,1.543636336517923,0.7413030333048355,-9.706151440559589,-0.01964188523439854,0.006502743702804512,-0.02287962152465824,-33.6125473666026,16.1939428736171,29.276981417807903,150.8371923404446,0.2734290781961999,4.028595083730092,28.63891471718652,77.23483815926143,0.0,29.95156193137754,151.7518344558307,2.235097193281884,9.0
147700,1.642756243221431,1.3810268306429796,-9.314564334171662,0.00018651847752495544,0.0036177797278463854,0.004783451296284243,-29.88345828691337,18.323141912042985,27.362504943399568,150.84690950194,0.2734290781961999,4.028595083730092,28.6389406398586,77.23483040450559,0.0,29.49375235759392,146.65572926256178,2.3219158791507857,10.0
147800,1.9243000787159188,0.8987391197257614,-9.590774199522789,0.004437875226962032,0.01404922980881538,0.0036093837228766035,-29.42767194596002,17.982414633131096,26.750920719338993,150.8549871550271,0.2734290781961999,4.028595083730092,28.638902147140477,77.23483954683356,0.0,30.428533909638144,150.50786672397933,1.646544833551225,10.0
147900,1.7298916391562418,1.303908061352287,-9.904757047117837,0.007383551275985559,-0.007814782153546324,-0.009074439345325376,-29.480014641878963,17.612193739630644,26.492586634217638,150.8545820501469,0.2734290781961999,4.028595083730092,28.638918024575396,77.23485316334896,0.0,31.458855462484813,153.59595745370925,3.5456089252734566,7.0
148000,1.3466033161579705,0.9963709222618977,-9.988847026319345,0.00010954472891925443,-0.006082582935445881,0.03428369697769178,-27.32709820002924,15.34625218922061,28.108478982633397,150.85769981171782,0.2734290781961999,4.028595083730092,28.638882613113385,77.2348346716953,0.0,30.950686127681536,154.2397727573912,1.8830002583174195,12.0
148100,0.8690937132607045,1.0085403155667116,-9.347706087543324,0.020201193435808795,-0.013367343618031716,-0.0024361242502456935,-32.46663216068462,12.946814258747224,29.76779646549811,150.8538487911513,0.2734290781961999,4.028595083730092,28.638853537116788,77.2349023656504,0.0,33.172109314698524,149.65378771533446,3.958090343660237,11.0
148200,1.1017524255890832,0.994983736708661,-9.641067777544881,0.018021496361700924,0.006191166376019295,-0.00871194661346254,-31.516808440596936,17.051295214963364,27.685231818640844,150.84749299315087,0.2734290781961999,4.028595083730092,28.638869471722675,77.23484542730432,0.0,33.17820034696295,153.17783268786675,4.54967618139685,10.0
148300,0.025042471449463324,0.7125963511894962,-9.47607839777479,0.02256232625245057,0.011912292286849011,0.013914423356129597,-30.66898724798141,19.109447575148565,29.53889454231443,150.8439157334165,0.2734290781961999,4.028595083730092,28.638857837394358,77.23480826961975,0.0,32.304089421874714,153.86061699050433,1.7151419500140905,6.0
148400,-0.16624640158026915,0.9752852377178753,-9.99025375362076,-0.008174197399624043,0.010231468426585698,0.01225395020905172,-28.07931810757013,17.57495476257665,27.94455733534008,150.82188559564503,0.2734290781961999,4.028595083730092,28.638833977290208,77.23491478975036,0.0,31.845845593812186,147.62551505153044,4.53390950828774,13.0
148500,0.20251910977289056,0.9420515346699054,-9.188606442588766,0.0029995599915338786,0.0035656581116310674,0.007655416039442636,-27.416119706039645,18.992337473281456,29.34369395546088,150.81207791596313,0.2734290781961999,4.028595083730092,28.63885115920342,77.23489147827584,0.0,33.019012854241694,154.08459373738606,3.8598178601689455,9.0
148600,0.2427137741916419,0.9157039296853893,-9.727974261122604,0.0083765378876648,0.009654217868168731,-0.0047604226672150135,-30.395982689991836,15.194729079853854,29.92161612170156,150.8179174832689,0.2734290781961999,4.028595083730092,28.63884542082353,77.23488355124059,0.0,32.373120876457186,153.8089648389482,0.29197427399489584,7.0
148700,-0.7210701318749307,0.8994613958109924,-9.845992290726523,-0.009399842553040081,0.029395288544665426,0.004574701806653181,-30.007992980118434,15.745980571384397,29.21073215895765,150.81898994409522,0.2734290781961999,4.028595083730092,28.63886859735916,77.23492918120684,0.0,33.51723803930661,151.27041458364013,3.9283135746998763,8.0
148800,0.33692109990670616,0.9820024143567565,-9.737276494692022,0.015090098514808182,0.026127384937783917,0.008376466574026444,-29.819073355197414,12.897014230750685,31.1808767254222,150.82995953212173,0.2734290781961999,4.028595083730092,28.63882568093827,77.23484246993654,0.0,32.834329117027714,148.79073025838025,1.3175286513877738,11.0
148900,-0.1292567742285321,0.3757977619585156,-9.611365856688384,0.00880160130303081,0.018707808292491232,0.010034399357163794,-28.107089920389903,17.647441893662165,29.16116422562893,150.83101801772122,0.2734290781961999,4.028595083730092,28.638840209330723,77.23486899707392,0.0,33.80489071186768,151.15737285219828,2.6402411644130916,7.0
149000,0.5840174775781504,0.021854430847420225,-10.022382890721763,0.007121149674439416,1.8799282249857066e-05,-0.010706866088284866,-30.89693380137815,19.362803896023106,24.99239925134477,150.81527153359184,0.2734290781961999,4.028595083730092,28.63884121009884,77.23489361893293,0.0,33.58084715286207,153.3436754476206,2.9986724380544385,13.0
149100,-0.07000161972469114,0.48157722958643057,-9.273978247123877,0.014348231366280103,0.006682359843378947,0.024412096213528404,-33.17420006448735,17.97863469975341,29.455592350952813,150.80660092442434,0.2734290781961999,4.028595083730092,28.638810814672755,77.23494533312687,0.0,32.76719907154455,147.88200579586774,0.6752699147033487,11.0
149200,-0.006430493611826932,0.7102729099092523,-10.44875014845887,-0.014983469348989975,0.0031609229267887872,0.011019783834792105,-33.09773285067655,13.653903666406631,27.36559897259395,150.7975880759191,0.2734290781961999,4.028595083730092,28.638794193928092,77.23492134570725,0.0,32.67941070425312,150.8586558554103,2.169172552752004,10.0
149300,-0.07193086922064196,0.5209324251610302,-9.848675766584645,-0.002061026487827535,0.011006476077245864,-0.005182953334596174,-31.670108080690195,15.090713305137962,30.107596043515958,150.79386687868046,0.2734290781961999,4.028595083730092,28.638762180519713,77.23484753971259,0.0,33.12790026247366,149.33957785707904,1.4887431830523319,6.0
149400,-0.012137795310425054,0.4413373303556189,-9.223017046207179,0.01777363556434915,-0.003798923332285966,0.011018845824377529,-34.64258458093234,18.67945184488035,28.3035294131828,150.78481589830034,0.2734290781961999,4.028595083730092,28.638848585018426,77.23492922694084,0.0,33.415023897733974,149.65490332066938,3.713690125635137,11.0
149500,0.2992663029597698,0.3820171265762063,-10.096049001671625,0.00016368572473034974,0.007900192439705751,-0.010815969456186042,-28.959777191862354,17.37760703897844,27.8059615091303,150.77627093857245,0.2734290781961999,4.028595083730092,28.638822020887126,77.23493415092398,0.0,32.74478541728942,151.5374327414334,5.600551290722082,12.0
149600,-0.8694372190760278,1.05261229335334,-9.766630576488101,0.0009622702593763523,0.005527952854777351,0.02281390563062309,-32.785364418086445,17.15987338100973,28.506164878556223,150.77785268755153,0.2734290781961999,4.028595083730092,28.638757731683267,77.23493393387461,0.0,31.93318697992677,150.37593167949237,2.6299800670372626,6.0
149700,0.1469676306079813,0.35518320329746833,-9.840028323089827,-0.011010485378243902,-0.0021126492464209447,-0.002782366101078481,-29.278242939023023,15.771447474998025,26.84628714363639,150.77504991848178,0.2734290781961999,4.028595083730092,28.638785540026213,77.23491405523572,0.0,32.30786896036253,148.9472379394689,4.169759195240897,12.0
149800,0.035018058530689324,0.5441731262892341,-9.591540312075733,-0.0034945119787546377,0.014334666361108334,0.0047450819860812695,-32.68369081748839,20.675213824585658,28.146294909085377,150.79312070227098,0.2734290781961999,4.028595083730092,28.63877485157783,77.23493768016492,0.0,33.02781128531146,148.0089896927403,5.716794654048878,7.0
149900,-0.07871455277038747,1.3431624560625415,-10.288163979505915,0.002196205704952528,0.0025360764834829064,-0.011478611568839255,-30.15449617840469,15.930468671110944,28.771395888472753,150.79138196805116,0.2734290781961999,4.028595083730092,28.63876404465185,77.2349558651845,0.0,32.54967318525422,151.86422855043875,2.3235773009638923,9.0
150000,0.08779340843386403,0.41919425496965157,-9.292915211873828,-0.009927061828871788,0.012244478880627303,0.006372735312077793,-31.882673407018252,17.750067098493606,27.92956305953162,150.79067994609917,0.2734290781961999,4.028595083730092,28.638770660824058,77.23497717355063,0.0,33.84823258962585,147.24726599293052,2.1900390112420594,11.0
150100,0.2656029620033542,0.7918362545688659,-9.98248580422893,-1.338796968446826e-05,-0.005756375964695088,0.01590315081370643,-30.047629878317906,13.616180365517408,27.780760984181317,150.78314088362438,0.2734290781961999,4.028595083730092,28.638784769957322,77.23497036877447,0.0,32.8377919991925,150.24170079740455,3.9615391527113144,11.0
150200,0.44415444010021093,0.20989421333739505,-9.722600195445986,0.009657502140003753,-0.003782564207081983,-0.0012389202655931856,-29.003903645372446,18.992462472676085,27.20313788387178,150.77519128831682,0.2734290781961999,4.028595083730092,28.63877864511252,77.23492353992455,0.0,31.987092240480592,151.21191793939363,2.8850047359547766,9.0
150300,-0.42307013993173725,0.6568406827097887,-10.049180144426192,-0.004810321543937576,-0.0009183890404216412,0.0008555275626546083,-31.92624152695215,11.653525681572125,28.00875049322553,150.7857425060074,0.2734290781961999,4.028595083730092,28.638738377190016,77.23485696329502,0.0,32.16759008929162,148.94962408892087,3.3161203008431333,11.0
150400,-0.46364264930028437,0.4529150800259206,-9.769369425051458,0.0173217056881809,0.005299485280039795,0.0012069232484761272,-27.631937084005376,14.339597474766043,31.16598806383579,150.79311218097055,0.2734290781961999,4.028595083730092,28.638698721105914,77.23496317187423,0.0,32.45699448867298,148.82473392875778,3.5436260655435428,6.0
150500,0.18940337986562653,0.3400500937504798,-9.049417682314672,0.013306645422473715,-0.0024126116563353336,-0.01664973745848133,-32.075289457568076,17.461917871461523,28.243430179719773,150.8079497446799,0.2734290781961999,4.028595083730092,28.638770785344082,77.23503171337838,0.0,32.61343709787436,151.10937772727172,2.172624725764635,10.0
150600,-0.1969998501847821,0.5800395540776323,-10.055045644345222,0.01678003528870626,0.0004617853990771664,-0.0035216806778747643,-33.53627795371875,16.269680236394663,30.45765110404157,150.8082367221566,0.2734290781961999,4.028595083730092,28.638720840474704,77.23499182365016,0.0,32.85037488473717,152.60568371999187,2.5033743717282966,7.0
150700,-0.2886658735633778,1.1580861301627532,-9.858489383191255,0.016854926533661038,0.018057818880920118,-0.003815157775483375,-29.725118084420096,18.729997676646548,26.991815146162597,150.82115449647247,0.2734290781961999,4.028595083730092,28.63863987839872,77.23497071414087,0.0,31.686005793392894,149.47583428434737,1.0788751868387343,12.0
150800,0.6059266420175862,0.7071001909311798,-9.667982173038453,0.0025813275403471572,0.005516715442192183,-0.004299669899803092,-25.813122404068828,12.51085714500048,30.720163941481147,150.80945788990942,0.2734290781961999,4.028595083730092,28.638696774310738,77.2349559683923,0.0,33.00909354732822,153.90099812910842,3.6583607911440517,9.0
150900,0.3164234286109988,1.017089114562728,-9.902292425665161,-0.012145549494569162,-0.0021850176267361916,0.0018521614481300996,-28.741976626511114,16.412114752650794,29.73360770514978,150.79786839096988,0.2734290781961999,4.028595083730092,28.63870907835382,77.23500586688954,0.0,32.531266272377444,152.14194877214752,2.2857241521459706,7.0
151000,-0.41756620396434635,0.6680374523381218,-10.185784668994053,0.014057367955502352,-0.005614365924900506,0.0015265614695483144,-31.673396673996024,17.462981544864583,28.91608934146121,150.8076125779169,0.2734290781961999,4.028595083730092,28.638681270080088,77.23499587673945,0.0,32.40242774519659,156.1229526519659,3.329434825191834,13.0
151100,-0.05376258982960071,0.82425502879414,-10.04064930949802,0.009326235150285396,0.0067128885435109266,0.011740377180957755,-30.43218645819158,19.300698179914928,28.27967221302969,150.81251428944162,0.2734290781961999,4.028595083730092,28.638678561572437,77.23497734207994,0.0,33.455347824406196,152.12865434040756,2.4670863714359723,11.0
151200,1.063328680455842,0.19044819686099457,-9.213957619403475,-0.002775395392486984,-0.009205191801919185,0.017507529172294367,-30.42271389677693,16.810476465586383,27.975662132342645,150.82207615848387,0.2734290781961999,4.028595083730092,28.638686646830628,77.2350463873671,0.0,32.978135903921384,152.46226568342612,2.727257357598013,12.0
151300,0.37739927731553635,0.13803581468728732,-9.736712065510531,0.01544382183844182,-0.0103152501458144,0.012987070515611158,-31.11291964804901,14.08315891530791,30.850440900465152,150.82884369404795,0.2734290781961999,4.028595083730092,28.638647749483646,77.23492303360543,0.0,33.44905514196918,151.1766510869651,1.8473907827177238,11.0
151400,-0.1301578983935331,0.40502656387193686,-8.859626885338287,0.004009168316538914,0.007070683075525714,0.003939182537345135,-33.37881276390556,15.242377360001475,26.711625719921674,150.83274674399988,0.2734290781961999,4.028595083730092,28.638697307046865,77.23501062397064,0.0,33.15632266567766,150.9160022545215,4.339462279440685,10.0
151500,-0.5824341074479278,0.6048474080544723,-10.108376596925735,0.022265398144849794,0.014023671953296988,0.0030718683579810755,-30.179645567998794,16.846828368331213,25.15488976545572,150.84069424297425,0.2734290781961999,4.028595083730092,28.638650271687624,77.23497834590573,0.0,32.37983647597274,148.48093217172584,1.7668464372213901,6.0
151600,-0.17485658834000228,0.5872827040243666,-9.996431359053997,0.023277785468788174,-0.005379294923615556,0.00783338198890693,-33.55025145960425,17.458041891533934,27.779462614752006,150.8388401067282,0.2734290781961999,4.028595083730092,28.638603001364757,77.23496098908392,0.0,33.25731641936297,150.59668971875104,5.795005434186443,8.0
151700,-0.6911474317271371,0.477652176096969,-10.177928765304689,0.01278054461646232,-0.0004891675931058921,-0.0022992257978283596,-31.273949761970336,20.992268701144475,29.800622434349055,150.85737021551824,0.2734290781961999,4.028595083730092,28.638637611242597,77.23502788565546,0.0,32.37010692158653,150.95448615636118,0.963003278954111,8.0
151800,0.29077867234771276,0.6792934355997243,-10.163522674173377,-0.0004899927148192236,-0.0030779148688460474,-0.0027982606491981734,-28.898433698184878,15.036062968574024,27.764103058487343,150.848968797208,0.2734290781961999,4.028595083730092,28.638637951598252,77.23503523553184,0.0,33.04423362041811,150.03488239617772,2.2444376724580986,12.0
151900,0.08576314984454445,0.3959285987732822,-9.248952316607294,0.01177376215698505,0.007389938914629836,-0.005603765478424291,-27.27096432088498,17.37573841803806,29.347865193713073,150.85161418448257,0.2734290781961999,4.028595083730092,28.638597237025166,77.23503030899737,0.0,32.168706850463025,150.2264908833265,1.4731362882161192,12.0
152000,0.0943257312047853,0.5692038319955084,-10.083605686392218,0.006265544928671676,0.013462702629123299,-0.007769280550755885,-31.18173660766688,18.120836133000825,26.419767173598316,150.85501895683404,0.2734290781961999,4.028595083730092,28.638649404971623,77.23503816674004,0.0,33.93916043500595,149.67245374519044,2.3921468038760154,8.0
152100,-0.01721153550405545,0.5469414237417578,-9.304147314774054,-0.0011300422939656994,0.013260606618716458,-0.0012049492723665307,-32.002108954760075,12.412628103293496,29.73768703728815,150.85464864022907,0.2734290781961999,4.028595083730092,28.638604649099282,77.23507668358737,0.0,32.554236209201626,152.69984580406847,3.106056495787525,10.0
152200,0.21688922619904394,0.4936595318201937,-9.681995233652147,0.007446421177411398,0.018638787674622882,-0.0035709862841656215,-30.103796687364216,19.289568151686254,31.73691595715847,150.85912074562518,0.2734290781961999,4.028595083730092,28.638596645667125,77.2350342063452,0.0,33.590138227719386,150.25629535295968,3.6082955710780444,11.0
152300,0.5748835583571794,0.5780032702571053,-9.995043430012396,0.015666575738045824,-0.01012252405951344,-0.020739896113142656,-26.072189530238497,13.804094239052095,25.64746886932567,150.86713605368627,0.2734290781961999,4.028595083730092,28.63859734882123,77.23503750578202,0.0,32.85031610638773,146.1388442413561,6.954571033870399,13.0
152400,0.14627047424028683,0.7171177638373821,-10.001673882562953,0.005507267652192705,0.011798671022370175,-7.861504223977936e-05,-28.9248147381944,17.30971077157351,27.356639646248414,150.87175666849768,0.2734290781961999,4.028595083730092,28.638537963524477,77.23506495258577,0.0,32.79845792633077,149.7332443217498,1.5755048791112494,6.0
152500,0.13933339956390065,0.889143124305752,-9.477595466965672,0.00013710452551719734,0.009496500055062706,0.008225520638997208,-32.45598257723123,16.02398087438811,31.154025382587612,150.8665327008173,0.2734290781961999,4.028595083730092,28.638605021898172,77.23507523881204,0.0,32.551239292404006,151.9374263150477,4.644978150862949,7.0
152600,-0.46742792290558866,0.5953660177518336,-9.33901839890893,-0.011100326580509273,0.004910865797268097,0.002574205115755379,-33.14810228636888,15.39481570367929,29.48638505122615,150.86658943917996,0.2734290781961999,4.028595083730092,28.63860247352206,77.2350655658202,0.0,33.612115332595955,147.92990700626189,3.355241046912571,6.0
152700,0.2282324907345473,0.5197454763477483,-9.550307939855882,0.011715976141578564,0.0022794993219866725,-0.010724964009589116,-31.732124749333526,22.50779665975779,28.057115826257952,150.8710947401815,0.2734290781961999,4.028595083730092,28.63856389790766,77.23504472820278,0.0,32.05695936835906,149.19401062625658,1.4217918536151353,6.0
152800,0.029106525431871474,1.314766768506733,-9.39390335177576,0.003164718623501387,-0.00861905904333719,0.011594532076222684,-30.62161008701958,16.001557066623924,28.887325356985432,150.88356688616267,0.2734290781961999,4.028595083730092,28.638551928803174,77.2350891418138,0.0,32.79086966794308,151.7594290581453,3.3336438740034335,13.0
152900,0.4889143100508962,0.17181836428662928,-9.793253158967644,0.018229398737621097,0.020244790485978877,0.002184380457001843,-28.504260885481024,19.61219482195304,29.958941436853944,150.88765036506007,0.2734290781961999,4.028595083730092,28.63853289841418,77.23508323100978,0.0,32.62697413005044,152.08327549302282,3.033278553751538,13.0
153000,-0.5914998639573785,0.5090496125772562,-9.626320436274787,0.011241159973550855,-0.002332366901169447,-0.0151852107210208,-28.965464540189128,18.001566054882826,27.358574364242305,150.88838305822864,0.2734290781961999,4.028595083730092,28.63852384359351,77.23513812056947,0.0,31.867142042147716,147.99169004616223,2.416366032509744,10.0
153100,-0.033406880004497874,0.9300537093437439,-9.868366502801662,-0.0004029386008512362,0.0018827794416401032,-0.004372313544010162,-28.221473657101868,16.10402954454573,31.668791023590032,150.87636533769313,0.2734290781961999,4.028595083730092,28.63851925036621,77.235063987037,0.0,32.86503677837318,148.0685533839612,0.1463747825641568,11.0
153200,0.43926086863843455,1.1257248171668701,-9.684016906848315,0.003439555610081541,0.01496230633006573,0.0038103929755037933,-29.411792803286833,13.876080231284933,24.187513258312343,150.88273550488705,0.2734290781961999,4.028595083730092,28.6384966129637,77.23509931624571,0.0,33.07671564268546,152.94231572461,3.4962910982297344,7.0
153300,-0.03251469842493103,0.7288519970053055,-10.124339496721104,-0.0018807593029036536,-0.0022908357426624556,-0.003875490905422104,-29.70760273037317,13.809002215997884,27.38809579813097,150.87294313088796,0.2734290781961999,4.028595083730092,28.638454594842894,77.23508597634323,0.0,33.204850071686685,152.607657380408,1.2839695432233171,6.0
153400,0.2148113766403138,0.30936144914550046,-9.95944878553787,-0.0003301591404427009,0.016173019321822222,0.005940705541286022,-29.466656646938297,15.809604746276289,26.150302383810324,150.87082663572133,0.2734290781961999,4.028595083730092,28.63847516551239,77.23505361647068,0.0,33.08068462554906,146.83247239416798,0.5261546787532367,9.0
153500,-0.5188553473627834,1.132754191251517,-9.521983685157414,0.02164011088649385,-0.009429832048640042,-0.002041257639672456,-29.045463146454992,16.532411369785155,29.062595890784923,150.87329147938297,0.2734290781961999,4.028595083730092,28.63848568530214,77.2350779855368,0.0,32.32536324368992,148.47459477205786,2.6748915518340866,8.0
153600,-0.345826851684562,1.1115176226180585,-9.830175204872837,0.030289148628512196,0.01077921500924713,-0.001985272983280288,-30.560431085768368,15.44321907352193,31.167834681723864,150.87354111045678,0.2734290781961999,4.028595083730092,28.63849116866996,77.23508576665816,0.0,33.24121380470375,149.85683822630475,3.9718935362687633,6.0
153700,-0.08023385952119147,0.6450779526326242,-10.040872313139072,0.009505058951420033,0.0019027324741516987,-0.00546778475251911,-30.881923121369322,18.912564893882113,26.133356882229574,150.86861485415187,0.2734290781961999,4.028595083730092,28.63846583091461,77.23517345263406,0.0,32.38186007020422,155.0180781182317,4.9680516836712485,12.0
153800,-0.15490296954343494,0.534013157977004,-9.348558285499966,-0.00881814850594723,0.005477147340669114,-0.011072516510564442,-28.178730239778112,17.64477673385711,27.96968396959431,150.86848894540617,0.2734290781961999,4.028595083730092,28.638462310876104,77.23508375791025,0.0,32.44316353511437,151.9169890018117,3.957085479238192,10.0
153900,0.2699191900223116,1.1970912876448694,-10.169505449258347,0.0012193188024412173,0.007323863939195075,-0.004605261560192411,-29.687853321077863,16.04409725439164,32.29473111432909,150.85828247353436,0.2734290781961999,4.028595083730092,28.638468402250016,77.23511815414504,0.0,33.434102339635025,151.9796186973129,3.9468458478503035,6.0
154000,-0.25131097936444874,0.3930989022497038,-10.00613342735541,0.00854828678705583,-0.009315413801882198,-0.004211423223099099,-30.35095308822592,17.18399887915431,29.62803436944046,150.8569569436984,0.2734290781961999,4.028595083730092,28.638462188784903,77.23508266012513,0.0,32.756018427939885,151.82342042108476,3.383512330601339,9.0
154100,0.24623499942393912,0.0770507735517505,-9.479385656266778,-0.002501431784281212,0.006919401591663087,0.010750758854133787,-34.34803912512207,17.748615435741023,29.320256497080475,150.87535639117573,0.2734290781961999,4.028595083730092,28.638481225934143,77.23511943474308,0.0,32.862551596808956,151.8866959035293,0.8707811624128166,8.0
154200,0.4019367704164302,0.10853471747610688,-9.422505436903291,0.011159183010809086,-0.0026346177160495535,-0.0031403990879491674,-28.808482895264426,16.18699239669252,24.222778913420953,150.86889302490985,0.2734290781961999,4.028595083730092,28.638454773701003,77.23507849954679,0.0,32.72398637386191,149.7649949365978,4.5714036484972524,11.0
154300,0.43422956920651523,0.8070410698916282,-9.450699049767785,0.004891975310085701,0.008967114995962719,-0.009761221513626836,-28.76372342148858,16.280996980608997,28.735119130321984,150.8707952365142,0.2734290781961999,4.028595083730092,28.63846859357402,77.23509880726162,0.0,32.255061492737035,152.88986199991314,2.449635355288464,6.0
154400,-0.24453054216857714,0.5049040693453224,-9.782523930198574,0.006103344509561993,-0.00043075686441236983,0.00011901770100831142,-32.035870590585056,15.36302376891049,29.20899479590698,150.87251072399593,0.2734290781961999,4.028595083730092,28.638443969980806,77.23515828043297,0.0,32.46562669098664,148.46150801768076,3.2475210884764043,8.0
154500,0.15948021321829609,0.9903441777923639,-10.193902530739358,0.010662965927136402,0.005433221551826951,0.021906069780668898,-30.45250166253027,17.797244533961553,25.47547061191773,150.88005588879338,0.2734290781961999,4.028595083730092,28.638425330638462,77.2351363746206,0.0,32.13718492203607,150.1780260409453,2.9912080694849728,12.0
154600,-0.1056785527614088,1.3064071310053011,-10.378999157319345,0.009968267003029732,0.0006427240851141682,0.05154700841735517,-31.465054428128827,17.876435485361974,29.16701760038455,151.15677993047353,0.2734290781961999,4.028595083730092,28.638440400425385,77.2350921828948,0.0,32.42373380670538,152.68755754371023,2.365484498137305,6.0
154700,0.2273615257486514,1.5831588464382687,-9.77361306277019,0.0019373955741819886,0.0008160167350467727,0.051640056783307055,-31.095841723750016,18.626502862673778,29.97119856750801,151.44895148923723,0.2734290781961999,4.028595083730092,28.63844768884174,77.23515892239026,0.0,32.37513054418746,151.7217694131241,3.881051994701105,7.0
154800,-0.5191018625804359,1.4909260617021136,-9.755034980101097,0.006619818149064066,0.0023902200706067836,0.06561735721859216,-30.780064269333295,15.502300510195596,26.77467656539799,151.72620112310838,0.2734290781961999,4.028595083730092,28.638377780158308,77.23519221392323,0.0,32.40175692134008,149.4605836878025,1.1651743798594758,9.0
154900,-0.1897173644409323,0.8113017440256456,-9.640583961089298,-0.0003381098910503113,-0.0028664531830272936,0.053241274446220135,-31.308832797323557,18.60337773108403,29.53285701189542,152.01199619368316,0.2734290781961999,4.028595083730092,28.638397240529684,77.23520647724808,0.0,31.953292544070727,151.9655111478347,3.859320303011838,13.0
155000,-0.13536157103627128,1.539714180070482,-9.833879846056227,0.009304006922012872,0.010104078471264492,0.03969565736555356,-30.261512935392123,14.645786659183445,31.549816953324836,152.27692044086703,0.2734290781961999,4.028595083730092,28.63842967324927,77.23521807925022,0.0,32.70960509435288,153.40715199142699,2.3906292884458713,7.0
155100,-0.42636273358731813,0.7560175860622752,-9.411446022928468,0.02279506193998417,0.004625168048079414,0.06546399357322087,-30.393621030373147,15.752584220096933,30.557398557022463,152.56037979406858,0.2734290781961999,4.028595083730092,28.63845154945463,77.23517116526293,0.0,32.79414876215344,153.0267248289678,2.3989647198971955,9.0
155200,0.4907915755994691,1.5263404278566726,-9.582186574313956,0.008292823370933709,0.030169236531207465,0.037677993000082205,-30.20163728030619,13.658882315845652,30.606773487825855,152.83289234165153,0.2734290781961999,4.028595083730092,28.63838328802169,77.23516557897003,0.0,32.55593923152295,151.286064230022,1.7788854332224315,10.0
155300,-0.3118388824056449,0.4898009281411507,-9.49317173342917,5.413175483812496e-05,0.016352883633436403,0.03853937646621866,-30.50072877636733,15.777678688319913,28.304889962039624,153.13098117727995,0.2734290781961999,4.028595083730092,28.638423253240248,77.23519998165155,0.0,32.695860843345265,152.59743077392068,5.4886556293316415,12.0
155400,-0.35057300513915884,1.2696570080524052,-9.512051094611664,-0.010225977476616209,-0.00961314088255347,0.04803690241232217,-31.762116044377525,17.972529938134482,26.468706804212125,153.40076790045737,0.2734290781961999,4.028595083730092,28.638372109325218,77.2351756440397,0.0,32.97848073952376,153.18793936373055,0.997799691714941,11.0
155500,-0.8706545981255593,1.202958952729641,-9.84724385590763,-0.0058021191621198875,0.0007590010699667152,0.0538381530011891,-30.096105577063543,14.947469414182459,26.982892213214658,153.6700869644057,0.2734290781961999,4.028595083730092,28.638345413216648,77.23517005198025,0.0,32.765074264801896,155.86677732505447,2.424067218163896,11.0
155600,-2.0546553214985877,0.5988983619604841,-9.340170103745209,-0.0022683569087163,0.01993088127384735,0.04410255747739754,-32.465862650915675,15.325939021803375,28.097710170207073,153.93949719013125,0.2734290781961999,4.028595083730092,28.63832777593872,77.23519858851617,0.0,32.228035123827205,155.5220451996691,1.9593714060705159,7.0
155700,-1.8840973251582678,0.9285241946980303,-10.214289599540372,0.018049283430559473,-0.014140842997441144,0.046263149769449625,-30.129462236252678,14.914517885534927,30.509163571451026,154.21541443576766,0.2734290781961999,4.028595083730092,28.638346838551055,77.2352553637883,0.0,31.24329411925961,156.1456744429419,3.6673110789834196,8.0
155800,-2.27743860285861,1.315412182043672,-9.624101864889925,0.00900975100552911,-0.005085526123343133,0.056580097212959854,-33.655345011968265,16.72974434654227,30.388481142417948,154.48926786967164,0.2734290781961999,4.028595083730092,28.638308448199556,77.23512448530279,0.0,30.765605604643568,154.49943582003655,2.730136722688423,8.0
155900,-1.3524187374185537,0.7422885552836236,-9.625418254614381,0.01347349259104055,0.015596029727170398,0.03938696234390508,-30.319192045933463,17.14320695410411,26.269959697056592,154.7682775625026,0.2734290781961999,4.028595083730092,28.63828956149485,77.23521424474619,0.0,30.937846685375156,157.6050535502746,1.8455516572112078,12.0
156000,-1.671032907476545,0.3931498168304126,-9.60449605556076,-0.015372149866357022,-0.002144046419158597,0.04239972337450189,-30.30655839650764,18.644608889661605,24.62721673501369,155.03757965613298,0.2734290781961999,4.028595083730092,28.638328475657076,77.235243137046,0.0,29.91490044455076,156.66673506502372,2.8310963263957487,8.0
156100,-1.732271542191917,0.5530225894045165,-10.396614338624044,0.015515667736600569,0.013697885564257176,0.051191808303491904,-30.208773477745567,14.239959017994678,25.201965151174996,155.28896900129234,0.2734290781961999,4.028595083730092,28.63831478845433,77.23520064303698,0.0,29.67274705025359,157.4382537255311,3.265478822011898,8.0
156200,-1.895553976320168,0.9593627362919334,-9.320180728673982,0.007269896126090112,0.014389053088647675,0.04668251061375512,-31.88796105403315,14.426039459973307,25.372050047723757,155.57797599654717,0.2734290781961999,4.028595083730092,28.63829359207578,77.23527938112848,0.0,28.272131841336755,155.66378651062152,1.870344458054024,10.0
156300,-2.350656503626618,0.868520771692869,-9.708415395611148,0.0063677194465228005,0.03446832811146741,0.03881297007070835,-35.15492286278365,10.933634733594936,28.175897313849266,155.86214827089154,0.2734290781961999,4.028595083730092,28.63828983587457,77.23518458566043,0.0,28.056640415070476,156.2167818075137,2.4749568148731975,7.0
156400,-2.324412186188949,0.7895856330209656,-9.969021018802886,-0.002310666223623482,0.01794386317999316,0.06722645629561022,-28.519059909557182,12.647127196309293,25.687258036645694,156.1411664840442,0.2734290781961999,4.028595083730092,28.63830386737837,77.23524591176924,0.0,26.681366534092966,155.65426676887222,3.0385339283300583,13.0
156500,-2.9855865150903442,0.731882809530931,-9.60225045251898,0.02756496497305699,-0.0069518361809924175,0.04969778741782097,-31.248041348286243,18.606336060775543,30.055237697680877,156.40811523462173,0.2734290781961999,4.028595083730092,28.638266952323818,77.23523616892359,0.0,26.1837868757831,156.2280531264667,3.2898674318138763,11.0
156600,-2.783158168273774,0.036352190956771,-9.567867489615061,0.02174596750835277,0.0052726863457968395,0.05751667976592392,-30.057690266203053,13.33610245920342,27.58320710729897,156.7156909330057,0.2734290781961999,4.028595083730092,28.638258768741675,77.23522573346709,0.0,25.64164824060945,157.60114222816105,3.7898996042953463,9.0
156700,-2.80833983797277,0.6636937854297096,-10.283234804070405,0.00786762392239898,0.03254812089499759,0.04353520233360942,-33.93662500497849,15.680683327741576,28.06708757101163,156.98925345859809,0.2734290781961999,4.028595083730092,28.638288993829775,77.23528625725754,0.0,24.412230878877775,156.10843549143863,2.4072303078806847,9.0
156800,-1.7894299850634394,0.4670021886286665,-9.662013268080202,-0.01803735962080239,0.003270598029358764,0.046232514452079196,-31.606358264341786,10.329179142953457,28.226149799149333,157.27338805118117,0.2734290781961999,4.028595083730092,28.638245067407496,77.23524998754816,0.0,23.00407530117773,155.77359165154138,1.255195255429102,6.0
156900,-1.4251205425835294,0.9371566448821793,-9.669729439022856,0.015043078830692346,0.005895562878579216,0.061212527666061174,-33.1892560619767,15.650825072451491,26.836800981082078,157.53402819482216,0.2734290781961999,4.028595083730092,28.638239082406248,77.23528727412814,0.0,22.4903090719321,157.86712651949873,2.148067473217722,7.0
157000,-1.9497180001958623,0.7687100649856481,-9.433306451948766,0.008205948541212899,-0.004387428956313433,0.05500035059275012,-32.95540626039461,13.290715161934802,29.703827462375976,157.82601609872287,0.2734290781961999,4.028595083730092,28.638258610568478,77.23523359227444,0.0,22.499891618552635,154.10196212991943,1.4771747348291022,7.0
157100,-2.1523173951272736,0.4711946836215524,-10.243477189908443,0.014655586751782235,0.009313970540514388,0.05113117888890878,-30.838890755559923,14.118407449729256,28.09304217942451,158.0934966416158,0.2734290781961999,4.028595083730092,28.638325660085197,77.23524669441706,0.0,20.900057377864496,161.30378456044568,5.837147645088576,6.0
157200,-2.1477972438232187,0.8194693473575025,-10.016888168705284,0.007843133776189556,0.0013172836516572735,0.04947879058972825,-35.209625509225816,13.356490756619358,25.584189315786432,158.35983638605492,0.2734290781961999,4.028595083730092,28.6382489348397,77.23526370367952,0.0,19.90414982266438,160.51117974947172,3.7354182319928135,11.0
157300,-2.0552549243745495,0.5627421660439476,-10.174123367756717,0.018276735775636283,0.002395889922279476,0.05733288217308838,-29.442832245911358,12.585452127949459,29.541953594183862,158.63725387657456,0.2734290781961999,4.028595083730092,28.638267119574493,77.23522233591416,0.0,19.67917737813887,159.25129072026084,2.252466981032768,6.0
157400,-2.253548181044805,0.338910927348497,-9.893204096415147,0.02713306452207241,-0.014435307901007506,0.00732591749299405,-33.3526626702991,16.40641094451145,25.591869474861525,158.91877208760405,0.2734290781961999,4.028595083730092,28.638263898530973,77.23528327611672,0.0,19.587130342671916,160.62351148324885,4.870344537655207,6.0
157500,-2.391596165221722,0.34231067471194615,-9.638337483185492,0.013361386772837193,-0.0038263957886180222,0.0055174463306237225,-28.120165815239645,12.093902341463346,29.71980403154919,158.92127928099606,0.2734290781961999,4.028595083730092,28.63825467432091,77.23526579761212,0.0,18.217200219998226,156.35634669426952,4.354861905607353,12.0
157600,-1.9785828715230136,0.36686612928439943,-10.227596566097974,-0.0007304654308444751,0.0311770492013555,0.007931291079101519,-29.31578676546675,15.583669844169442,29.3611013830562,158.91653629723533,0.2734290781961999,4.028595083730092,28.63822946835576,77.23525139833886,0.0,17.404144208032637,160.2546138683705,4.078549714499211,8.0
157700,-1.7356047371045862,0.35002162763973305,-9.628887995060444,0.008193851022030619,0.008639236296205189,-0.0039805589190108365,-33.38190845288964,10.616528012205755,27.59624537884052,158.91025561642505,0.2734290781961999,4.028595083730092,28.6382302379721,77.235315147748,0.0,17.012483060032064,155.56745114133858,3.518130493117186,11.0
157800,-1.770940092947917,-0.26709327701119545,-9.976800653200609,-0.006535196247210087,0.02570642871804802,0.0023040248014834547,-32.050573141387936,13.099201488051653,28.34462415606062,158.91810982657577,0.2734290781961999,4.028595083730092,28.638243279064792,77.23527601099637,0.0,16.772462759883638,158.29113939437244,1.659763492899709,11.0
157900,-1.7036037177296603,0.21648046505571106,-9.742300885999494,-0.00476299049853362,-0.0006656177493014007,-0.003104735097035535,-35.54112482968005,12.19311435580401,27.752293885334243,158.90773560299854,0.2734290781961999,4.028595083730092,28.638247415931556,77.23520629974891,0.0,15.105312281814774,157.06930275557608,1.4976800720001313,11.0
158000,-1.5386845724645895,0.3550100288307892,-9.827690493489927,0.0027724940824440636,0.006005375815179211,-0.0011560358068306688,-33.247905205715746,12.140216658667406,23.987666110447822,158.90921691198162,0.2734290781961999,4.028595083730092,28.63820936790133,77.2352279381635,0.0,14.607378398113658,160.95233823953163,2.2003472218199978,13.0
158100,-1.9065351445029255,0.16901436635560263,-10.034862788373124,0.0007241647877809527,0.014000327330878623,0.008197663461440297,-29.896410353984898,11.252646709929158,28.7431110204869,158.8964987828547,0.2734290781961999,4.028595083730092,28.638231631902972,77.23529235319377,0.0,13.589453869663705,160.03815957167134,2.7836705258063383,13.0
158200,-1.7457816785827984,0.5750536983683701,-9.864450416764646,-0.00011869336880511103,0.0068387852316074,0.02843075170078116,-30.167010636313236,9.442600820770581,28.23263870148368,158.91123181037742,0.2734290781961999,4.028595083730092,28.638239098689642,77.23527462450622,0.0,13.490068349219555,159.6287101609301,3.0290179026856063,12.0
158300,-2.667962311064153,-0.1820887823250622,-9.472463808261052,0.003783885415120686,-0.008844982002536639,-0.030110699470688205,-32.27736884925006,13.023640250437865,23.953093933007473,158.90500878607816,0.2734290781961999,4.028595083730092,28.63822997629541,77.23527120250932,0.0,13.284113010960555,158.21964850881014,3.4100875522697245,8.0
158400,-2.3194009414114944,0.11052436658699646,-9.96553928444527,0.002481174785914644,0.01235512286608181,-0.009648826723210387,-33.78438105427295,12.701087145297882,28.996644900930804,158.90560557676716,0.2734290781961999,4.028595083730092,28.638205142383875,77.23524567267651,0.0,12.077835367712932,160.43615546584996,0.03480383673643761,12.0
158500,-3.357400119082578,-0.051013579681011306,-9.531801888540626,0.007827143757810913,-0.010306833503652659,0.019460058301991653,-31.09405405418569,13.25578857285592,30.46699954272937,158.91434420185792,0.2734290781961999,4.028595083730092,28.638207952673163,77.23524305045947,0.0,11.490478018153581,156.06598406408807,3.6527876705917777,6.0
158600,-1.8108579709778438,0.059076194421828876,-10.078389392333111,0.026714711656259434,0.0028307119433641312,0.0016899590520585146,-32.59653551755032,14.525826392358297,29.39799887168905,158.9151832548508,0.2734290781961999,4.028595083730092,28.638204697664655,77.23527493559548,0.0,9.619075794757807,159.3777155982431,4.203647605493089,8.0
158700,-1.6144085255540375,0.29945025977767464,-9.837440723739498,-0.004613935667224219,0.0034639339733866696,-0.0014325395433577772,-33.22977199596318,12.650364649960952,27.258488791071798,158.91066031282918,0.2734290781961999,4.028595083730092,28.638228316743312,77.23524525747011,0.0,9.654244045542567,158.75432277458881,0.12765138596356485,7.0
158800,-1.8810888012360352,-0.14509968877220475,-9.78226440206826,0.00303567463944275,-0.0036041992526129963,0.00850113520800349,-37.19658368549446,12.664508628280155,25.938143246782577,158.92716353709542,0.2734290781961999,4.028595083730092,28.638222671508846,77.23526560652805,0.0,8.997658520812609,162.09795594994006,4.354367435659642,8.0
158900,-2.50704337176262,0.5815356647776893,-9.455455744884716,-0.0017668488226664867,0.006148977435320825,0.002557772194532295,-28.808703624923613,14.60911072449281,27.599091277931446,158.92822570697874,0.2734290781961999,4.028595083730092,28.638188287666715,77.23529572596678,0.0,7.233754749392929,160.32208849742244,4.5037956133825645,12.0
159000,-3.064119481473485,0.2303664643137921,-9.354204461590816,0.011313816377206302,0.01240987671650551,0.004911785339755231,-35.83586010931579,9.369074834173414,30.072606930135112,158.92133998186733,0.2734290781961999,4.028595083730092,28.63824735836733,77.2353043585701,0.0,7.4177341804449455,159.48853121727186,5.015687632856887,9.0
159100,-2.262696319586845,0.12326400834194459,-10.416633661393487,0.018260876409258425,0.003059246089751351,0.022421765994591104,-30.954140398295138,15.255635426662877,27.714642020495944,158.93369516734467,0.2734290781961999,4.028595083730092,28.63815206301475,77.23523235231342,0.0,6.662837843809953,157.675833616732,3.416992271779125,7.0
159200,-2.514075356667737,0.7776666872035174,-9.866830615321106,0.01106367835311017,0.0008539526827410797,-0.00397888175892986,-29.33186470888014,12.857987492723995,28.19461419571383,158.93955013267055,0.2734290781961999,4.028595083730092,28.63820952299096,77.2352388838667,0.0,5.63190846503152,161.64677009029154,3.0595807506411257,6.0
159300,-2.6417150576891255,-0.0338744880728698,-9.238857701843822,0.0118776089630068,-0.011610507480367148,-0.0020932952423078897,-34.635028503164826,9.903665425067478,28.245851366845766,158.92549554143,0.2734290781961999,4.028595083730092,28.638186921902612,77.235302997783,0.0,4.627500814257095,157.4277768679967,4.563687542935239,10.0
159400,-2.477353667913648,0.48805618073666435,-10.148547856066333,0.009613602099944201,-0.0008889176070926508,-0.001665605618120812,-33.837654124765315,9.865400647588855,30.47203617555802,158.93749718196435,0.2734290781961999,4.028595083730092,28.638211229385547,77.23530111765714,0.0,3.1813131287050984,157.99385492044752,2.8790303632658616,12.0
159500,-1.920845020278127,0.6028626697246164,-9.531393974280844,-0.006125470354664614,0.012611042877756653,0.012252766302737117,-34.17161418005824,10.97827534843185,25.18073802862785,158.94233959419898,0.2734290781961999,4.028595083730092,28.638198184105658,77.23527309821421,0.0,2.1240122934737897,157.40811764975805,3.7444387054940877,10.0
159600,-1.9657564385642234,0.2647310189200585,-9.57153156498911,0.002578952791186996,-0.00875393431913788,-0.006485330217277985,-32.18754699162392,11.435306472046847,27.904321756631237,158.92528404403376,0.2734290781961999,4.028595083730092,28.63817174019839,77.23526728025377,0.0,2.0308936358220273,161.17457207084374,3.0082606777854934,12.0
159700,-1.8242642767603205,0.4082505571066344,-10.383329551341665,0.010708677762100955,0.0035406151346949934,-0.008582601164426345,-31.57912695962141,12.467991760637155,32.43738695425681,158.91897094639313,0.2734290781961999,4.028595083730092,28.638181558501763,77.23532977456861,0.0,1.5109084672986717,158.78945891391737,4.451357199129557,13.0
159800,-1.4919097807533854,0.4935079694175468,-9.661587847012955,0.007349377332320566,0.02933877832658627,0.005516727733723442,-33.72504493454707,13.697678643773097,28.377263612071467,158.91980608883702,0.2734290781961999,4.028595083730092,28.638175800138782,77.23526985873151,0.0,0.0,161.0021537111615,2.0852014454604157,10.0
159900,0.015614290435687406,0.8774352974430105,-9.910022893168367,0.009426764192322308,-0.009617556309355055,0.00975290863033237,-28.972085723824367,16.17555377342918,29.691469629559197,158.92416965546892,0.2734290781961999,4.028595083730092,28.638280384978945,77.2352413277116,0.0,0.0,157.9736622697303,3.3786213368346747,6.0
160000,0.22101340950269205,0.4952232973128929,-9.69467184796275,0.0021995937592096545,0.00586521990006467,-0.011756156663850702,-33.39976925159611,7.496437816657823,29.467186813635585,158.92412466341867,0.2734290781961999,4.028595083730092,28.63817623843848,77.23529930122231,0.0,0.90483862352627,160.3844821304293,4.165019287043228,7.0
160100,0.3076613787568931,0.39107188232171414,-9.762708402757802,0.015723968204108783,-0.0020111119717722828,-0.009478250969876903,-33.97659958215795,13.420796065951478,25.805315739761213,158.91306441875227,0.2734290781961999,4.028595083730092,28.638183825682418,77.23527338219974,0.0,0.0,155.3103208294868,1.6495097980037012,12.0
160200,0.060997076884646916,0.6114978093411676,-10.082032266174162,-0.0198326530376757,0.014921792501473411,0.00021898714488150916,-29.4110052529972,11.55898035341554,28.263811734668483,158.9138130278746,0.2734290781961999,4.028595083730092,28.63819869000609,77.23526150749063,0.0,0.0,157.92971438434333,2.6219296696250605,7.0
160300,-0.030455581041489068,0.8212605838057079,-9.741338352948137,0.006227240218538099,-0.010670972693828325,0.013828090331389216,-33.423062692204134,10.176026984818737,27.303265241963018,158.91743045546352,0.2734290781961999,4.028595083730092,28.638237754981514,77.2352701807984,0.0,0.0,157.41720454038474,7.339797672544006,11.0
160400,-0.03255306305568206,0.6855545002771767,-10.325467925890877,-0.008708409946720091,-0.011697239907107027,-0.0016897881036705255,-30.97893285500096,12.347847850016828,26.797391938058077,158.9177280807363,0.2734290781961999,4.028595083730092,28.638239203164073,77.2352493114188,0.0,0.23190275011685277,161.01033400694178,1.7966990561611764,8.0
160500,0.44058595032186204,0.668637725149315,-9.626135721848131,0.0012632401186018255,0.017317149189121247,-0.02593569411411663,-32.305841140859215,13.36174012671551,29.937720236665886,158.9358282162676,0.2734290781961999,4.028595083730092,28.638175404730045,77.23528142384693,0.0,0.0,160.52649923014596,2.4905038794281396,13.0
160600,0.3366447738357994,0.37452296612694574,-9.574186245466334,0.01273558507718344,0.005398650751587104,0.008972631209817922,-29.985788443549836,11.720642781759874,23.170247925838947,158.92336413945324,0.2734290781961999,4.028595083730092,28.6382247577874,77.23532919616461,0.0,0.020965675315878354,157.21743998876414,4.3143809398048845,12.0
160700,-0.30409677081213804,0.7874772230798254,-10.181361496201227,0.01612353343127207,0.0013756708857186354,-0.019030746989959477,-33.416139328850484,11.52087827282445,28.098594257523352,158.92457013491534,0.2734290781961999,4.028595083730092,28.63817216267467,77.23529388481016,0.0,0.6023384688591206,158.63338508386175,2.269203919557971,6.0
160800,0.18138973577024808,0.9937512470358132,-8.964707167630541,-0.004993659241052638,-0.003193585031130308,0.010428608785658596,-31.71198898883543,13.46732293948035,24.72927207706648,158.92657901217555,0.2734290781961999,4.028595083730092,28.63818958950463,77.23521121489188,0.0,1.0019338393071358,161.34709355766483,1.231033717935366,12.0
160900,0.6024120186840713,0.672502730400749,-9.272412502188937,-0.016053409095994373,-0.004407799679218473,0.0020091150992877305,-32.558462287791954,11.501876685472611,32.361476520426734,158.9309022220375,0.2734290781961999,4.028595083730092,28.638176395990907,77.23527294627334,0.0,0.0,157.6980220286879,4.665651722690747,10.0
161000,-0.21831599516659017,0.6143994484834316,-9.866668311590157,-0.0022392931048585236,0.0022100105914038028,-0.012189487259699662,-31.950113756514785,10.414534788383957,26.193468763196815,158.92910383309254,0.2734290781961999,4.028595083730092,28.638200398827546,77.23526591631358,0.0,0.0511505315623975,157.82178415509688,2.0656391830567964,9.0
161100,0.6745403803734333,0.9046738421330365,-9.497123301632842,0.010754455741386124,0.0082887276674297,0.021525306939517697,-31.016050926193063,11.900404126089033,25.984182626599015,158.93064863952645,0.2734290781961999,4.028595083730092,28.638192392797094,77.23525205933133,0.0,0.0,159.1277839478304,2.869328667478275,7.0
161200,-0.10163767201549073,0.531434037652068,-9.801355843419797,-0.0032767864168869254,-0.0034520967170750374,-0.005712846126743504,-34.13805438867611,12.136164488513456,27.515367638849227,158.92201591958874,0.2734290781961999,4.028595083730092,28.638174921178152,77.23528394143612,0.0,0.514506410065101,160.3589679255742,2.3637887227241072,13.0
161300,0.4399487070995992,0.47113998249642985,-9.45096183680495,0.0021068264234904775,-0.0024872381981653298,0.013934564831134004,-31.9046961693221,13.62430636749977,29.624188051637518,158.9173491200913,0.2734290781961999,4.028595083730092,28.638250953542947,77.23530321502435,0.0,0.0,159.17715848196295,3.876681774627726,13.0
161400,-0.29923080680923464,0.5533548180704251,-10.079990111076643,0.008877903290330079,0.010859200884142828,-0.0013976216668210332,-33.880819975693335,9.721423702452686,28.037238716817495,158.91996711183214,0.2734290781961999,4.028595083730092,28.63817972195101,77.23527781978284,0.0,0.16623432071274358,154.63668457481347,3.456245401989551,9.0
161500,-0.14652084029094495,0.7916287149963104,-9.323998114555007,0.01809043714132922,0.005616648772124071,-0.007157811260229005,-29.365542888725816,11.981119969341519,30.499451683147015,158.90924397013723,0.2734290781961999,4.028595083730092,28.63815066231158,77.2352630056503,0.0,0.0,157.5266288464212,4.295911255306118,8.0
161600,0.4669398314912617,0.5647112329679254,-9.59213113691435,0.010912014364637838,0.0023452902256482465,-0.0006247930510164699,-33.202407094320236,8.799777424592659,26.37386986542235,158.90229390562038,0.2734290781961999,4.028595083730092,28.63817142875829,77.23521967676398,0.0,0.20921127369546652,160.77143341544587,1.4173056469286545,8.0
161700,-0.12197910433520259,0.9390060526851459,-9.636108573136886,0.007265225042010529,-0.00567219027404122,-0.004517974506966333,-31.983497775445393,13.900050802735768,27.409493685035727,158.89781592957468,0.2734290781961999,4.028595083730092,28.638175303173032,77.23527953216242,0.0,0.1319995275112765,156.51605502892102,1.9311784290424632,9.0
161800,-0.028800158047844835,0.6411817097331817,-9.860757088735557,0.010442827012946809,0.015862223510892042,0.010641903861927229,-33.39260378891642,12.626314452545161,27.095429834220294,158.89282644172505,0.2734290781961999,4.028595083730092,28.638199323032342,77.2352228995854,0.0,0.0,159.23772048452136,1.211593288511648,11.0
161900,-0.1362039512021145,0.6964037916412273,-9.842271719034144,0.00421426397339458,0.0021313715832335764,0.005998636134979209,-34.37134395950133,15.466501438110857,26.31914611418425,158.87898341924347,0.2734290781961999,4.028595083730092,28.638186926803066,77.2352566637624,0.0,0.0,156.00724012061144,3.3021213457926635,7.0
162000,0.11903852282720914,0.3781201624947177,-9.695852076575598,0.018366530938914556,-0.010913277054649017,-0.0027557293699895604,-29.793654542005203,10.018476755964656,32.39593162573943,158.881068303866,0.2734290781961999,4.028595083730092,28.638194312149867,77.23523517256314,0.0,0.0,160.55118291241382,4.153625734326943,13.0
162100,0.008601491427400385,0.7563633098797445,-9.372125541354396,0.01011088094152389,-0.006821605481308121,0.010657664810182,-30.55325861789237,11.651502225511035,31.288127548660942,158.86724356670408,0.2734290781961999,4.028595083730092,28.638199366322667,77.23529535214684,0.0,0.7903009672699195,157.01317988015518,1.2554363400543096,13.0
162200,-0.028784916539659717,0.8162677404643491,-9.683887349472721,0.00508345631390587,0.01039685559908536,0.004046550180112057,-32.940214178991255,13.100829603751421,28.070033448155908,158.88250078754717,0.2734290781961999,4.028595083730092,28.638231238751132,77.23527924392462,0.0,0.0,160.38733912191566,4.480742353185442,9.0
162300,-0.03532965874461401,0.9874561480826081,-9.665577323346081,0.00843480641534702,-0.008164293342980168,-0.00031352005995846947,-27.55981596716947,9.867213541622737,29.323311578396357,158.89670769412515,0.2734290781961999,4.028595083730092,28.63814325657604,77.23523199307301,0.0,0.0,151.94852002640192,5.982997137637514,10.0
162400,-0.15314692284515757,0.7764118174197217,-9.660738174781333,0.0005340173392582928,0.010181026192296907,-0.0005920659289358633,-32.38904216895584,10.38595600199032,26.476001909011025,158.9085100805559,0.2734290781961999,4.028595083730092,28.63820056234095,77.23528237326022,0.0,0.37775072562032325,158.9647864564103,4.374087102998734,11.0
162500,0.20056478633049327,0.6975218778987365,-9.427105831059224,0.003410341072280924,0.009565625421989759,-0.004050129014976668,-36.436423721721,12.567448357931347,28.66918347834077,158.90831233882605,0.2734290781961999,4.028595083730092,28.63820232039309,77.23525136411985,0.0,0.6149157653681815,155.60166834800722,0.9857196214656812,10.0
162600,0.11244140631318617,0.8837036121009089,-9.566723295452599,0.007283734817845554,0.015399792567656754,0.007453199936101601,-30.028310160180002,9.711880013637296,27.781029764006902,158.88075607931697,0.2734290781961999,4.028595083730092,28.6382075359411,77.23525797638769,0.0,0.6963950019055566,154.7399375730667,2.018944279618726,10.0
162700,-0.006319699069060296,0.5743762997680123,-8.68386406314044,3.0909385382405646e-05,0.0011156534390564816,-0.009485901417332698,-34.840578057552456,9.528011853129511,24.19534306767296,158.8937233851347,0.2734290781961999,4.028595083730092,28.638214506460642,77.23526006015821,0.0,0.0,158.6725653778073,3.4652952306487994,9.0
162800,-0.2893213983672797,0.033754686177495774,-9.489582765663295,0.01929213338910432,0.007650956083947103,0.004547991806717546,-33.328329316240634,15.145640051670542,27.121670846426895,158.8752237412403,0.2734290781961999,4.028595083730092,28.638158154850032,77.23529298396812,0.0,0.0,157.73054401371914,2.848634764273316,13.0
162900,0.10048883108452622,0.5657683411704416,-9.373060200383001,0.009799081386562639,-0.020916416018000223,0.014235698707194374,-32.8935929211749,17.032565316362614,27.571537782911065,158.87691133003753,0.2734290781961999,4.028595083730092,28.63818980152464,77.2352518960761,0.0,0.1805698858653913,157.43476083278904,2.586781182492393,7.0
163000,-0.32099116039593245,0.39545865661802804,-9.677125993703612,0.012339009731433613,0.002480363120677817,0.014620066519478638,-30.51845042470338,11.591670093001001,26.341902845772168,158.8801378758952,0.2734290781961999,4.028595083730092,28.63819943979997,77.23525824706554,0.0,0.5535648935411258,158.59450319131443,2.043898491432039,8.0
163100,-0.018275366659021706,0.331128703714452,-9.59826379021386,0.008450144062911063,0.012532881063379067,0.0029607111938970967,-32.48560668821411,11.219255143210667,25.164536707990514,158.8920003437011,0.2734290781961999,4.028595083730092,28.638196742101655,77.23528515343355,0.0,0.0,161.31181440871774,0.9121119263338446,11.0
163200,-0.18720171024820687,1.1541470375109484,-9.859154070230835,-0.0064659549812305,-0.014211547710113265,-0.01577629412880082,-33.982039295905516,12.295621476529455,29.751629762336737,158.90429526387618,0.2734290781961999,4.028595083730092,28.63822849071647,77.23529185093739,0.0,0.8213721114526461,162.1065432852813,1.4469887222950617,12.0
163300,0.7082693623973244,0.619012149975289,-9.845626223665914,0.017565239148297516,0.005519681383483675,0.012530166201848035,-32.16653518111753,13.245310629600924,28.066783479652234,158.90154553695925,0.2734290781961999,4.028595083730092,28.638229397181313,77.23527882550864,0.0,0.0,159.846881323853,3.7633774260338178,9.0
163400,0.6412258604928492,0.16522867114931694,-9.438483518478893,-0.012297664132393443,0.01734863478296606,0.010277806373151396,-31.042182153280507,13.930400472495316,26.345922131676172,158.9088734340922,0.2734290781961999,4.028595083730092,28.63821710253936,77.2352936846061,0.0,0.0,156.89790241469422,4.018982650629022,6.0
163500,1.7150796988033834,0.8570910191248458,-8.979939062342524,0.008894110369153933,0.013426073854950316,0.00594260478648653,-31.41032428974388,11.153061794762138,26.888868739610132,158.89054995246443,0.2734290781961999,4.028595083730092,28.63819317573815,77.23524221658248,0.0,0.0,158.33226318568842,2.1990247497339324,7.0
163600,1.6730538023513948,0.6210499398159726,-10.090257412688322,0.018542849932991178,0.0023154403189993493,0.010691229792342893,-31.85449511793003,11.29930902524121,26.560939194046867,158.91867805873372,0.2734290781961999,4.028595083730092,28.63816822297498,77.23525501887681,0.0,1.217555923950467,160.0979466475113,3.8168950811488624,6.0
163700,1.7607837422941406,1.3928911616364212,-9.792203173237885,0.004852850972980493,0.016047237137333897,-0.013943701091112403,-32.73075520936925,13.51654749816851,24.03930570308457,158.91980377802676,0.2734290781961999,4.028595083730092,28.63818652416839,77.23523098279404,0.0,1.1403969296676486,158.75733778421403,2.5697138192018416,11.0
163800,1.176357180196012,1.2556931561188955,-9.558118542087122,-0.0008230991589746797,-0.004572450708511119,0.008273039176065825,-29.612096370812313,13.551585458365285,27.526227782209016,158.9233203172588,0.2734290781961999,4.028595083730092,28.638220566483113,77.23525519434484,0.0,1.901817115238229,156.7659157091762,3.2035578216755987,13.0
163900,0.9227378658247838,0.5867565656573861,-9.536444799394761,0.00498728639179222,0.005449341155481466,0.01631882842950337,-29.202156390205793,13.303501121091251,29.883711223931442,158.94259796441335,0.2734290781961999,4.028595083730092,28.63815587358916,77.23527807401952,0.0,2.352528619701311,157.89441934886136,5.298785556262445,8.0
164000,1.461241055405597,1.0764453394400477,-9.592137234777766,0.005052113292234207,0.011417701642562506,0.00774733918845541,-33.766066771637,7.2199228941927815,32.52753537073765,158.9624241089997,0.2734290781961999,4.028595083730092,28.638199040819146,77.23523291525785,0.0,2.4982983665561656,158.3117805164025,4.436952478407015,8.0
164100,1.484887454010089,0.5687793676266208,-9.09578296984678,-0.002728401101603237,0.001589009566133671,0.005101222390790117,-30.165559212479437,13.30921035588266,27.138705835680874,158.97832140984207,0.2734290781961999,4.028595083730092,28.638180732772227,77.23533199362721,0.0,3.6270883055055787,157.42132188450464,1.3709284691601114,13.0
164200,1.4960644145159965,1.113942368245211,-9.923372456645973,0.011414500482004812,-0.0019879658248407074,-0.014057240138597795,-33.07450975130499,10.443699639108042,27.784618103323925,158.99495558725883,0.2734290781961999,4.028595083730092,28.63820046226406,77.23533954319677,0.0,4.0137305634776475,162.2817099379401,3.7818045072188307,13.0
164300,1.8527030374161528,0.851647926506202,-9.5915102822443,0.018312859039803665,0.007721377066401922,-0.009506593932133003,-36.00625402547747,14.262761130142314,28.284477905415432,158.9988192058065,0.2734290781961999,4.028595083730092,28.638182426698222,77.23531513935367,0.0,4.068103233508616,157.0793487357772,5.72311932515711,13.0
164400,1.8262242538803226,0.700763422974634,-9.745396989781645,0.005578490982353664,0.00015643338824689306,-0.0006077683114711595,-30.90796394401427,12.218177966518706,26.823640889057852,158.99240651174097,0.2734290781961999,4.028595083730092,28.638213367354805,77.2352673698492,0.0,4.897353215035632,161.63816990128086,3.410780835869017,13.0
164500,2.0772351757899012,0.9819587469356811,-9.583485306083555,0.006377230806243481,0.010318914586530687,-0.020254276701036206,-32.22601304481496,15.514162770561175,25.6421458714485,158.97160676336898,0.2734290781961999,4.028595083730092,28.638182485323558,77.23529993563842,0.0,6.062420995471236,159.4126225751273,3.819539720258855,11.0
164600,1.146175357701571,1.321975807041717,-9.220836926935995,0.020033180085639143,0.006719457230594634,0.0030749490866598624,-31.232164861650855,14.339721877847873,31.264494979216508,158.97397067481813,0.2734290781961999,4.028595083730092,28.638162283057536,77.23525903908772,0.0,7.137004891326425,158.6836637513126,2.696668363499443,8.0
164700,1.1606852970843808,1.0104518726634453,-9.490542136782475,0.0031010916728488164,0.0033533740010999527,0.012437262669680024,-34.77876257338605,10.191782763338828,28.619003514012928,158.97502330296842,0.2734290781961999,4.028595083730092,28.6382121963742,77.23524791162939,0.0,6.715064532754278,157.621583725282,0.9069847922864618,11.0
164800,2.3927567572554,1.2703765680645154,-9.935815016280026,0.01603598373407606,0.011061196779343955,0.004257889018807965,-33.77831468320771,10.13665936702067,28.175107778046787,158.97154802170033,0.2734290781961999,4.028595083730092,28.63819479985414,77.2352094259807,0.0,8.101205903982743,158.75560535197266,3.447584541966328,13.0
164900,1.550691152428737,0.7351705811608478,-9.359704808172808,0.0017818552585840398,0.010524046698741423,0.10767931447736587,-34.10256629636217,11.999544200219685,28.398943389772995,158.98231635195964,0.2734290781961999,4.028595083730092,28.63818960721002,77.23528072923139,0.0,8.152533627426864,155.74984694809777,3.6310459215122575,10.0
165000,1.7436421662726584,0.9991424507765223,-9.714360112024217,-0.0002671847276846913,0.0011495007243780132,0.2188558408633152,-32.20679392629216,12.137790833810374,25.522568539237604,160.10625734601518,0.2734290781961999,4.028595083730092,28.638158416558767,77.23528394810059,0.0,8.888826587531634,165.1269864730502,2.530859503369591,8.0
165100,1.4869175570818554,1.7410055762710344,-9.29388954049699,-0.007171456403362106,0.006863118714131846,0.19001912393762724,-36.124301507270694,13.406812332213555,30.447464208043257,161.25916537926952,0.2734290781961999,4.028595083730092,28.638176625990962,77.23528333702956,0.0,8.642912349854965,162.80344235980624,2.124758365654898,13.0
165200,1.5796303012182555,1.5614205865646547,-9.504297558783492,0.0034941359506060984,0.009519365894051713,0.21525782890500397,-35.54193090518372,7.844683282717693,27.883207468794993,162.37187156565105,0.2734290781961999,4.028595083730092,28.638159972414694,77.23529228876701,0.0,10.231168055242216,160.57407053980143,3.218474870254788,11.0
165300,1.6790154470589687,1.8451363303602364,-9.376070386864644,-0.009260553708159324,0.02961793848254568,0.21058015781245304,-31.86771515632369,10.519087864125538,27.92678301064183,163.51172071577167,0.2734290781961999,4.028595083730092,28.638179495000546,77.23522753482669,0.0,10.932736301768518,165.04433290314557,3.898511512003666,7.0
165400,2.0713137327064635,1.5079158394405114,-9.866303507681181,0.020349127720143956,0.006427974038484218,0.20288135158938173,-31.695319989252013,8.880625972595107,27.70161725713908,164.64889788142204,0.2734290781961999,4.028595083730092,28.63817276266782,77.23529488711915,0.0,10.570730550519977,164.64093642974896,2.3241358035008766,9.0
165500,1.9857694269703634,1.909324794783158,-10.143400521733586,0.0024885514854259493,0.03045744026505534,0.18415250910111453,-34.75661975464036,8.696847207040491,28.91647515404709,165.76903267271766,0.2734290781961999,4.028595083730092,28.638167926257477,77.2353030244454,0.0,11.31664700918336,165.79838195634318,2.8178323541486563,11.0
165600,0.873776780629004,1.6936560693046954,-9.423623329420295,0.010837895345293315,0.004245364903413599,0.22155906878147266,-34.95263652604481,12.130421359339007,24.463839910325845,166.88814833332145,0.2734290781961999,4.028595083730092,28.638150493881223,77.23529464199963,0.0,12.294720527866946,169.46887937435807,2.9913011227395727,11.0
165700,1.3365927362417933,1.7711700992141957,-9.80527812504476,0.005074460039307554,0.004765353140555538,0.207832173179969,-28.949455660163636,9.42861648570415,28.146643086831723,168.04541535744127,0.2734290781961999,4.028595083730092,28.638135291387805,77.23529228881759,0.0,12.160156777752864,170.27967774356722,1.9277086136691892,12.0
165800,2.009134763343032,1.2114649035726033,-9.690569132801068,-0.008286551139654097,0.012886774033620232,0.20529443052758573,-35.21062542118012,9.668274874353198,32.248648197715994,169.17435502971546,0.2734290781961999,4.028595083730092,28.638189804469064,77.23529053570896,0.0,13.12796855733171,166.73841096991353,3.1254198994951663,13.0
165900,1.6679706190984929,1.2805465999149457,-9.044183737626017,-0.009749088818624973,0.02143485423678271,0.21417000335804845,-33.762736692099445,9.388207560551415,30.436674806781664,170.31297714884488,0.2734290781961999,4.028595083730092,28.638087752681237,77.23529885751688,0.0,13.695648208312956,169.9519688591927,4.011441522672257,7.0
166000,1.2735274028602885,1.5473437577183426,-10.576092662809454,-0.00972547089734379,0.006040186714631127,0.2037585548645869,-37.084725799860635,5.932125531775666,27.74344214181699,171.45631244864364,0.2734290781961999,4.028595083730092,28.638154350196157,77.2353580355323,0.0,14.902911716030419,170.8108216280865,1.9078163144229254,7.0
166100,1.222153338114269,2.2757096399911796,-9.063756494658454,0.01256504400509266,0.006661606135501586,0.19614292721994933,-36.37922001748915,3.3075909283510074,26.74375613083587,172.58039042981176,0.2734290781961999,4.028595083730092,28.63813540934408,77.23537475364945,0.0,15.630421398221655,172.76323019721525,2.796110081652869,7.0
166200,1.8895624967383207,1.9644575636743111,-9.544304791669175,-0.02036675293829373,0.0015607649410820683,0.19467576351116694,-32.88828768662359,4.053770912816218,23.5094615207266,173.7132186632073,0.2734290781961999,4.028595083730092,28.638111569265764,77.23526374984827,0.0,15.528020773336717,172.69830842488287,6.477971407033733,11.0
166300,1.4728652698163645,1.9006895248974853,-10.114281095721239,0.0038054783102071032,0.010363495771230876,0.18366115104503988,-35.363267877556574,6.596423876453164,26.09447098479982,174.83772497948155,0.2734290781961999,4.028595083730092,28.638165306445153,77.23529700795852,0.0,16.755163536141435,173.3186466616177,1.669397071688857,11.0
166400,2.0169375611014577,1.4614869007448064,-10.097578272484544,-0.0036272405153774346,-0.012096348088627636,0.1957269822270885,-32.64307455864184,1.2557301334019886,29.311694388842714,175.97404643882396,0.2734290781961999,4.028595083730092,28.63810862072994,77.23533914548531,0.0,18.321192749184927,175.5643015607517,2.8735099338440917,13.0
166500,1.2624524447941712,2.0262799967008296,-9.878990115188842,0.015225876267751494,0.0018703052876236272,0.22307174245767333,-39.34334740571698,2.323897212459743,26.853908053110786,177.1125934235545,0.2734290781961999,4.028595083730092,28.6380979818874,77.23531214327191,0.0,17.513811715810174,176.28747386670904,4.3215836250051805,12.0
166600,2.2712826797595387,2.2977066850966468,-9.637822207340509,0.008674065085962003,-0.005922681569247408,0.20479847338303245,-35.472247722157746,1.390259619721597,29.29981990503651,178.2484039261504,0.2734290781961999,4.028595083730092,28.638128817507123,77.23525122707052,0.0,18.607397735315285,178.56906140437673,5.688240416151873,10.0
166700,0.8754348220175558,1.9051968276345448,-9.744456697237837,-0.004213817525741954,0.011401602586417705,0.2060859385317157,-34.224063470753016,1.0033261163919909,28.398976741872215,179.3706494367556,0.2734290781961999,4.028595083730092,28.63812663897152,77.23530192581664,0.0,18.786593566607856,180.5897529932541,3.04516467943425,13.0
166800,1.4160375001664056,1.868481103347686,-9.394158201364162,-0.006010194377603586,-9.214294175460738e-05,0.19378003735649169,-36.57901347775237,2.4247943718412652,27.759373536086468,180.48928238757838,0.2734290781961999,4.028595083730092,28.6381088546262,77.23535923906927,0.0,20.270583503232626,176.5274050693556,3.796706572932866,12.0
166900,1.0742572740101755,2.335609362422019,-9.544709175695411,0.007153662748308467,0.007144088711009543,0.20336493113964793,-34.87491305902121,0.423833277639897,28.17904898549993,181.62737356373532,0.2734290781961999,4.028595083730092,28.638121392743905,77.2353149194853,0.0,19.096603899235966,182.40133329474958,2.035370240878996,8.0
167000,1.093787402616709,2.248366987388888,-9.183221833516077,0.006138289482996285,0.010749323623950265,0.21758734195155877,-33.253291839088384,-2.3501929395959364,28.326701200787703,182.7565877053464,0.2734290781961999,4.028595083730092,28.638101976060305,77.23534485695826,0.0,20.342946602428434,182.48919493711006,3.3109320903953825,6.0
167100,1.6204445497928766,2.190285937705727,-9.541510170526752,0.009643221738443668,0.0263240979684406,0.19389471418413295,-32.25048916628236,-5.066492347199393,28.34803249809521,183.8904864455405,0.2734290781961999,4.028595083730092,28.63813416472189,77.23530228272814,0.0,20.526488470413682,186.85930843008762,2.3163646508033127,10.0
167200,1.715917689402615,2.0279443920448665,-9.667600707972658,-0.00579647871189208,-2.895849821451385e-05,0.18059892380870013,-32.04229130871521,-1.274601688966257,28.51899160960448,185.04161017353516,0.2734290781961999,4.028595083730092,28.638077127675746,77.23527509964813,0.0,21.36848280387424,184.55120545529644,1.4354967194162613,8.0
167300,1.2104315954208091,2.7911281968684927,-9.616376921795787,0.005149657112869956,-0.012051096336348932,0.21453285266178088,-34.11717459324065,-5.064001213472136,28.29166105559336,186.19546328477787,0.2734290781961999,4.028595083730092,28.63809551501316,77.23528605761825,0.0,22.037903291027312,184.48547462126373,4.947987846917412,10.0
167400,1.1643409494404802,1.8175817684568785,-10.366516827394335,-0.00999241562780651,0.013612051403996517,0.20118779105121032,-33.97780842699051,-5.792761073035026,27.73722032804372,187.34470728942998,0.2734290781961999,4.028595083730092,28.638139495049398,77.2352977718341,0.0,21.894893362571622,186.0689541452518,3.503092893045652,9.0
167500,0.8881850803875144,1.9222250695887169,-9.598093677840259,-0.004938410718691852,0.005377993291363938,0.19793171482999483,-35.38067724451093,-3.0231920202876097,28.34369733595358,188.4753466413677,0.2734290781961999,4.028595083730092,28.638093023401524,77.23529300543761,0.0,23.07127529568599,186.95609488107132,0.9419833062153833,7.0
167600,1.340004131109491,1.993718887975761,-9.701604678270606,-0.01808949967027625,0.007731135538827091,0.2100348031180167,-32.64188757940358,-7.935622440488585,25.80682558353519,189.6170968548105,0.2734290781961999,4.028595083730092,28.63805635478463,77.23524434196565,0.0,24.43459173608262,188.91346876836636,2.517726709892395,11.0
167700,1.3942868314082524,2.1184192296974644,-9.497771519901985,-0.005157123687474725,0.0044971950434687024,0.20142985415050538,-36.01052958898835,-7.477331375663578,31.743866873116374,190.74551100860774,0.2734290781961999,4.028595083730092,28.638125228683492,77.23525463284656,0.0,24.002648215472952,189.07057118292062,4.421949486824816,9.0
167800,0.9986395326424458,2.288853868877642,-9.930669881576295,-0.002502134072729271,0.002075375730605695,0.20702448831359035,-33.66599326655118,-7.852166227383273,27.889836179316852,191.8822177748852,0.2734290781961999,4.028595083730092,28.638055103576086,77.23529984731861,0.0,23.777704794979382,190.74701683840303,1.5319638273923708,8.0
167900,1.270303417191717,1.520601001827028,-9.320196023871063,0.019149094178488223,0.021968429327804163,0.09794445112337248,-36.79140372817744,-7.930079321548991,27.999913453553084,192.9994059090493,0.2734290781961999,4.028595083730092,28.63801722636112,77.23527233943554,0.0,24.584230296304323,191.5336908623042,1.8788531581307393,12.0
168000,1.7071616407035168,1.125961289737584,-9.440652234822002,0.01779056537651505,0.0052708414432591855,0.013725253767227235,-36.24309540924503,-7.710928440539819,30.38462920515549,192.9973933752151,0.2734290781961999,4.028595083730092,28.638037592675165,77.23525606321422,0.0,25.0847561864717,190.90964160595607,0.7166732029867826,11.0
168100,1.2720275602070883,0.5965300393733826,-9.580770827148196,-0.00176787217725001,0.011367282608619874,0.011674239588156374,-37.437291700603936,-7.713454946012428,29.134503986712293,192.99523782180395,0.2734290781961999,4.028595083730092,28.638072410652395,77.23530483026796,0.0,25.937479875758097,191.77759039515473,1.3796546203482463,7.0
168200,2.1528899820785146,0.9468731342081342,-9.75571642758455,0.00218816758438837,-0.0006011648374279269,0.0006654155295616071,-30.296884148222762,-12.13673412002102,26.21609197464621,192.97980112351797,0.2734290781961999,4.028595083730092,28.63803483241228,77.23523853772598,0.0,27.099990462325085,194.48558934024945,0.5334845193097113,13.0
168300,1.999443728224626,1.1918298860455585,-9.735567759475519,-0.0019236377873618074,-0.011959781594288371,-0.019872219255641865,-30.849700751016965,-7.693749781248853,26.578086180000916,193.00254319117286,0.2734290781961999,4.028595083730092,28.638049027867577,77.23524425588668,0.0,27.856279029372974,191.9671644124802,3.586197639722141,7.0
168400,1.0737962893797204,0.864624458711233,-9.527291382068533,-0.00028001401078460355,0.01305427954981379,0.006444517909846208,-35.9009504819891,-8.885105686889691,30.205801829742366,193.0174327760219,0.2734290781961999,4.028595083730092,28.637983675239767,77.23526235198449,0.0,28.247433492476652,188.93760680354066,4.280699305356046,10.0
168500,1.3319261228465973,0.8070548608622342,-9.531297308647316,0.0007852815061007478,0.0066433675910742935,-0.0011760612399699549,-32.86851928270333,-7.428461428024888,28.247661851125823,193.0189042858871,0.2734290781961999,4.028595083730092,28.63798105588881,77.23528917229075,0.0,28.979978075120556,195.10427512619583,4.407074704580092,9.0
168600,1.730325804905707,0.9168277968664459,-9.673707380221291,0.00653562418403699,0.0028219056454931047,0.0010026140092650932,-32.271033322513325,-8.181982965826377,27.135089869314232,193.02398369764657,0.2734290781961999,4.028595083730092,28.63801341471274,77.23526537336159,0.0,29.2525323033559,195.18244146072522,5.952567735871828,8.0
168700,0.9924581631455527,0.7847460869383419,-9.56677802921506,-0.011511225805113715,0.0103593454235325,0.0014701504977225161,-34.62709162092682,-10.322307670526525,33.571634464100555,193.0189630902752,0.2734290781961999,4.028595083730092,28.637999161883435,77.23527267425737,0.0,29.268085701805706,192.99275903994476,1.312494529828649,11.0
168800,1.2153079131550033,1.1864037037846027,-9.992935520917051,0.018254085052673938,-0.007539143575060906,-0.0136905668781929,-34.83487013255931,-7.190368547177851,30.789514050245728,193.01189290838005,0.2734290781961999,4.028595083730092,28.637951031872014,77.23522777379726,0.0,30.14046979373973,194.1427165339303,5.347803609513226,7.0
168900,1.2954626780502858,0.5118105032014837,-10.027424203207731,0.0024755400850994223,0.009221440937861513,-0.02354832525958513,-32.84359964099017,-12.319293162833967,30.244914678499217,193.0086149503971,0.2734290781961999,4.028595083730092,28.63799403584065,77.23528211899256,0.0,30.298844138859632,193.9998838172909,7.497741111620645,7.0
169000,0.752275066802282,0.5343408860429218,-9.409902818557208,0.003115289921587487,0.015160197042911168,-0.001000441313429446,-36.36053496281584,-6.741495704046155,31.722553821753042,193.001675574917,0.2734290781961999,4.028595083730092,28.63791703359757,77.23523290324002,0.0,31.509332669924895,194.28246067707462,4.924087900965241,10.0
169100,0.9952054264814593,0.42196198521465417,-9.55262149350421,0.004618980312336945,-0.00034245864324910624,0.023520618480819214,-33.627015843712336,-11.470672337133587,30.202563792283158,193.01479678374383,0.2734290781961999,4.028595083730092,28.63795135578431,77.23527094424341,0.0,31.1981282405168,188.09663798732473,2.752120565175301,6.0
169200,1.686136753529754,1.0435826310434546,-9.88987216938653,0.012607590231019173,0.0004523564086969358,-0.014823831800462317,-34.86215503370524,-11.455940761360099,30.518885883881318,193.03116015281043,0.2734290781961999,4.028595083730092,28.637927845450925,77.23527077871437,0.0,30.841022901698533,195.23812190527,5.143491870154129,11.0
169300,0.9940668564868138,0.506864275661951,-9.358903798777423,-0.002087008628843314,0.01579288902759417,0.0020326459016332403,-37.54478168749598,-5.3672781928271105,26.635759276543684,193.0488675141029,0.2734290781961999,4.028595083730092,28.637962543949037,77.23529438412241,0.0,31.770576467439657,193.8104205319308,4.031244730022292,12.0
169400,1.5128411505043846,1.0230396112192384,-9.398525700461208,-0.005224967068171985,-0.002808993840520204,-0.009379223329599437,-32.66417755300773,-5.855042790122482,26.791734781039267,193.03795065330985,0.2734290781961999,4.028595083730092,28.637989796800156,77.23534431335837,0.0,32.067046099945856,193.71639731367324,3.81531528956932,8.0
169500,1.4451837980309146,0.6973276785147215,-9.628811358109393,0.0006014023012338096,0.024498819940311372,0.022781587813854982,-34.22604768323132,-9.378015350743178,30.847334800180548,193.0479298326266,0.2734290781961999,4.028595083730092,28.63795610226416,77.23520266121595,0.0,32.900276677847835,192.38397635317014,4.817379577932767,13.0
169600,1.3878163671068184,1.0684497116017606,-9.361967919058753,-0.004622111451656506,0.0036877223384925994,0.01774859102051893,-33.09809828994276,-11.959532378939768,31.380490556457964,193.04535834400335,0.2734290781961999,4.028595083730092,28.63792699916636,77.23525743232165,0.0,33.48773220767565,194.54018778165047,2.5369413463496375,9.0
169700,1.461549353161132,1.3237240557342966,-9.327709102463572,-0.0030759986746449275,0.004602993395593251,0.009167705970536582,-33.72263092668681,-8.166261166537426,28.28783420811818,193.04432137187166,0.2734290781961999,4.028595083730092,28.637872236921275,77.23522363832602,0.0,34.65292970317996,188.80677129577538,1.9888350434895807,9.0
169800,0.9522298738793634,1.1035980646375974,-9.522474423213225,0.003614880530250067,0.002230489735895088,-0.0002562606293295219,-34.233125542452676,-7.724535322068939,29.303728646418076,193.03414668939135,0.2734290781961999,4.028595083730092,28.63790517564036,77.23523734602536,0.0,34.96473583863458,187.44246781194437,3.554012994235184,11.0
169900,0.365423387029399,0.7933539095484532,-10.45471417380654,-0.012177721746434472,0.00919997988796447,0.00011824659927120256,-35.3329425384088,-9.607475976469699,26.268960463063976,193.03362895754316,0.2734290781961999,4.028595083730092,28.63791642487668,77.23523503496263,0.0,34.624847687963126,194.863048777115,5.011581458213778,6.0
170000,0.769358860759387,0.9508188585085057,-9.793376762558733,0.014375362274882258,0.013721995282999135,-0.010269557038023213,-30.883753937591447,-10.0983863753888,29.58492268879271,193.03340150209928,0.2734290781961999,4.028595083730092,28.63786683418119,77.2352723318497,0.0,35.390567929461525,191.4367495180209,2.3954128192432558,10.0
170100,1.431331827013087,0.8987921845270858,-9.945506717267474,-0.0017148092136666914,0.005240461804180201,-0.008302437051221,-37.343649004771585,-9.55684937901238,31.395656944683687,193.02490282919848,0.2734290781961999,4.028595083730092,28.637932279001845,77.23532188527484,0.0,35.71138871532112,196.18088161357898,4.303826456543444,12.0
170200,1.4038658226050826,1.1214217734179812,-9.516149951519147,-0.006511591054845798,0.018233308660346743,-0.015696778907868667,-34.56254788782458,-9.142473318873051,24.485681839307894,193.02124496978655,0.2734290781961999,4.028595083730092,28.63788177080943,77.23522656158507,0.0,36.64333080148196,192.70060272611252,1.895133863371027,8.0
170300,1.9278176498606983,1.34945946708444,-9.290535510174587,0.0009458900227797204,-0.005010333136281111,-0.013378363101289406,-36.727368047496604,-13.312405597316292,29.783183274849062,193.015939699282,0.2734290781961999,4.028595083730092,28.637875939322377,77.23522282179405,0.0,37.95806907279706,193.86169009265322,0.2843351599619188,12.0
170400,1.926336070949187,1.331592881259113,-9.219504551182954,0.011561181102909233,0.011236613450859833,0.0016414280363817174,-32.73617470723128,-7.132728188543672,27.03285559243192,193.01662846113538,0.2734290781961999,4.028595083730092,28.63785894028493,77.23523414765512,0.0,37.50046090173789,191.0728123895284,5.342120936042232,10.0
170500,1.5694348706169738,1.3906754063943034,-10.00615841815948,0.02238877151036517,0.013473606427209,0.010945626967293181,-34.50684431015304,-10.524938191046697,28.101942398319075,193.01668023200241,0.2734290781961999,4.028595083730092,28.637843983500364,77.23526566732643,0.0,38.21479425278329,191.49497509833776,2.9095115317088176,9.0
170600,1.2941794297176439,0.4651980135404531,-9.76353518072863,0.0068040949074281,0.01685809192592939,0.010870945605895296,-27.95010475209652,-9.39885053641161,31.131770068382384,193.0084058301414,0.2734290781961999,4.028595083730092,28.637850856117144,77.23525187468053,0.0,38.923938009549616,194.39948730115972,4.397376219851088,8.0
170700,1.176896169600161,1.2521659759933736,-9.836775952250571,-0.01956620908292974,-0.008940417330778206,-0.002298176238814359,-32.5599657956973,-5.001690965494703,27.032327961514966,192.99366542485953,0.2734290781961999,4.028595083730092,28.6378692720346,77.2352255447009,0.0,39.43149906780876,191.61374578108675,4.241681378526764,13.0
170800,1.2048251913972954,0.6991037754918096,-9.927633690840684,0.01021889917613716,0.010856778179026076,-0.006338756003914751,-34.86608511227391,-5.640751515086183,29.14175243809481,192.9831504012337,0.2734290781961999,4.028595083730092,28.637825046849013,77.23525112610098,0.0,39.29326665587886,192.29526265550388,5.334060061632682,12.0
170900,1.4445108101290547,0.34504826120205556,-10.096326067004165,0.008038587382947899,0.022147074029872846,0.007188872287476894,-35.30689505548477,-6.348138725277311,29.04914791587008,192.98582215288926,0.2734290781961999,4.028595083730092,28.637843987481666,77.23521694412425,0.0,40.301839840541454,194.80409111612576,2.1320040792133623,12.0
171000,1.4696031580712794,0.9503543221385405,-9.46500998619112,-0.0023822871044696025,-0.006884710365714637,0.007924127859848647,-30.160734083031354,-7.843904626328068,28.41274191721963,192.9859355127204,0.2734290781961999,4.028595083730092,28.637782795387544,77.23524850455527,0.0,40.9881496998149,192.55347827792204,1.8112034661207037,13.0
171100,0.8588473976979489,0.8240093237942949,-9.443093278363715,0.013830292892137198,0.008416707849225052,0.0023730249094492486,-35.19310148985696,-9.824764208430905,30.25586120147866,192.9912046662694,0.2734290781961999,4.028595083730092,28.63781319095544,77.23526746591747,0.0,42.59807589735925,192.0182092297637,3.53645984819172,11.0
171200,1.5672258159366819,1.0116377379060963,-9.392156568974288,0.018321274676808087,0.018915107378502594,-0.02670596025308713,-31.43120671107444,-7.902920472149225,28.0991755905455,192.98299523390006,0.2734290781961999,4.028595083730092,28.637803336591528,77.23514975868575,0.0,42.509226052455965,192.0893756653778,4.441880888622192,11.0
171300,1.2065796544820602,0.7675907388720457,-10.071999897118394,0.007078500297036664,0.01810044559030833,0.01222652247339726,-28.90557460709128,-11.92866550720517,29.81345807618869,192.9807729936079,0.2734290781961999,4.028595083730092,28.637768215852166,77.23524274901612,0.0,43.003641768613505,190.06526465013408,1.592862786711486,12.0
171400,1.1266844341737068,1.1174069946214866,-9.52260460725095,0.00659474220268123,0.021623976228255584,0.002070975449813303,-33.633617221230175,-7.62048261366134,28.447449621174517,192.97093788049798,0.2734290781961999,4.028595083730092,28.637723234110286,77.23515138618974,0.0,42.43165344436331,195.33531900223312,4.285220533251245,9.0
171500,1.210754973951448,0.36470268394095456,-10.192232123875401,0.0041620195447909375,0.00048536219658768844,0.00895200819609516,-33.431256993161526,-6.689402623191816,29.25641218498935,192.96051102824237,0.2734290781961999,4.028595083730092,28.637742538163096,77.23519129910727,0.0,43.509393600988325,194.5074286170034,0.3282893279406496,12.0
171600,1.0570229622012468,0.863157779756108,-9.779586698578425,0.018420211083835587,0.008787758087321844,-0.02138539195229051,-33.5437888334851,-5.655038867058833,24.27884320387865,192.96834391614271,0.2734290781961999,4.028595083730092,28.637745368077706,77.23523940980367,0.0,43.95965730853978,193.04959592093667,2.9740791568087452,9.0
171700,0.8330473619761516,0.9217214467077525,-10.15481109874526,0.003346307754110556,0.015417196624337416,-0.00854718327701369,-37.7706214038095,-10.401329886032713,29.87961213600731,192.9731594760463,0.2734290781961999,4.028595083730092,28.63774882382328,77.23523154361027,0.0,44.7777036346856,196.20709861380308,3.40657759620448,11.0
171800,1.6904042929853351,0.6456641804025807,-9.893458093654624,0.011572104706087863,0.0070986610749917654,0.010536862107336196,-36.95610083730482,-5.8908422834088,25.646616283990355,192.974741842239,0.2734290781961999,4.028595083730092,28.637719410386662,77.23521558709145,0.0,45.00053222239835,192.19084916309353,2.054851795634966,7.0
171900,1.6186809116779122,0.3066731265206579,-9.598938115264492,0.011498494146024458,-0.012109269112676613,-0.004877244566228816,-34.120503618757795,-6.83736694130766,28.186447484137375,192.96428111139736,0.2734290781961999,4.028595083730092,28.6376857209038,77.23518355890747,0.0,46.390076957272186,193.78077252207981,2.393394251755959,10.0
172000,1.448077869732471,1.0256520133146543,-9.101177390615883,0.002302465630789954,0.0028661551855574704,0.00583149829058913,-32.99977925150822,-3.0437228342603726,27.93908431083395,192.97316839982437,0.2734290781961999,4.028595083730092,28.637655017026407,77.23522067796601,0.0,45.31832868858792,191.69421664842613,1.0125663016488318,6.0
172100,1.4100397142188836,0.5085606570705464,-9.559134724279325,-0.019987778996098455,0.016604703034358723,-0.00527658091513789,-30.651218310656088,-7.352608547666211,32.166428462673196,192.99118865521083,0.2734290781961999,4.028595083730092,28.637659813535976,77.23519427427783,0.0,46.78705992391922,191.90282749002412,1.723320883003335,11.0
172200,1.2527044993432477,0.7805441346380229,-10.123536702282363,-0.0006254741106856638,0.025192163796969848,-0.011958764367957765,-31.102038936963673,-8.469187993818899,31.002648610750647,192.99820536616372,0.2734290781961999,4.028595083730092,28.637678097943482,77.23517148379158,0.0,47.252362325904954,195.8325679596196,2.2262333789610915,11.0
172300,1.3254704968870505,0.34850047294559483,-9.71029501239528,0.0159252315243271,0.00779298744766142,0.0009338263640576733,-35.82239177903202,-10.277438194035357,28.09937773244394,193.00178254069453,0.2734290781961999,4.028595083730092,28.637713722913645,77.23520871879728,0.0,46.39450724078564,192.66952309900162,1.845916330205019,13.0
172400,0.5540351228203948,0.583304547509889,-9.532966901360714,-0.00252011507419252,0.004983643725842674,0.008064946902406321,-36.30858143589502,-4.738379508323536,26.459567545207403,192.99875845343024,0.2734290781961999,4.028595083730092,28.637640932603315,77.23520342446658,0.0,48.202196757014455,191.66443802010693,4.820006340890661,7.0
172500,0.15743690895430903,0.7602475250134776,-9.72896202634397,0.006606342486130647,0.020791901724299264,0.0038922109037485674,-38.899880749958456,-7.235501443156174,27.528515047735656,193.00875858032808,0.2734290781961999,4.028595083730092,28.637640604704522,77.23517421463973,0.0,47.164395920380485,188.77829122193148,2.1786072388097653,6.0
172600,0.22967656697090483,0.8070515106286262,-9.925560157775838,-0.0026816962136390326,-0.00267666929708769,0.007841026047487487,-33.38993421163896,-6.129487040025618,26.414725156723332,193.00129992131394,0.2734290781961999,4.028595083730092,28.637639054266465,77.23514819447973,0.0,47.69858818065788,193.86102916554236,1.8680091011424387,9.0
172700,-0.4713903348998303,1.0001353462531721,-9.924457159838445,0.005007573859487564,0.015418218569153621,-0.015396693949342356,-33.61225245439413,-9.322448786180901,29.518726873548925,192.987533819297,0.2734290781961999,4.028595083730092,28.63761968192634,77.23511596778523,0.0,47.798734208841104,189.5623270026686,3.7750721588570566,10.0
172800,0.3041418570804286,0.659485703428926,-9.651646962396041,0.010791169341762098,0.004394465360180758,-0.00807753373682634,-33.051041456008726,-7.514829993991826,27.1309207919557,192.99373907180336,0.2734290781961999,4.028595083730092,28.637582502863363,77.23514902979895,0.0,46.83419320579221,189.13026069803075,2.491997685520088,13.0
172900,-0.006296001039236623,0.540816397914009,-9.339818350728693,0.012326198724447603,0.02461905312736002,0.003565757331979196,-32.78766807549903,-7.528101323538499,26.963294198559506,192.99871815460872,0.2734290781961999,4.028595083730092,28.637582479482468,77.23523330268289,0.0,47.889088438756424,193.09974634717864,3.3503508784268203,9.0
173000,-0.3007532951324007,0.7256466370663497,-9.197004795988255,0.015115721415834706,0.012817364437028557,-0.004936264555135779,-34.51898931002021,-9.24432274536988,29.731398791293646,192.99045954767675,0.2734290781961999,4.028595083730092,28.63756121483341,77.23517851370869,0.0,47.478566923349284,195.37150287387482,1.9611211106953221,12.0
173100,-0.20297706179481767,0.7887639369950905,-9.67774254231074,-0.007628473358554966,0.002336678954565891,-0.005764019018710114,-31.179819950444433,-9.534364074343735,28.443975252208322,192.9796708594004,0.2734290781961999,4.028595083730092,28.637582976825975,77.23519213857165,0.0,47.953829410872586,194.55182721894477,1.6332117975777396,7.0
173200,-0.22823931418663634,0.7801642136726509,-9.672608494794202,0.0222548314947907,3.071308594428286e-05,0.00957122940991829,-34.026913029568625,-6.41884243117971,25.346882163491895,192.98750124709122,0.2734290781961999,4.028595083730092,28.637541524285187,77.2350962576466,0.0,48.010211118012464,192.23277496119067,2.4074511248003203,12.0
173300,0.2091987456720542,0.2797986290141256,-9.843565970884386,0.025267123440684814,0.011380835447345545,0.007187033763235639,-33.116229495402145,-9.785638609302108,27.035465683309752,192.9949481690448,0.2734290781961999,4.028595083730092,28.637508985647877,77.23515027954706,0.0,47.67736339486856,193.14672921888817,3.973220881802049,9.0
173400,0.06738874909251526,0.3047699760386781,-9.407211244174539,-0.004908486738179784,0.018739638444752082,-0.006551061813385191,-37.051480098755306,-9.084880669922871,24.55324616872168,193.00684591147856,0.2734290781961999,4.028595083730092,28.63751704736085,77.23515680228601,0.0,47.14165674406443,193.99989062771115,3.2983095449863806,7.0
173500,0.3498897884682036,1.0785291948817424,-9.622044258078391,0.004974565046066526,-0.0009066731297239896,-0.0015729218871451374,-35.413353873440904,-10.441435611047195,24.62515759434875,193.00988000904806,0.2734290781961999,4.028595083730092,28.637519508693778,77.23510927650972,0.0,48.060193771912715,189.1259035278373,4.653172571770816,8.0
173600,0.01605013746870483,0.12058609784251029,-9.921062555018125,0.02558055998874344,0.013774504045320195,0.005596312214691909,-33.96772292529292,-9.37461573123241,28.395118349933302,193.00478473252284,0.2734290781961999,4.028595083730092,28.637575212909017,77.2351984113454,0.0,47.6181726691072,192.56545183244694,5.120865820139287,12.0
173700,0.05575969046377641,0.21025346210339185,-9.265599754678616,0.005139440316403107,-0.005734304864022541,0.0008103209669827317,-35.975493678680664,-10.961714427528777,28.6205216300951,193.0241264537515,0.2734290781961999,4.028595083730092,28.63745925879125,77.23509660244514,0.0,47.33996503797812,189.76818851021983,0.28999420219843985,7.0
173800,0.040922295307261436,0.6588272630228069,-9.200548938111746,0.009120816093769354,-0.009434548592782852,0.00817832088061259,-35.56053540081917,-7.761093053848646,24.787526109327366,193.02020122995702,0.2734290781961999,4.028595083730092,28.637475009250952,77.23516021800322,0.0,48.25077235502209,194.57970604250158,4.220393635021068,7.0
173900,0.2034367912726779,0.45227919665488914,-9.960716010294774,0.005999595642755303,-0.0068622853771205155,-0.00301757113219303,-32.77235288247825,-7.39121553731846,29.666502275008835,193.0227516063581,0.2734290781961999,4.028595083730092,28.637446110576867,77.23509665550199,0.0,47.54515706251529,192.36635968585523,3.284378540597334,11.0
174000,0.20791027106079465,0.747595469110577,-9.554601751521679,0.006100413349919562,0.008559062802607448,-0.003951964146783279,-34.530829714594205,-9.520522738347838,30.633169296987152,193.02720208825625,0.2734290781961999,4.028595083730092,28.637493291390378,77.23511892367532,0.0,47.17605986211051,194.19519830228987,2.7605069662574153,7.0
174100,0.6436488308991595,0.9160486831331438,-9.312930969865024,-0.002391939954450982,0.014962042569202888,-0.013311464921648992,-35.3223330544947,-8.750232353622508,30.960310927057876,193.04496395802886,0.2734290781961999,4.028595083730092,28.63742078024914,77.2351337264876,0.0,47.24701355609318,192.16705360226047,2.8360774147362475,6.0
174200,-0.5639164536489853,0.5802353565727674,-9.569681035671291,0.011591612586988934,0.009958954623451994,0.0038332144804968074,-34.83163308842179,-6.774685995137121,27.546475292174975,193.0362221450947,0.2734290781961999,4.028595083730092,28.637425110347028,77.23516753352358,0.0,47.73363751319441,195.55193821038418,0.506874179349988,8.0
174300,-0.4557389015052915,0.4569008010253973,-9.352492623848768,-0.0028984326629455824,0.01831799957739119,0.003348741448185741,-38.81471248010595,-7.296203076037024,27.425603951521424,193.0422753715579,0.2734290781961999,4.028595083730092,28.63740744987894,77.2351336565955,0.0,47.57006554903259,194.26019722936556,2.8667164167663772,9.0
174400,-0.2878121759539779,0.8187893814049083,-9.662181973206685,0.008526548714612527,0.028677728913240524,0.0029978322410230433,-31.673072333406946,-6.514315095289669,23.252004187395563,193.05260224475,0.2734290781961999,4.028595083730092,28.637400172313278,77.23507240187317,0.0,47.43122604266945,195.14708238292783,4.661985275254005,8.0
174500,-0.3882931885723352,0.7297589286693998,-9.505360494914633,-0.006473790915313885,0.011525293726243776,0.010587727206034151,-33.1360839353386,-10.14804162734754,30.04398224991616,193.06856684381606,0.2734290781961999,4.028595083730092,28.637409714530932,77.23506276837227,0.0,47.62900926211655,191.5593492884381,3.713021138324722,6.0
174600,0.4555822768893834,0.7038549215343822,-9.221116444902595,0.018043168203960343,0.000841328123840736,-0.008751076149690033,-33.491726977425536,-9.184011233599884,31.599334493316935,193.07688335258538,0.2734290781961999,4.028595083730092,28.637407024938074,77.23507518916276,0.0,46.90675660792177,187.92590969428204,3.6835038176961676,8.0
174700,-0.3317179056096316,1.2208041575140312,-10.03137828033343,-0.0042700068448675655,0.023405100977942708,0.017360570947191872,-33.62542791739731,-6.858718552620363,25.920867327586343,193.0796880988559,0.2734290781961999,4.028595083730092,28.637418482569487,77.2350699315249,0.0,46.736417679453126,195.2873606715151,0.825376181223032,8.0
174800,0.34894365176125125,0.7051094700852737,-9.510132298269104,0.019377922087306713,0.007023646536762218,-0.0025800552915363293,-36.656570638123256,-10.98736147562304,26.914949814087347,193.0856348692422,0.2734290781961999,4.028595083730092,28.63731497981195,77.23515394302287,0.0,47.430020637199036,194.07322263830272,4.839638550678076,7.0
174900,-0.04560937439784714,0.45789638691613377,-10.031411516235302,-0.002411103122148782,0.011732614387155163,-0.016834158579687484,-32.59574515161191,-8.745631685968917,26.958283922303465,193.0885005935578,0.2734290781961999,4.028595083730092,28.637392632283557,77.23507230321961,0.0,47.735726966477245,193.80754543385586,3.218435118271297,12.0
175000,0.34671783594007566,1.0943611900238497,-9.241404408481769,0.01087624098205865,0.021071815686920875,0.009717332408373008,-35.06854103617861,-7.931529060554779,30.018431236898877,193.0735476533422,0.2734290781961999,4.028595083730092,28.637368535230774,77.23514129732767,0.0,47.03787739017079,191.46915692708967,1.7174740327837765,12.0
175100,0.3731097759954909,0.6406096703803617,-10.097615906127691,0.012904921824704572,0.006773802985371105,0.016271950639661893,-34.59608771814489,-7.1179971809207565,25.75816700203465,193.08446846120665,0.2734290781961999,4.028595083730092,28.63737415793051,77.23505567216439,0.0,47.32718779178417,194.97396046499009,1.1394846108010372,7.0
175200,-0.36438252435069324,0.46583471381684516,-8.885862805558796,0.007349964593533353,-0.0018942395445916797,0.001605224160972609,-34.998360178330074,-7.9839531036123415,27.07424908406033,193.09099254304024,0.2734290781961999,4.028595083730092,28.637376128667466,77.23510026518676,0.0,47.96901716708789,193.6510728177579,3.3246566559680186,8.0
175300,0.11437416646521201,0.46790622015681815,-9.799194892069268,0.009747534404013412,0.006150256173933666,0.005737616261703469,-32.48444273756649,-8.501955257065339,29.679307767694638,193.10034865010053,0.2734290781961999,4.028595083730092,28.637378488682817,77.23508859241164,0.0,48.135835978348375,194.80611410010124,3.6661692200853264,10.0
175400,-0.021619211790167243,0.5056543931617891,-10.053494633120597,-0.002480902850214099,0.01476244471218777,-0.002362176009282066,-37.25596057117366,-6.014367628595291,31.35848719099732,193.11529334246322,0.2734290781961999,4.028595083730092,28.63731100298594,77.23509144299716,0.0,48.53986703538502,190.8947269850266,0.7312370014431022,13.0
175500,0.21242382083501332,0.42157001957653606,-9.714878823107545,0.007272275025800971,-0.007231889325902627,-0.00865307949166115,-35.62654063865155,-9.560131493868735,29.523733565757556,193.10796534040662,0.2734290781961999,4.028595083730092,28.637294921225774,77.23512431691785,0.0,46.94357284725523,192.799287669702,4.68496168208454,8.0
175600,0.07713825107694613,0.705214108871466,-9.938265368064913,0.011698078314734395,-0.010830792497445261,0.010479078806598813,-35.824822937551644,-7.623378685034023,32.04882507226709,193.1127382797221,0.2734290781961999,4.028595083730092,28.637267408495156,77.23509459196043,0.0,47.16772114567862,193.85347029894777,2.5258130592123242,7.0
175700,0.5269983022111615,0.5004600169131963,-10.396178287533777,0.01307726679161305,-0.0017873600764881318,0.015181430691855112,-36.84699124482386,-7.118759075130849,29.032884260558554,193.11723534079366,0.2734290781961999,4.028595083730092,28.637296133635115,77.23509462002615,0.0,46.206127837674124,191.48720471164137,3.7285970390005128,6.0
175800,-0.4296299628984256,0.9670906924438954,-9.965407700855009,0.0037980671477169546,0.025031313175051858,-0.017894024547415524,-34.102030713840364,-8.751262193329042,30.13143228449466,193.11602361957887,0.2734290781961999,4.028595083730092,28.637301998642727,77.23510305756595,0.0,48.11587008425766,192.19063702581295,2.6121080099079736,8.0
175900,0.3921126657658293,0.5146571648034631,-9.510664525639074,0.017073382881398088,0.012668178265920316,-0.0060894587694252655,-37.31705592679606,-9.679669253606205,27.060133370245342,193.10829177366764,0.2734290781961999,4.028595083730092,28.63724428023739,77.23500288302287,0.0,47.46722099263389,195.3432191987933,3.064915855213297,13.0
176000,-0.147915082213308,0.8976575117621302,-9.684835823404141,-0.013732795035926254,0.006312220379677029,0.011491092825022186,-35.74514262204881,-8.292588770802992,26.29741309916226,193.11166812868987,0.2734290781961999,4.028595083730092,28.637225361828165,77.23504913387,0.0,47.987081713433206,188.35868850865756,4.406976048675041,7.0
176100,0.04215100882825725,0.051749679347043887,-9.232500927031769,-0.015529222544814675,-0.006622976107491014,-0.0015521740398778791,-36.94157300126761,-4.411224140837593,25.87013080441151,193.12884197928224,0.2734290781961999,4.028595083730092,28.63725432224572,77.2350660566592,0.0,47.05312497573803,192.23584305463132,3.0483924594973213,13.0
176200,-0.0005740166627367926,0.3567887651539672,-10.048024620466947,0.017212665288687083,-0.012339204582696214,0.00443964534382014,-32.3981069308126,-6.96381525643045,31.678317634292313,193.12054457617143,0.2734290781961999,4.028595083730092,28.637195767511358,77.2350819462797,0.0,47.7655431311833,194.55550693992004,1.532105554013618,6.0
176300,0.30028252706917935,0.643299633801177,-9.767302790727157,0.018441800332839823,0.0038697790070334644,-0.0013099106515641334,-35.3132037930009,-12.089700452699798,27.407359825007894,193.13741546271922,0.2734290781961999,4.028595083730092,28.637186083026656,77.23507434263928,0.0,48.17041012193922,192.13517554355641,4.007169681180677,7.0
176400,0.07490176314224964,0.2561488713153462,-9.538693337141202,-0.004289042035005867,0.008449819628615966,0.0044034279217021735,-32.25536518514743,-2.7956166239567635,33.38665808195295,193.13381353629012,0.2734290781961999,4.028595083730092,28.637113262680923,77.23511172756322,0.0,47.515047938419784,189.54606950761126,2.6749266633237765,6.0
176500,-0.4593519824023897,0.7385070947308278,-9.834766893561815,-0.001506083259248333,0.009303503839948072,0.0013383977924268698,-33.9062102372125,-6.169293217493826,28.101254334849934,193.140303045765,0.2734290781961999,4.028595083730092,28.637161481406274,77.23506540649356,0.0,47.87688851469599,192.78311793600173,1.656921837068138,12.0
176600,0.09114004205577153,0.31448049023456043,-10.009583136987853,0.008292424442223029,0.0071568658429489625,0.004938003313060892,-34.29119860256489,-6.111403888382799,27.459864770761417,193.1471276656877,0.2734290781961999,4.028595083730092,28.637185188531866,77.23506696915553,0.0,47.46134331840061,188.84563606050463,4.961244651572685,11.0
176700,0.5289219831969703,0.4517676021222805,-9.681269280274078,-0.007563524645297216,-0.004605018658847365,0.004939302477141364,-32.918612954186656,-9.268750114357964,26.71142719044227,193.14565931798163,0.2734290781961999,4.028595083730092,28.637079853188958,77.23502357408286,0.0,47.224503897336,195.47990416805,4.347404930238385,9.0
176800,0.10936678153446683,0.34495790812813365,-9.751680916714031,-0.010807915850527008,0.007797961870747142,-0.010935229953152315,-32.79477329589438,-3.4964433532077344,29.27269517250252,193.13965866565678,0.2734290781961999,4.028595083730092,28.63714571103392,77.23506645256492,0.0,47.48186940480584,192.78990710633786,4.7354869097231935,7.0
176900,0.10419347143806675,0.4389498505051165,-9.732587269835806,0.014435234116113391,0.028002903889990757,0.005484386161689147,-37.222698311058856,-5.608278956687537,26.81490948172177,193.13192868555913,0.2734290781961999,4.028595083730092,28.63714920388777,77.23502208786839,0.0,47.84109941621791,189.74757298568107,4.5770903419741495,7.0
177000,0.570200142601967,0.47661425011478553,-9.409221598288886,-0.017377298671982733,-0.0087404217035994,0.0015091385681223674,-32.874486383416965,-9.46354013902723,30.999718811151954,193.13409843034236,0.2734290781961999,4.028595083730092,28.637131472353545,77.23501511421402,0.0,48.33824491212086,190.02133306123864,2.6780356797206286,7.0
177100,0.2866576679296851,0.6796487281953109,-9.543845440925283,0.011169573591569306,-0.00019619470936861356,0.01496171731091992,-37.071943845423036,-6.8030112444740904,29.113881297946715,193.13276395983388,0.2734290781961999,4.028595083730092,28.637118213995034,77.23501389328476,0.0,47.56137657702384,193.1412117648069,3.037338351324496,13.0
177200,-0.5498534257847679,0.5812223270255055,-9.813166638242691,-0.000819960999369645,0.0013803095688399076,0.012472770438173223,-32.22432337715552,-8.758175371648694,26.926820405596864,193.15624238023796,0.2734290781961999,4.028595083730092,28.63707977614107,77.23505633357533,0.0,47.69074727968609,190.88481393580443,4.550044882517912,6.0
177300,-0.5535298250124187,0.7166680191816528,-9.650391574950023,-0.0012509927267871073,-0.003028094279676521,0.0077673254331109345,-33.81834951299115,-11.006985559951593,26.68629740838677,193.14967854628142,0.2734290781961999,4.028595083730092,28.637115293936137,77.23506854569871,0.0,47.466943273268484,193.64740232324144,4.364478583820009,7.0
177400,-0.3032393869813975,0.24052978826260335,-9.220578193296811,-0.011558895461740767,-0.00237994479158048,-0.0022263255856080585,-30.65560883980909,-10.762506197443772,27.332551880866482,193.14460259959716,0.2734290781961999,4.028595083730092,28.63710148439491,77.23504134513948,0.0,48.28881890832248,193.47428182203856,4.714433681038717,6.0
177500,0.18575071032558418,-0.01619361669894337,-9.613148551015266,0.012443712767749205,-0.005261480680423608,0.009515245059910487,-33.819870190125656,-5.3921278883370185,30.802807336770222,193.1380118033591,0.2734290781961999,4.028595083730092,28.637094987077365,77.23502382316931,0.0,47.7296410540564,192.99236865965378,4.022851446394842,13.0
177600,0.14279145171838076,0.6528523671827942,-9.704473734899555,0.027071423243262678,0.008610319890408258,0.015851503815709277,-32.08977431402054,-9.747468122605977,28.89736708451913,193.13683042286104,0.2734290781961999,4.028595083730092,28.637011659922504,77.23502719291733,0.0,48.28508314685028,194.3336347055821,3.6594355628616624,13.0
177700,-0.6859038025057338,0.816944797466428,-9.492352333379674,-0.01084735886996924,-0.0021456751347580768,0.006229838540889787,-32.59430706790718,-8.844381802733727,26.09722592596989,193.13685845669303,0.2734290781961999,4.028595083730092,28.63702215780261,77.23501133300455,0.0,47.69355277598352,192.3962582971133,1.60958259426947,12.0
177800,-0.11493259921099751,0.6850289923408318,-9.769741636789021,0.026855858081180187,0.014157790399340727,0.002997274564446973,-35.82103736231619,-9.02620859421997,25.957455672809736,193.14713714346163,0.2734290781961999,4.028595083730092,28.63702507294891,77.23502430064714,0.0,47.8885348776295,190.13207605736017,3.5258439724192447,10.0
177900,0.07244959363545111,0.6270053851438168,-10.075712515451027,0.016070217187609315,0.016735284341316974,-0.007625874058277837,-34.686947810850896,-4.744338856089134,27.61545293681844,193.1622089673233,0.2734290781961999,4.028595083730092,28.637011548922466,77.23503840807156,0.0,47.3103450749388,192.62332128392953,2.304869852433531,7.0
178000,0.0445079829971896,0.6997426507456311,-10.423680779191706,-0.007143914722442509,0.003890303630272437,-0.005600710803003961,-31.507335497184478,-6.143497777424028,32.21194207847114,193.15376272743802,0.2734290781961999,4.028595083730092,28.637025941988814,77.2350363740011,0.0,47.46465159730592,193.22052106217015,5.7051369910698195,7.0
178100,0.07586613745998842,0.2554376477548073,-10.07996690145221,0.009000098653418574,0.020803561156943838,0.00047825370636318375,-34.507645086399684,-6.110505772691789,32.694964670281735,193.15086379397871,0.2734290781961999,4.028595083730092,28.636988859762447,77.23493859114646,0.0,48.313323679361034,191.62185264373554,2.4642259624701945,12.0
178200,0.02223582062213899,0.8469597714873254,-9.787006625458565,-0.011336227079235192,0.012141625984469828,-0.004930004726305533,-34.00820787909322,-7.4136732572644615,29.185881348732327,193.15851885733667,0.2734290781961999,4.028595083730092,28.636969466855792,77.23501138458266,0.0,47.53539991479934,192.855692117237,3.2642021830172325,10.0
178300,0.10138140153970751,0.7842837740947788,-9.85124706569256,-0.0028355672958983724,0.004368724235748221,-0.0015409304836336787,-31.43375558856277,-4.86700518454738,30.231350017040256,193.1502213651091,0.2734290781961999,4.028595083730092,28.636946448553964,77.23499536853548,0.0,47.49293992371504,188.18075418508946,4.304006384249181,13.0
178400,-0.24141279764893595,0.7970079646770862,-9.774675190414127,-0.006492043800353267,0.008242102328768593,0.014099409215059321,-31.034763270410256,-7.893353902196375,30.456585234521988,193.15343919185926,0.2734290781961999,4.028595083730092,28.636935008053662,77.23497264748607,0.0,47.253076542760546,193.65647373237988,4.064466197113029,11.0
178500,-0.6564206846882126,1.164081773235162,-9.602002914524657,0.0049671905335545545,0.005407557085052911,0.005252812883305745,-35.977627359839,-6.93235909039562,27.329701172686107,193.14654613789895,0.2734290781961999,4.028595083730092,28.636935015112556,77.23502256557353,0.0,47.453022035104816,195.4949984200591,4.998734269774852,7.0
178600,-0.17344168291129763,1.2860363792401754,-9.989314350689433,0.008165860529829396,0.008193089508986923,-0.006839977017073832,-35.72421910840995,-2.7686824566344432,30.09889748137288,193.13423833033343,0.2734290781961999,4.028595083730092,28.63690421937237,77.23501809655247,0.0,48.31835957976651,195.44542242547084,4.528404588518525,7.0
178700,0.030986617746459097,0.5184616876006624,-9.91854029316686,-0.004450085399410984,0.01865607626800715,0.005206462920850049,-31.26789197279889,-5.471749879393823,27.867441955661082,193.11860602355677,0.2734290781961999,4.028595083730092,28.63697440968157,77.23497966019212,0.0,47.679474970631276,191.62748924297912,0.09954613377233645,7.0
178800,-0.3359481926666083,0.7066923707514026,-9.708072319832558,0.011443591981906392,0.006708711926164153,0.009424356619679957,-34.61713945537088,-6.757525143554371,28.174558452786897,193.13555430377306,0.2734290781961999,4.028595083730092,28.6368943928624,77.23499330775195,0.0,47.17144020422438,191.501882466686,3.0744905766768147,13.0
178900,-0.36236976178600117,0.5812291350250706,-9.589704297280937,0.021417375090165208,0.02551749785114958,-0.001014302484819042,-33.353206926064715,-5.7356242998285305,28.24369593233488,193.1232888512669,0.2734290781961999,4.028595083730092,28.636887521920226,77.23497081893315,0.0,47.2342364917294,192.95817259651085,1.7626785521762915,11.0
179000,0.3903577415936264,0.5656309830563512,-9.726174186829871,0.00023122049009692645,-0.0024989666848202093,-0.020850961252528017,-29.777368960378077,-5.161984351113817,27.790481009467463,193.12294618476275,0.2734290781961999,4.028595083730092,28.636935879055564,77.23496955266785,0.0,47.90775921244745,191.41651445501736,4.229600422169916,6.0
179100,-0.28076621707399285,0.3782629025280428,-10.10536619829997,-0.005891120868898587,0.009879856847642088,0.0005605757765991524,-30.51488667472114,-6.660148869815771,32.785217605967986,193.10520403384285,0.2734290781961999,4.028595083730092,28.636873795312876,77.23492998035321,0.0,48.015937233000706,196.51152270767184,5.168216886503835,12.0
179200,0.7636196675543437,0.10835044692867912,-9.594344041976795,0.00994048621372097,0.004928030069497024,0.006847590234237851,-35.16615954200534,-10.197484618843056,28.922093783085867,193.09743739581458,0.2734290781961999,4.028595083730092,28.636834219873307,77.23494520579091,0.0,47.86815940910035,192.39386278601862,4.954547880914634,11.0
179300,-0.35907433545595746,0.3387408695180455,-9.773746281853622,0.00852298136016106,0.022560324484443547,-0.008030870843999607,-35.85375689826685,-7.055143890221031,29.00470261625759,193.09341398038447,0.2734290781961999,4.028595083730092,28.636820583571268,77.23495668837714,0.0,47.360003632259094,197.29652037796598,4.399187536128463,12.0
179400,-1.9243603923472226,0.1655649823058352,-10.079274857449724,-0.016896015073803575,0.008110896167000396,-0.0017214498980877087,-34.52721332059268,-6.695308883416075,31.184412646276023,193.0928870587677,0.2734290781961999,4.028595083730092,28.63685782745332,77.23492000114551,0.0,46.42246513870424,194.66864159596784,2.8898994351800216,7.0
179500,-2.7848415222660647,0.25898652128959226,-9.883987948589827,0.013531682406688169,0.008602258156444206,0.012355587412700588,-33.549632230350745,-10.241321955248297,26.314028845482063,193.09837941812674,0.2734290781961999,4.028595083730092,28.636831916024107,77.23494756864311,0.0,46.42939676077933,193.45731774848338,4.1953290077640455,6.0
179600,-1.963446987641991,0.4805300329195459,-10.356698548009962,-0.007322470996045373,0.0016452941953160253,-0.005631657759139045,-36.14745916381966,-7.632714337512722,30.476524651236115,193.09104894697623,0.2734290781961999,4.028595083730092,28.636848467537103,77.2349483607003,0.0,45.65839273447324,196.47330184414673,3.360058354271097,10.0
179700,-1.4731493532648234,0.10678644608300858,-9.723015102026881,-0.0063822107059607605,0.004681347575571301,-0.001052023556656254,-34.77202925589964,-7.489508114446066,30.323263224361863,193.07645567838384,0.2734290781961999,4.028595083730092,28.636845925102904,77.23491547454978,0.0,43.38079478497138,193.08091704020757,1.9178316339228239,9.0
179800,-1.8136716464044884,0.6360723526526972,-9.473282744806136,0.025673619111533725,-0.0027998073951455245,0.017799883656999867,-35.510899588933654,-7.872454222996589,27.662811330793605,193.08566993416937,0.2734290781961999,4.028595083730092,28.636800440957362,77.23491781297713,0.0,44.76927440754754,193.43118824216003,2.9319116584409644,8.0
179900,-1.936580225485042,0.00030719630461134573,-9.393384682404191,-0.006110406661915021,0.0009482922291696094,0.002821586423332049,-33.03960515428604,-5.94760633077517,27.765956831869314,193.08159425434957,0.2734290781961999,4.028595083730092,28.636779741439398,77.23496188411198,0.0,43.10608836870997,192.18227394575234,4.077793618150974,12.0
180000,-2.115540545150771,0.6165407213222107,-9.164450470148587,-0.014083361655821441,0.0007929287207340818,-8.768015291189726e-05,-31.850292992009127,-6.6010648092691415,27.665003364967326,193.08274786618733,0.2734290781961999,4.028595083730092,28.63675066945927,77.23502443333678,0.0,42.112161944638295,191.68509973124569,1.1196139316632752,6.0
180100,-0.7798183768175296,0.5964981629457043,-9.696864308599844,0.01487379771532225,0.03140986298329195,0.02052131903504853,-33.42838681438417,-7.616897750684787,30.35386793656273,193.10656140611695,0.2734290781961999,4.028595083730092,28.63674328749554,77.23496836560301,0.0,41.06727967712123,192.89494634622517,3.193460959270483,6.0
180200,-1.3913300011994076,0.3761525636895385,-9.567558480240685,0.0035533117793445897,0.004088411703346515,0.0024366620901785127,-32.77843031319148,-9.790576638403342,30.16976786299254,193.10548716382033,0.2734290781961999,4.028595083730092,28.636732322188568,77.2349095610435,0.0,40.89031025352167,196.77654870926193,3.496861197582416,7.0
180300,-2.438076621427245,0.6057426538446311,-9.80088000997169,-0.002221220193552793,-0.0031773188636912654,0.003449713095324571,-35.075758499377734,-5.911855536329602,30.179294934721646,193.10118200251952,0.2734290781961999,4.028595083730092,28.636760106651643,77.23495281512696,0.0,40.85506767535842,192.66602277559508,3.8733190399227357,11.0
180400,-1.7852517286104175,0.3115060252907798,-10.161537177033038,-0.006191869473199728,0.010741144540858692,0.007066680984269789,-33.350511537808885,-9.016120576199297,27.73779540477192,193.10942589628357,0.2734290781961999,4.028595083730092,28.636721013150208,77.23497103922716,0.0,39.40031423614734,192.10075346391392,0.8024686167480306,8.0
180500,-1.6305347489971223,0.4066160782761609,-9.378585092277381,0.0006427584002634311,-0.0073880480971067,0.009494725691301293,-33.592175347367416,-8.214206466885281,26.110460950888424,193.11059451848908,0.2734290781961999,4.028595083730092,28.636757915101054,77.23492635767373,0.0,39.45228818777619,195.3364478731014,3.3690085040960547,7.0
180600,-1.6443069513185244,0.46721118954639884,-9.931490868296692,-0.009737745671956108,-0.013395492524471597,-0.00843944041195426,-31.823826096204584,-11.787404675828176,29.602962407405638,193.10944143966293,0.2734290781961999,4.028595083730092,28.63670770381421,77.23491826799238,0.0,39.299587709941804,193.32912791357074,3.6703115880523227,8.0
180700,-2.052291947160958,0.5565165242736204,-9.23524093454737,-0.01047849350038867,-0.005883637008284106,-0.004675561579618209,-33.20780160652461,-10.727876555195317,27.787555693567214,193.09810996331888,0.2734290781961999,4.028595083730092,28.63671354246687,77.23491612409272,0.0,37.992441855803044,195.32567202645888,1.924826623161376,6.0
180800,-2.7512714268215905,0.7700909137102445,-9.693461141964598,0.0016282046690878314,0.003963370034304003,-0.011258864908227716,-36.57043503194703,-7.02644764392909,27.72163184556202,193.08299740250985,0.2734290781961999,4.028595083730092,28.636736182998483,77.23495052910417,0.0,37.47476947387023,190.43589903056508,3.193823089840156,8.0
180900,-2.4137513669953177,0.3201802014170279,-9.702627514068139,0.0004263186597111652,0.0214943764562977,-0.0005448837766226509,-33.6072603508008,-5.802768586500285,25.760751148929902,193.08727918478624,0.2734290781961999,4.028595083730092,28.636687531290832,77.23493594333385,0.0,36.73106872375766,192.1988223587254,0.7357662768384712,12.0
181000,-1.312027453164514,0.08948596151872223,-9.511883643095118,0.01720727552485264,-0.008246466200801151,0.007692623482865623,-33.94916702117157,-8.237738702629391,27.740567648034318,193.07589105412373,0.2734290781961999,4.028595083730092,28.63664144161191,77.23489877714292,0.0,35.86578052001852,192.88314864594125,0.32270377417122464,10.0
181100,-2.4996519893527336,0.5678449246384281,-9.975601817672201,-0.00450927036677947,-0.006696519591913259,0.039090870938830076,-30.43756595366601,-5.585033067016875,28.680617422687035,193.07392138041263,0.2734290781961999,4.028595083730092,28.636671691954582,77.23491443737181,0.0,34.8767770734318,193.24481994768556,5.37896668154414,12.0
181200,-2.125628981604622,1.3799273211149758,-9.425868470863215,0.008584243028242948,0.01932302862110684,0.09195745528400875,-34.5351283626837,-10.51195808138817,28.823923013751617,193.58886226541622,0.2734290781961999,4.028595083730092,28.63662143765022,77.2349194762929,0.0,33.573820819988285,196.63851916690382,2.211287247026482,12.0
181300,-1.6737080648317408,0.957749648771491,-9.921126114769542,-0.012742414342006979,0.00658694605514941,0.09886022946221619,-31.318131889700048,-10.014286920635538,33.956025443420884,194.11709868170777,0.2734290781961999,4.028595083730092,28.636706771553527,77.23491143887503,0.0,33.446717294083335,190.66349974835003,1.823418117505525,11.0
181400,-2.7898467124409017,0.9266267477679517,-9.402129712001777,-0.011250642256620657,0.002751641774026978,0.09934040850418613,-32.17361413306959,-9.591338251120344,26.87218622187367,194.61917161435974,0.2734290781961999,4.028595083730092,28.63658957356829,77.23493869786608,0.0,32.660357918771346,194.05108641666203,2.4311100966177577,8.0
181500,-2.407484538250602,1.3412652248656234,-9.716863143789329,-0.002243352504588539,-0.010679166218743485,0.10551887391371405,-32.28139550354393,-11.117550322170253,26.303840648991635,195.13257538565563,0.2734290781961999,4.028595083730092,28.636678773849514,77.2349104815402,0.0,32.02309362125977,196.50237168810835,3.5001794666724733,7.0
181600,-1.8326428792038,1.5376289406576695,-9.875040543255105,0.016901371037781988,-0.0006322998085211643,0.09110026231420439,-32.654597649412835,-8.076358065436853,31.13095634483906,195.63317127714532,0.2734290781961999,4.028595083730092,28.63663754219959,77.23495780632574,0.0,30.289279044926797,194.705253399511,3.622887439199359,8.0
181700,-2.2020726472778573,1.1505263218079493,-9.609872731837191,0.03165927950096976,0.002874501132597419,0.11173299953181082,-33.1552643689568,-11.70321263862864,26.404413099752773,196.14282810047393,0.2734290781961999,4.028595083730092,28.6366226879045,77.23491218121937,0.0,30.423254757953742,195.52522189313876,4.921601292933565,7.0
181800,-3.3851731824036864,1.073869589980448,-9.56782478563466,0.0014324364903618059,0.005938126425409361,0.1053581281007542,-34.137915022102256,-10.925422492259573,28.878390124956688,196.65839990613225,0.2734290781961999,4.028595083730092,28.636626796079515,77.23494633586988,0.0,29.148829143536094,196.22926562048778,1.9007341866599152,7.0
181900,-1.6153018992060393,0.5801667828638073,-9.680111055828688,0.008636103752489221,0.004845718129451539,0.08746143794247463,-34.00033334179808,-11.776174183517714,27.358903589148188,197.16712115249166,0.2734290781961999,4.028595083730092,28.636592138218813,77.23489222986059,0.0,27.536793904698172,198.46235606438083,2.2866927831590256,11.0
182000,-1.653884677765035,0.9997660892271114,-9.5398329627266,-0.0030309579821056606,-0.014006705233979701,0.09566313604806018,-33.2172094717705,-10.185054319088643,26.096456526813952,197.6830035239795,0.2734290781961999,4.028595083730092,28.63654509977257,77.23489221965546,0.0,27.56614381149467,197.12513561669778,3.4796364328114513,13.0
182100,-2.0956590658022107,1.055441663145712,-9.597067197681621,0.0008861991189827948,-0.002801985952113779,0.0870198983267004,-34.4983223208776,-11.706158231553337,29.395743864933834,198.194804783672,0.2734290781961999,4.028595083730092,28.63661569100473,77.23483066820467,0.0,26.5777738460754,197.5700805105387,1.0185389171656656,9.0
182200,-1.8648666398495353,0.5859207759723106,-9.448033270328152,0.00662938365882534,0.01544089246294214,0.09962104767269764,-29.95981235622527,-14.481194810838941,26.88558190082109,198.7096735025446,0.2734290781961999,4.028595083730092,28.63659469178686,77.2348841734106,0.0,26.074102451923395,198.93239913303717,2.508235939420085,11.0
182300,-2.295673154158917,1.1100386727212292,-9.534222930034632,0.010768742319346472,-0.0016209631742538193,0.10123614087691386,-33.55259028102139,-8.427911025717739,28.79362613864338,199.23370628162596,0.2734290781961999,4.028595083730092,28.636641565965146,77.23484096955413,0.0,25.074497135122087,201.83319852360322,0.264587419334569,12.0
182400,-2.6920948948709,0.7866105695587334,-9.764689374905476,0.0003878352728860198,0.0011473401169678843,0.08121506719439396,-28.963828850010493,-14.807487760551618,28.957117907243013,199.76486368897267,0.2734290781961999,4.028595083730092,28.63660006062997,77.23485071127651,0.0,24.773747916386988,201.791063375355,1.6679060704185869,10.0
182500,-2.635155312251432,1.0176000879414613,-9.623157867232996,0.010346751050553098,-0.011348564960012457,0.08146043595910706,-37.29431970640559,-13.335041303599548,27.213454486936115,200.2784706050706,0.2734290781961999,4.028595083730092,28.63658505691341,77.23490148620535,0.0,23.932634826851565,200.74242852235804,2.2345584561863183,8.0
182600,-1.9735694140456885,1.5492452673992254,-9.711431122712245,0.002164706288658795,-0.0025551902224147972,0.09187633873176751,-34.05640635265515,-13.04501770541774,30.881225512786777,200.78486609733818,0.2734290781961999,4.028595083730092,28.63658309861836,77.23485875374102,0.0,22.460784685531852,201.3617168747419,3.1512765109252494,13.0
182700,-1.4865969854487984,0.7663287179935974,-9.702922944575105,0.0031355101909347947,0.011934270328863818,0.08528059172136152,-31.453971937628484,-12.980381332672586,25.476035008942915,201.31930968111791,0.2734290781961999,4.028595083730092,28.636558920850348,77.23491623127353,0.0,22.057278010822376,200.27572111293821,1.2704287789755595,12.0
182800,-1.8864832094008934,0.658040307385368,-10.01004330791308,0.005731245953093959,0.015568242047608177,0.08536999615494242,-32.70953385454763,-13.544835296570731,26.907757946020325,201.8399815282408,0.2734290781961999,4.028595083730092,28.636473813020753,77.23486947082104,0.0,22.005554278247374,199.98126920892625,1.9435514012024795,6.0
182900,-1.7770166330733066,0.5813128512496278,-9.796640063095241,-0.005075137782218963,0.009996851973084383,0.09503391208537226,-32.88472109486123,-13.098812941298203,24.884923865686183,202.34246358683868,0.2734290781961999,4.028595083730092,28.636565713922185,77.23478719820368,0.0,20.913683783646302,205.83753081069875,5.4294851894588305,7.0
183000,-2.1698721178213214,0.6697665876466679,-9.50928604798121,0.0033112175977573965,0.005490012995126994,0.07939826977675254,-24.365333469988926,-12.637717331122193,31.022063475841428,202.85791422967887,0.2734290781961999,4.028595083730092,28.636573831163883,77.23485600612794,0.0,20.27946351646086,202.80888585466752,3.22395715721951,9.0
183100,-2.9053219708379103,0.4837893615972766,-9.465293066184293,-0.011708988034872195,0.0006213838012778146,0.07567769027962354,-31.442128418320355,-14.620430232481942,30.503347285423104,203.37379230752853,0.2734290781961999,4.028595083730092,28.636518397311324,77.23486335170594,0.0,19.31537962518479,202.14487151698992,2.451339378206801,12.0
183200,-2.0259675107650574,1.0597538518616323,-9.059617511136352,0.018958540700119975,0.0022737743735891046,0.07300208544174404,-32.00817174634112,-13.005635862212692,26.254754901695115,203.90190423981565,0.2734290781961999,4.028595083730092,28.636532801107574,77.23482438700161,0.0,18.80896265323025,204.82796152385026,1.2668034657583154,9.0
183300,-1.691426590583776,0.6166913587257583,-9.418366066755112,0.006958678467260297,0.00592514289944461,0.0875136379444722,-30.268814350185053,-12.07256777193527,24.89840285114917,204.41653595470223,0.2734290781961999,4.028595083730092,28.636565999160187,77.23488694157149,0.0,18.250030946865564,208.16079995938045,2.9480860151295962,13.0
183400,-2.074949271410448,0.7034984578998111,-9.75828305761576,0.01864883657689751,0.004326487871928625,0.08820620345298381,-33.28622089870103,-15.11270145868131,27.599968977580872,204.91016390302954,0.2734290781961999,4.028595083730092,28.63649574091305,77.23484492409038,0.0,17.651030550351386,205.02746623924082,2.7940749527041224,7.0
183500,-2.477373016911526,1.1355592653211466,-9.22894225427629,0.010302096767344946,0.037874392701177394,0.083502913554155,-33.43310778430862,-17.386944800885058,28.423359262814554,205.42809849215487,0.2734290781961999,4.028595083730092,28.636528518693503,77.23486086955315,0.0,15.960566175892883,206.27477656646855,1.5538625037401876,11.0
183600,-2.3900016690556996,0.9165926587028084,-9.584238219810155,-0.004648889390113895,-0.01950490409913321,0.10363792372523242,-33.28143244264191,-11.607748252042986,24.411088423019795,205.95178400023184,0.2734290781961999,4.028595083730092,28.636490117100106,77.23486082618075,0.0,15.5417841750111,206.14196245506508,1.7463048529118508,10.0
183700,-1.5568773228999415,0.5788288859193205,-10.049722979905157,0.019943147736209133,0.004699075325035291,0.09345981984717804,-31.943812309245686,-14.742999003807306,28.906312225929064,206.46578578953088,0.2734290781961999,4.028595083730092,28.636544971550588,77.23488314264961,0.0,14.781030904747004,207.4549118591903,0.5494246206012652,7.0
183800,-1.8865334342682987,0.3941126052653205,-9.921862492937134,0.007871547683918746,-0.018754590950139788,0.0865298197625956,-33.568166097864186,-18.787122484579704,26.183286746915506,206.96909369303935,0.2734290781961999,4.028595083730092,28.63652798893906,77.23483717301212,0.0,14.136613088419287,207.21512147167974,3.2241621915963146,8.0
183900,-2.8272386548469264,0.6610153733768515,-9.185728588731145,-0.002216351493393603,0.004631532562570097,0.08529383265150756,-27.560225272706912,-15.5230108288354,30.044275967935175,207.4744371299315,0.2734290781961999,4.028595083730092,28.636525998153875,77.2348423030551,0.0,13.181411415831596,208.14960901311346,3.902637840371379,10.0
184000,-1.8815865126537274,0.8915886752204304,-9.496220724264884,-0.015892710035052604,0.006336799211899635,0.07621597402418342,-31.911040234916594,-14.668667560579031,29.093758754969084,207.9998461929405,0.2734290781961999,4.028595083730092,28.636496217364737,77.23488876793107,0.0,12.712718704390866,208.08378993180335,7.116719896686426,8.0
184100,-1.974763697327025,0.33378173554256246,-9.605264107559268,0.01189743761290609,0.021793580584285894,0.08975043806023472,-28.65245730689182,-15.726591456487771,26.778829102927613,208.50982308168295,0.2734290781961999,4.028595083730092,28.63645469536177,77.23480429019583,0.0,12.156989780573399,204.45635829955904,2.0469410839341524,9.0
184200,-2.1056089292096902,0.741186317837577,-9.92406733884,0.01497414401685961,-0.008137931294345292,0.08827863514998437,-33.04029391984832,-15.772682113207091,25.64883469792304,209.0358697670878,0.2734290781961999,4.028595083730092,28.636517705386172,77.2348301464493,0.0,11.671944398256837,210.72369150396116,2.1127298387300115,10.0
184300,-2.443916201046005,0.5770652498758421,-10.221416953081855,0.006190603857794458,-0.005174839707031419,0.09203153653310266,-31.902173361237736,-17.98300010434058,29.975644796770954,209.5414268784576,0.2734290781961999,4.028595083730092,28.63651420823699,77.23480849450438,0.0,10.132930658492858,212.19645855345573,1.9904600839184265,6.0
184400,-3.24448377524671,0.55426517613257,-9.73207302129199,0.0068515388909575845,0.023265426402859602,0.08678302144380656,-29.966695026270013,-17.64554762221388,31.03146267763805,210.05995470815162,0.2734290781961999,4.028595083730092,28.63650282803408,77.2348542581214,0.0,9.566390515511875,208.8708091672612,2.4749088398352352,11.0
184500,-2.1759664621150723,0.36054992032678235,-9.86673751109881,0.025337670894839227,0.006946452564760276,0.09808674870213879,-29.79132754997759,-18.562476267201674,26.852778703151277,210.57668430861787,0.2734290781961999,4.028595083730092,28.636477305565492,77.23479202367795,0.0,7.9581949537735275,209.51503462491496,1.9905076249704063,12.0
184600,-1.4624990871164631,0.5018614087768353,-9.749526097178846,-0.005911145333134283,0.009855855061246891,0.09894625619877408,-31.054533813169233,-19.85150082033028,30.697325885063908,211.10631777309086,0.2734290781961999,4.028595083730092,28.63654216503826,77.23485853323533,0.0,7.823338610464838,207.31725974643035,2.9608772668368646,6.0
184700,-1.4939685263610396,0.37768527371815963,-9.629761745590283,-0.0058989679841234275,0.010302178230076061,0.08054738344762025,-26.29886129864831,-16.954758472686997,27.77474427690195,211.61193586243127,0.2734290781961999,4.028595083730092,28.63648866466474,77.23481530503265,0.0,7.786897832296958,212.4166709249559,2.3551875213682747,8.0
184800,-1.603069727266198,0.5335347543806671,-9.586953622338692,0.022026611417946897,0.0018711372474538596,0.09600045974605619,-31.585817558105855,-20.503257386809597,29.63687410116544,212.1215420710613,0.2734290781961999,4.028595083730092,28.63649474075132,77.23484835287205,0.0,7.499077675164254,210.90334273147243,1.2379801801277202,8.0
184900,-2.043233883628285,0.8069937096143787,-9.98906099225486,0.011850987485410056,-0.00319729475226927,0.08114575477932966,-29.354899293827877,-19.101397983357344,27.493134904727544,212.6247857703803,0.2734290781961999,4.028595083730092,28.63654184278791,77.23484165129001,0.0,5.278333454339492,212.93412993567924,2.5133038085435073,6.0
185000,-1.9603518034651104,0.16089646538048807,-9.428953522910879,0.005183535502193945,0.026090090277931584,0.03354175741461983,-30.825398097310032,-17.19985565919137,27.037021835044825,213.15334337514798,0.2734290781961999,4.028595083730092,28.636453102735913,77.234862152359,0.0,5.809738927717103,212.85650592666323,2.585744323643203,7.0
185100,-1.537672215440179,0.9664410192345341,-9.299438445414742,-0.0012667371292820898,-0.007822804949157242,-0.0010952313953036348,-28.080845562328392,-17.42169751421842,29.818110984025562,213.13738935171057,0.2734290781961999,4.028595083730092,28.636493202354004,77.23482925297702,0.0,4.717973077512492,213.9924481581049,2.876118809451798,9.0
185200,-2.2175836439987187,0.33656045767341075,-9.636542009694278,0.0027444544602313005,0.007638821487399449,0.0006221851884903812,-28.973754392735987,-17.062908050212386,30.110648853104113,213.12583619383472,0.2734290781961999,4.028595083730092,28.63649485806005,77.23484301457052,0.0,3.5196379370266784,212.7828166366087,1.6371580480458074,9.0
185300,-1.5599017439107064,0.15534267769957733,-9.774962503085124,0.013858958377604036,0.01327279934296565,0.007960641664537964,-29.589709787966296,-21.191950944702505,28.804094126096782,213.10904871774375,0.2734290781961999,4.028595083730092,28.63653134780607,77.23485973000201,0.0,3.0777200710795447,215.16032852106164,3.932437708886081,8.0
185400,-2.5958144469245026,0.33400616970154734,-10.346590073648692,0.00997371617584246,0.0022409992252205497,-0.003162382233805175,-28.201707981031824,-18.677658643725174,29.30750582517287,213.10052632954148,0.2734290781961999,4.028595083730092,28.636517358401832,77.23482888928412,0.0,2.3865232480047225,213.20293705761085,2.8621320034098527,13.0
185500,-2.398526241717584,0.060984604263118275,-9.834334456078489,0.012158965101394071,0.004518768576072344,0.01034780292568891,-31.895670194085586,-19.94900592849935,26.912400308880187,213.11325621251032,0.2734290781961999,4.028595083730092,28.63644994642365,77.2348495376872,0.0,1.397838163787261,210.21707850808696,1.220738963467411,10.0
185600,-2.4520907585763343,0.9046047161408218,-9.931840635715513,-0.008935637233191664,0.012685783161463298,0.0013099306934395518,-28.56045745703659,-18.325236416923435,28.77306744782511,213.13742890650929,0.2734290781961999,4.028595083730092,28.63651344074006,77.23483041435263,0.0,0.5726683813261807,210.41651681352957,1.1645663928526249,6.0
185700,-1.38583123318379,0.19846845192250753,-9.704914492754115,0.002096678940796703,0.0015541613781146603,-0.012548777942109582,-26.368285620129015,-14.96147589791531,28.99884702705222,213.1378265763196,0.2734290781961999,4.028595083730092,28.636501749872455,77.23485808376458,0.0,0.5019281633935382,215.00714102596817,2.897975004894356,7.0
185800,-0.7018430716844895,0.8504844846752111,-9.692795657946604,0.0035001998194909255,0.006492429300664916,-0.012100874172801151,-28.489379479538574,-20.124920540289867,25.441582557562107,213.10842709073955,0.2734290781961999,4.028595083730092,28.636489624241356,77.23480992738405,0.0,0.0,216.61538997571577,3.1951955701098385,12.0
185900,-0.31713600659727065,0.44786446585663175,-9.834440121375717,0.0007232530577841369,0.01247618997030721,0.005980897810754216,-31.78616498418781,-20.45054736942361,29.95980523225377,213.10459436934147,0.2734290781961999,4.028595083730092,28.636513208993183,77.23481680139426,0.0,0.0,216.4042989584904,3.8703623961461755,10.0
186000,0.0063771048117171915,0.5719584330068505,-9.913987433176628,0.002461804434803103,0.008788826863962665,-0.011188446040564662,-25.510639499672163,-20.92405349816632,28.870039620029793,213.09685116360825,0.2734290781961999,4.028595083730092,28.636460306723382,77.23488750586813,0.0,0.0,210.0534152361721,3.838666086758499,6.0
186100,-0.06823712242060978,0.7903764469850474,-9.554676421558513,-0.0031909565751204764,-0.009657707009769055,0.003434312951076667,-26.25840321381234,-18.697933207630737,27.951966490057238,213.11069669650618,0.2734290781961999,4.028595083730092,28.63651245835733,77.2348144379315,0.0,0.0,213.10276923683944,0.9086548008498694,9.0
186200,-0.01793413308252529,0.06519427856235638,-9.617238850923718,0.008821315656044293,0.012404628134522906,0.0013611442780225625,-29.668503107739973,-18.91507517300576,27.31826543591867,213.13009162438706,0.2734290781961999,4.028595083730092,28.636481997004278,77.23480314125291,0.0,0.0,213.52797851186747,0.19154516004282307,9.0
186300,0.1382857629856934,0.9082291348209578,-9.948404794519927,0.008240004894192965,-0.02129792583314546,-0.004371240370190169,-32.30277373541074,-20.68535928737468,29.306069984322225,213.1257106878754,0.2734290781961999,4.028595083730092,28.636487406181672,77.23480485961373,0.0,0.0,214.43356590995714,5.284231441229276,8.0
186400,0.16226368063929036,0.7397654945056386,-9.866175330790012,-0.007088392665571275,-0.010134261011974677,-0.0044718436365252115,-30.893494880831028,-17.46267688133542,25.737211484188187,213.11871981612998,0.2734290781961999,4.028595083730092,28.63643541985292,77.2348715756082,0.0,0.36231181600024365,214.97824316664583,5.58305841004142,12.0
186500,0.05099725510004256,0.6326783617738864,-9.834222793961334,0.01257790935464257,0.0037055816827404513,0.011132783022229788,-27.412685340169066,-18.152166375536005,26.855700687422694,213.12160862669526,0.2734290781961999,4.028595083730092,28.636512055562022,77.23487552116316,0.0,0.4783552472919098,216.43554600651728,1.14711222440671,10.0
186600,-0.3799053857493084,0.8557341664441575,-9.22103301331494,0.0042407936537877475,0.00282039177536359,-0.015122932763837787,-31.792254443329615,-20.26709908076622,27.524501041920836,213.12043591902378,0.2734290781961999,4.028595083730092,28.636504440709285,77.23474854030339,0.0,0.37287790441769664,213.13094362281123,6.400425767898531,6.0
186700,0.36753414550684776,0.625454682644561,-10.083839371539167,-0.005066056551515077,-0.010437368228730537,0.009735021406332912,-31.632735921535456,-16.708848168739358,29.605224217142148,213.12405152858736,0.2734290781961999,4.028595083730092,28.63651317117282,77.23489500965366,0.0,0.0,213.98706370058508,1.8585951313084572,13.0
186800,0.32519162705013954,0.6289664218656912,-9.938458814454075,-0.00023025469621248268,0.004090309782068902,0.0122306862112645,-31.006469365095196,-19.42217538238857,29.67386071604633,213.13963554872151,0.2734290781961999,4.028595083730092,28.6365331441981,77.23483286760518,0.0,0.0,213.05741204854323,1.6423000615638863,9.0
186900,0.0014849716481017804,0.05268687116823856,-9.631764881973297,-0.0015284391478002021,0.011680794962106313,-0.013186088693994225,-27.80728324475816,-21.179079156698805,28.93354388176934,213.11837218652659,0.2734290781961999,4.028595083730092,28.63646899071746,77.23481036821427,0.0,0.41784753432034066,209.90805207280124,0.3641251449754268,11.0
187000,0.10025724186966523,0.620612795161879,-9.28868632156774,-0.0025694688482043376,0.0004590175447966617,0.013076746150866174,-27.276331308261263,-23.027063159478466,27.853653405131112,213.1110698519075,0.2734290781961999,4.028595083730092,28.636496973722487,77.23488469211271,0.0,0.0,215.324029681665,1.617843075997228,9.0
187100,-0.34330638778009587,0.7041670921816011,-10.14211425955714,-0.005979383422742099,0.010501436085612131,-0.009032347055560531,-26.52883904029242,-19.580939196377344,26.152514135444978,213.12679127993874,0.2734290781961999,4.028595083730092,28.636470881026735,77.23483106796016,0.0,0.0,209.6052631955869,0.5630830494509866,7.0
187200,0.367177637498112,0.43875210915289364,-9.541712590750612,0.007323364346922647,0.010786693068772734,0.014352776379792806,-30.47044084022386,-16.810870828258082,29.50845465199953,213.12073152844047,0.2734290781961999,4.028595083730092,28.6365262694904,77.23484595490676,0.0,0.0,215.3766882783533,3.974451028537202,7.0
187300,-0.13656865514181607,1.1788599525579577,-9.894219933991492,0.009271384201368572,0.012453010733829338,0.006993210524586046,-26.17004821163838,-18.014351138475156,25.797052485632975,213.11465229200954,0.2734290781961999,4.028595083730092,28.63649863049688,77.23482161776535,0.0,0.0,211.18759412783032,6.6594037453006205,12.0
187400,-0.39338333963903166,0.7697070367785763,-9.780840562994658,-0.014039918464751656,0.012317809361112026,0.005638566513904092,-32.94780675274182,-17.45432225091503,31.356936359083157,213.10867539421034,0.2734290781961999,4.028595083730092,28.636528974819534,77.23480762797395,0.0,0.0,213.0135268080963,3.2922235009101413,13.0
187500,0.27773626807789403,0.4146824671032723,-9.49530121181167,-0.002275194026745717,0.0014219523811911648,0.009843113392331657,-28.346396595963533,-17.38733507448404,28.49472752782214,213.10447256252004,0.2734290781961999,4.028595083730092,28.636465388615104,77.23481063005296,0.0,0.0,214.20307096482185,5.66909076929109,11.0
187600,-0.7758613450312255,0.7327208209066892,-9.385184308508103,-0.006345474489149396,-0.009719113516562426,-0.0036236149495949303,-27.206211396668987,-19.45255134673167,29.442899019873757,213.11364753118622,0.2734290781961999,4.028595083730092,28.636481292645463,77.23487603839251,0.0,0.0,212.97606339530313,3.5426975499446343,7.0
187700,0.11890563438755519,0.9168255951188369,-9.479589337924981,0.007089597287967644,-0.0009405048091773744,0.004918011552779189,-29.88665786184945,-17.526718755165724,28.819770495052012,213.1071744878916,0.2734290781961999,4.028595083730092,28.63645235500338,77.23481617907818,0.0,0.3005735892105032,217.37728456281675,2.229491781511385,9.0
187800,0.18503711588037525,0.6677081180359116,-9.443864650225033,-0.007500982375217247,0.015802821668856683,-0.00024184923968440116,-30.46543608810751,-21.413553225657644,28.481621329197484,213.11779796054006,0.2734290781961999,4.028595083730092,28.636489077605706,77.23482999052892,0.0,0.0,211.66830916383933,1.0106676061132895,12.0
187900,-0.3170444468406551,0.6501335384260089,-10.116568546496692,0.009151545379338023,0.014396461726360745,0.010115846191181199,-31.70759819441315,-19.317734400708826,27.943770205870106,213.102358530629,0.2734290781961999,4.028595083730092,28.636491455923224,77.23483872197852,0.0,0.5675287968783935,214.47847223484908,1.8554702599560464,11.0
188000,-0.21002635785184368,0.24807770825099962,-9.556161844810237,-0.0018696800608394536,0.0011084375951253681,0.017231269696457947,-28.232138064407245,-18.26257837781309,27.461818776406503,213.10618926968752,0.2734290781961999,4.028595083730092,28.636476510811136,77.2348697471909,0.0,0.0,215.25785780425525,3.7369670610714927,9.0
188100,-0.3609218612809273,1.0437678076124095,-10.221574896268704,0.0009198512681009956,0.006877515780137126,-0.013168590151713342,-31.03098991810653,-19.439867793905442,26.34550175344011,213.08987156790752,0.2734290781961999,4.028595083730092,28.636522398176268,77.23481748556692,0.0,0.0,210.21225107612156,2.7050800844724714,10.0
188200,0.3696990264162255,0.6396355397171967,-9.537849276471126,0.011672664338286638,0.014565320287339926,-0.007252797114764517,-32.23957066803826,-21.10464567904046,26.56569767097884,213.0896253366827,0.2734290781961999,4.028595083730092,28.636535059221824,77.23487187859618,0.0,0.0,213.55171850305848,3.564039219461136,6.0
188300,-0.3004471459877057,0.7058955470945871,-9.409883803147888,0.004216945775022828,0.012118378754461027,-0.0025526225399349727,-29.37672398120847,-22.56564623745089,26.92561333704173,213.08799403995005,0.2734290781961999,4.028595083730092,28.63646119199449,77.23480920289843,0.0,0.0,213.84724574013995,3.0958024667321027,9.0
188400,0.06932797731441454,0.9557145979576274,-9.579230286176772,0.011436107685631716,0.00866779240461182,-0.0032479636064573353,-28.128095574135074,-14.377888970217228,29.16487436541535,213.09225888377432,0.2734290781961999,4.028595083730092,28.63646898194479,77.2348228422265,0.0,0.4637519800885379,213.26415986534948,1.7871724066678836,11.0
188500,0.23741395234875848,1.298406662402166,-9.456867254031565,0.018536250883905075,0.01279049142312325,0.010003822456628859,-27.316240834496718,-21.457126977637515,28.432098975040752,213.0834917578806,0.2734290781961999,4.028595083730092,28.63647691890689,77.23484573662095,0.0,0.0,210.5681098405676,4.029000710200865,12.0
188600,1.3746098641031583,0.7819197733912032,-9.778727889024498,0.003547536023154268,0.003129679188123674,0.020343335303004362,-28.74374740150786,-17.21106250095806,30.73263788562048,213.08369748726628,0.2734290781961999,4.028595083730092,28.636476521894533,77.23492591529754,0.0,0.7421674028433674,210.32092597084872,5.393472787937842,8.0
188700,1.5238825108321095,0.9016429937122513,-10.020174754207481,-0.002021245485433713,0.0088239873699376,0.0002581278463927475,-30.618187194325237,-18.307218353679332,31.78909047509311,213.06066754023817,0.2734290781961999,4.028595083730092,28.63647632222872,77.23483636190724,0.0,0.0,212.6328428299043,1.7265877296526768,11.0
188800,0.33255457351241946,0.6052972711758339,-9.440375800211159,0.00915556436384338,0.012666884693950657,0.01272636190786104,-28.146676279763643,-20.58602820949706,26.092579816497583,213.05341482813697,0.2734290781961999,4.028595083730092,28.636475484168532,77.23485734793168,0.0,1.928511295552148,212.16799818336355,2.4170301380275148,8.0
188900,1.0425810893484144,0.8172240086559911,-9.659363989428993,0.010061310518414149,-0.012483440459929149,-0.00016001007248043174,-28.849077800923666,-18.86758698126395,28.341916782095918,213.0571147264867,0.2734290781961999,4.028595083730092,28.63649391965311,77.23481572173566,0.0,1.729223771325962,212.30342936748016,2.9826440306787334,7.0
189000,1.1111630245786865,0.858500622714238,-9.587698574798388,-0.003051528472516783,-0.004442004781943536,0.02025624632030156,-28.311993414447475,-18.782901910218076,32.18663547739938,213.06901383773112,0.2734290781961999,4.028595083730092,28.63643548826039,77.23481477909347,0.0,1.6992950992780138,212.4119277831199,4.128438114443057,13.0
189100,1.7677200113353093,0.8910863523953176,-10.07572811708201,-0.002756108425573195,0.009823819315513013,0.02126866120422092,-27.78341824663606,-21.351366256382487,30.09862036865696,213.06931311949148,0.2734290781961999,4.028595083730092,28.636475129670323,77.23480957064677,0.0,2.478421339802839,212.17274193240928,4.635530158262591,7.0
189200,1.7766743093631352,1.0866786901954273,-10.11975647545222,0.000557717483675009,0.0021326111462891153,0.0064883047145992915,-27.887323727323704,-21.31886357426334,32.16145119359124,213.05869219624358,0.2734290781961999,4.028595083730092,28.636483857903915,77.23480934930895,0.0,3.3257883923061624,214.2131955094462,4.550182016927169,7.0
189300,0.9264014983431184,0.7663440370568895,-9.535349738501756,-0.010696541094387432,-0.004161868709028074,-0.01107857650778189,-27.113786545850637,-18.36245542028574,28.603055295559297,213.06438204836726,0.2734290781961999,4.028595083730092,28.636529144733494,77.23479366682014,0.0,3.821876980946891,212.63329069984218,0.7058468904502897,6.0
189400,1.030985520292173,1.001833727161528,-9.737391442405247,0.025334671666794373,-0.01493563989018538,0.002171291358037373,-32.63420462502215,-16.432915235135706,27.770430015520414,213.05758902213455,0.2734290781961999,4.028595083730092,28.63646842289171,77.2348610778724,0.0,4.714239573958031,216.18692700840188,2.297583540399672,12.0
189500,1.7508508271095233,1.4821167292073163,-9.819172978796601,0.009341619234986807,0.005975532250633094,0.013560028727783266,-30.78475531956316,-20.698488397927765,30.687707339028986,213.0623536062658,0.2734290781961999,4.028595083730092,28.636492445926034,77.2348474096851,0.0,4.571305100999715,214.92698329074048,0.37679362154435925,12.0
189600,2.1791047209443666,0.6943215645697287,-9.31418012077068,0.0029886340788863154,0.0034109443339178386,-0.006895316166405537,-29.075228440643016,-17.973581381827742,27.80370686239819,213.07518802244093,0.2734290781961999,4.028595083730092,28.6364702599931,77.2348494743208,0.0,4.608016128883985,213.8371008245879,4.5616117606622355,11.0
189700,0.8843638493657926,0.8483187442092512,-9.708338767628405,0.01791979960630355,0.021513270841634034,-0.0005362257505979086,-25.661619097579965,-14.614909864822973,29.242349444732525,213.08062247843444,0.2734290781961999,4.028595083730092,28.636490578427896,77.23482738862417,0.0,5.04820206625881,210.75397148784384,0.7175508296816848,11.0
189800,1.1625447399629234,1.3207005368661533,-10.175016829220036,0.016372162971170376,0.02437548879731399,-0.0018605462323414276,-34.28135857765392,-22.763124127687448,30.60189969918256,213.06258991343384,0.2734290781961999,4.028595083730092,28.636440252679222,77.23480791236815,0.0,5.813847857871406,214.71877326927594,2.562120277053929,11.0
189900,0.9244225083455319,0.6581079506615852,-10.005130026174713,-0.013430506961053384,0.0070914802544362575,0.0084469845666079,-28.872725676974685,-18.87840403232878,29.354443888238176,213.06137938717598,0.2734290781961999,4.028595083730092,28.636474329398904,77.23476842642238,0.0,6.686593455811846,212.69352513739372,3.1923350271513278,6.0
190000,0.5916282916819595,0.7252753944092133,-10.18001759831853,-0.0025825348778844293,-0.0020420232932729203,0.015312900583938499,-30.519309075973286,-19.97033551514199,27.68873055581477,213.0731341017981,0.2734290781961999,4.028595083730092,28.636449513343365,77.23484501866082,0.0,7.338548048648464,211.82094285883306,1.8847212239985072,12.0
190100,1.314917791054711,1.0392256021307191,-10.020763020329815,0.001626306349462081,0.0015427559855387867,-0.004415745442906204,-30.2328950352833,-17.910994292186366,24.286788378096638,213.06334022212494,0.2734290781961999,4.028595083730092,28.636455991532525,77.234824821293,0.0,7.701954221438726,211.7868197973757,2.3154707740796754,7.0
190200,1.5365323217696694,1.043797656703961,-10.318840045098709,0.020425329411523377,-0.012813872206010383,0.010540602689942152,-29.461232659086768,-18.019320030120756,26.56715487448592,213.0738757384088,0.2734290781961999,4.028595083730092,28.63649969218379,77.23480186958268,0.0,7.373598785411934,211.55364566642007,3.52144926708404,12.0
190300,1.3850543314214845,1.5389556193720408,-9.785746410770518,-0.005789151877300363,0.004907806379123109,0.005624148545073068,-26.847047804171513,-21.33631196102246,30.07675310112952,213.07671349307097,0.2734290781961999,4.028595083730092,28.636473266710247,77.23482137828957,0.0,9.012122456670985,213.19028694818428,3.8461749599497503,10.0
190400,1.4599546255800282,1.2021553229530864,-9.26566847615025,0.017306123094774348,8.029042660813619e-05,-0.0011284932738877193,-31.304965115290095,-17.2300287587865,28.90285220482906,213.06962318270982,0.2734290781961999,4.028595083730092,28.636462545183015,77.23483497942522,0.0,9.286883066766562,211.54462189810573,3.0861211637323067,11.0
190500,1.357325993394517,1.121757800261076,-9.735992047020405,0.00522568510597088,0.007933486448230375,0.005457474221814237,-29.779656271523212,-19.065717846501627,29.714189315155604,213.08017883815566,0.2734290781961999,4.028595083730092,28.636522025771843,77.23480187199458,0.0,8.813659716549864,211.3992015617477,2.333171339669123,12.0
190600,1.4743976628203224,0.4968970602960344,-9.562278923129597,0.013214010365849176,0.0043563176084197765,0.0075663120414347215,-26.512939984394993,-19.357405394383708,31.552618819589387,213.07984045196787,0.2734290781961999,4.028595083730092,28.636497912353548,77.23479561748101,0.0,10.493668484304887,215.80496131087816,4.9788593406621455,10.0
190700,1.5004462667849063,0.6368474775015491,-9.693946258979405,-0.005172747740425357,0.01839616443648079,0.001442100410925912,-30.672652510733137,-19.78792033839134,31.648857529761536,213.08276780714795,0.2734290781961999,4.028595083730092,28.636476178983575,77.23481878570098,0.0,9.592770466965431,211.35458854605872,5.0654319568523505,11.0
190800,1.4671145818468732,1.0006669784386892,-10.208320835888198,-0.0037024795562366477,-0.022509386480333873,-0.0015926288457265149,-30.734972040935148,-18.053834175514254,29.41220025485406,213.08546766857205,0.2734290781961999,4.028595083730092,28.636459959110077,77.23479395795141,0.0,10.882963944718274,211.64880468953007,2.129250964159311,11.0
190900,1.0651933507778373,0.5939527820769724,-9.653225604282238,0.008225848185081461,0.0028673920303901148,-0.0009761876397174217,-28.38936489287056,-20.449048198067015,25.866979309780685,213.0848072055528,0.2734290781961999,4.028595083730092,28.636475516657384,77.2347708765832,0.0,11.608551344393895,215.84230913887225,2.859604958383482,10.0
191000,1.1034888686377013,0.5994169039432091,-10.021394832319931,0.0041612082439149095,0.004021722092043684,0.007828517632735139,-29.670249699679278,-20.321781222400933,28.754492392024897,213.0714814129124,0.2734290781961999,4.028595083730092,28.636444565831397,77.23482356557389,0.0,11.046480945755778,211.78589340968878,3.328663344083397,12.0
191100,0.9101690267202004,0.25773332223227596,-9.837447932328935,-0.00782980706632621,0.004572774760657873,0.01687462285241395,-31.67974897576482,-20.701618741423175,26.71697303415891,213.07326449436684,0.2734290781961999,4.028595083730092,28.63644496128279,77.23477642272174,0.0,12.721610882302441,214.36744329151932,0.1973664230361436,11.0
191200,1.4795690641937154,0.7391005356226635,-9.974796714433916,0.011870212673897786,-0.008112407369510282,-0.011864436066944463,-25.628627123640005,-19.544649396166953,30.647379713058715,213.0749637351044,0.2734290781961999,4.028595083730092,28.636408991216474,77.23485389683637,0.0,12.612998367650802,210.6894277364566,2.9391179770175038,12.0
191300,1.2923501257337893,1.2173397932172756,-10.019631110309293,-0.007210057752938073,0.023151740919687042,0.0033966933504215773,-30.24289143046003,-17.7856468004536,28.21930816348358,213.06915624453922,0.2734290781961999,4.028595083730092,28.636493396987728,77.23479409659507,0.0,12.670044119507477,213.3339319320167,2.4153198813736085,12.0
191400,1.5077557474810408,1.2355225584704261,-9.88184019625238,0.03050431463611539,-0.019768121941442743,-0.0030590348177556596,-29.98796412258347,-18.374941311473453,28.056308560187833,213.0681213613902,0.2734290781961999,4.028595083730092,28.636472195357356,77.23477406459132,0.0,13.054793453059734,215.3901227523224,0.061050613265134945,10.0
191500,1.5253423398792503,1.0092959097666234,-10.19323533208689,0.0066146441190041835,-0.0025360489139813654,0.02282429371981895,-28.89990618066635,-18.549292735507517,27.48125283176147,213.0540986962286,0.2734290781961999,4.028595083730092,28.63639725554286,77.23479652627978,0.0,13.769916410253067,214.41961952330064,4.729826039520183,13.0
191600,0.9721177117270663,0.960896911322218,-9.677101746838181,-0.00686734046127348,0.00020733234442356016,-0.008318463835962027,-26.372684736079805,-16.598835600832736,26.473692762986282,213.0546242162659,0.2734290781961999,4.028595083730092,28.636458447519644,77.23481454672671,0.0,14.020626574106586,215.11203940280217,4.9332890674357985,7.0
191700,1.321375031070941,0.9718364705329894,-9.025629030163845,0.010939795329857095,0.0009158429831053272,0.024371395560468693,-32.031138448774726,-20.50799143537757,29.98497581378197,213.07004010542545,0.2734290781961999,4.028595083730092,28.636427066511537,77.2348188811408,0.0,15.183576014087492,217.15667326485902,1.2068041236781069,6.0
191800,1.529519628159153,1.154863549832482,-9.728348602699556,0.022226187650716853,0.013891687184401768,-0.005209674884891629,-28.488019587491223,-16.26963037255508,27.545801782910278,213.08323909690642,0.2734290781961999,4.028595083730092,28.636430882698832,77.23481286773674,0.0,15.999348800215266,218.17392531499954,3.0513923850730866,7.0
191900,1.302545192081333,1.00003029816037,-10.33911634823847,0.014248697205876518,0.011210867154862084,-0.00017414061336865788,-27.871682764097745,-22.193327034892715,30.280964993691533,213.0870567522704,0.2734290781961999,4.028595083730092,28.636456687827735,77.23482967122514,0.0,15.593220598216309,214.31569350177784,1.2478555338491957,11.0
192000,1.1239081321850253,0.7957969940716709,-9.613277788786249,0.002157811540883833,0.01284951966189581,0.0007484800907885883,-29.099017686387047,-17.29610851414376,31.119327364934687,213.0857631469124,0.2734290781961999,4.028595083730092,28.63644817769525,77.23485264906876,0.0,16.786357837395375,212.10471860688057,3.9730769662969094,11.0
192100,1.0878007837063743,0.9497395643553733,-10.34903001203208,0.032697591554361013,0.013497838629903783,0.0015875048569581182,-28.53005411156129,-22.255153495484596,30.03912591090223,213.0778116540641,0.2734290781961999,4.028595083730092,28.636414269444362,77.2347685305356,0.0,16.692270111953533,215.83114114070037,3.549881221053661,12.0
192200,1.9506708574705272,1.1176827328256633,-9.932339277771584,-0.007368426296382125,0.010507617594779133,-0.002023466737311661,-29.68961632196827,-17.151987188527848,26.491741618759967,213.07319979663282,0.2734290781961999,4.028595083730092,28.63641915257934,77.23483352866938,0.0,16.617003227846467,215.0051644029653,5.323156201617827,8.0
192300,1.5805083708931922,1.2337153711360482,-8.892642110866339,0.0021822690738783393,-0.010238582960485236,0.003974765083142138,-28.752469672569887,-19.40766218668197,29.187905148360194,213.06969779246495,0.2734290781961999,4.028595083730092,28.636408803453538,77.23479535238198,0.0,18.342606623750125,214.87188641857816,5.459881804041767,7.0
192400,1.9111795875638502,1.0566699476007408,-9.689046878484357,0.014627621480945721,-0.0017228074791811633,0.0314024877857021,-31.318626766726954,-19.621730831409756,25.331577912354433,213.0620917209933,0.2734290781961999,4.028595083730092,28.63647113396447,77.2348252567853,0.0,18.738754531815914,217.0588436920646,2.0196164679676567,10.0
192500,1.7896063271342832,0.7895407931458848,-10.012711812465561,-0.00044342425533798035,0.0007884477109241055,0.016508069198639088,-26.3524422473547,-20.989422038155325,29.506964218957513,213.05011051830775,0.2734290781961999,4.028595083730092,28.636403204963905,77.23473994514406,0.0,17.943853880612867,209.4247646680431,3.3115279275877825,7.0
192600,0.874876544832307,0.5187763942879792,-9.979941157773629,0.008626843040833632,-0.0079509475675778,0.007878665081185952,-31.641062814624092,-19.868701774390743,28.756208474760275,213.05755668589157,0.2734290781961999,4.028595083730092,28.636404202091065,77.23472794837147,0.0,18.953878662619385,212.67063969988823,3.403506238202879,8.0
192700,1.830007295041588,1.074145582230903,-9.424661986388816,0.017343409095563388,0.004584003238812358,-0.013761918652973474,-31.751063779143784,-17.52740812087521,27.956480664637414,213.04479100579377,0.2734290781961999,4.028595083730092,28.636430309908,77.23480970212472,0.0,19.14857736735406,213.0709343263007,3.060798278078702,8.0
192800,1.6734630188901294,0.8805251999546931,-9.45491835501721,0.02295338160407032,0.0074720865724182,-0.0018359092574132493,-26.71937816205786,-20.05144204347082,27.371694663953512,213.0392167780842,0.2734290781961999,4.028595083730092,28.63640603499136,77.23476746063535,0.0,20.821827997752163,207.32852548104043,3.5352965781997456,6.0
192900,1.6433243940905005,0.9451764802462639,-9.064247209005785,0.0008761425298688856,0.012549506472588491,0.013235600343568592,-30.508058084827322,-16.908551401586063,31.880746531342133,213.0405070227481,0.2734290781961999,4.028595083730092,28.636442629323206,77.23474614829358,0.0,21.728504451866925,215.53825283633313,1.9649239607262903,8.0
193000,1.2627119086020886,0.9411365215024503,-9.668643805691774,0.008520376523846839,-0.010643423064351207,-0.008718652852445415,-32.61056635808759,-17.47444554961141,25.56876758813674,213.0416489179678,0.2734290781961999,4.028595083730092,28.636377347768192,77.23480669760107,0.0,21.750040930918978,214.91163941962475,1.242213551679431,11.0
193100,1.7635186625185568,0.8323911760300824,-9.745908928060617,0.012711140688850521,0.008079537453952014,0.009780616453154754,-28.050078467611637,-21.826640554141772,30.203592367725022,213.04044550752363,0.2734290781961999,4.028595083730092,28.636361226272193,77.23473971228418,0.0,21.166719367633345,216.61898404543626,2.7824442812669377,10.0
193200,1.7740644814950846,1.2371916612294551,-9.653148828832776,0.007372336162557657,0.008387880210325101,-0.01224001886510052,-30.84456996065833,-20.584119405220257,23.740285622772063,213.0427400530132,0.2734290781961999,4.028595083730092,28.636363068439934,77.23472546519284,0.0,22.465447544856385,211.3799698237448,3.565675339990289,6.0
193300,2.1243212983188458,1.0161318928665886,-9.945477681856907,-0.008553759808479274,0.02155071935824888,-0.00038265606056803354,-28.969537608267927,-16.85871769414709,30.85108240084306,213.03533075388097,0.2734290781961999,4.028595083730092,28.636323820166773,77.23478095320864,0.0,23.897494699511075,211.48473102979167,1.2446828229391347,13.0
193400,1.1730843536076119,1.082653585901484,-10.006996662420624,-0.012450986482845226,0.005135974988513167,0.020713468888274605,-29.713943648647287,-19.670204231689844,29.65198060968525,213.04641613664145,0.2734290781961999,4.028595083730092,28.636370079504623,77.23475579585237,0.0,24.354645529664005,213.32272113177203,1.5079691885292639,13.0
193500,1.93101557790998,0.41959792105024296,-9.782323281763736,-0.003606336870305117,0.005354956088250898,-0.00555707629742072,-29.186385095794943,-19.861959020304866,26.631833887738345,213.04139612008464,0.2734290781961999,4.028595083730092,28.636330865821776,77.23476440669806,0.0,24.835643947563263,217.06327119815404,2.8323145131874123,6.0
193600,1.6247686571719202,0.9436228780688093,-9.57601658780674,-0.009242120704523623,-0.021101788988531586,0.005208078136686007,-28.307257369180064,-19.711964631179914,22.485177084728967,213.05755030627694,0.2734290781961999,4.028595083730092,28.636387894001654,77.23470057526724,0.0,24.978840424583172,214.35122466831135,3.6521091708027047,13.0
193700,1.415935169376482,0.6512566118495949,-9.436259450333965,0.01870129596180531,0.008656760761296775,-0.013840909110256486,-26.44678143084123,-17.472631736878196,30.915963296989744,213.06926664788642,0.2734290781961999,4.028595083730092,28.636360374169502,77.23473831171458,0.0,26.006568374150962,214.09011609232962,4.445061792314959,8.0
193800,1.738544843895399,1.3904236626391957,-9.643602044988134,-0.008412207088234043,-0.0019585267282614827,-0.0015739150995364025,-28.374951095052957,-22.158032157995592,29.62038612620916,213.06063979383256,0.2734290781961999,4.028595083730092,28.63629967528398,77.23475219315753,0.0,27.030386371486333,211.09474817314089,0.6214633272215107,9.0
193900,1.306766952496045,0.7608475735460334,-9.762547784287555,-0.0018291955574831972,-0.007089907527910535,0.005199752279831076,-31.28212825785575,-18.56940225393082,28.923932816864813,213.0726373735982,0.2734290781961999,4.028595083730092,28.63630102352703,77.23470530783332,0.0,27.20628040767004,212.12415194461596,4.264691693950256,7.0
194000,1.3562577860679095,1.2686803276981462,-9.639583642884022,0.005627832529813558,-0.0003629979605402848,0.008286892499039617,-31.187745046410257,-18.170753130792146,30.116610760932936,213.06212592274179,0.2734290781961999,4.028595083730092,28.63628035638172,77.23469626915914,0.0,26.816062398673388,214.93330706447938,1.5084875411241945,6.0
194100,1.479264781387979,0.9971925632668613,-9.901085819379189,0.0076965229824655715,0.020744071009291994,-0.008564770213122476,-28.85373929941896,-19.918076957105853,26.736381131549717,213.06456023437676,0.2734290781961999,4.028595083730092,28.636333598870074,77.23473303163715,0.0,29.017783104869217,211.6153396975899,3.7059629420377886,10.0
194200,1.6613179248163663,0.6353178634725016,-8.960204959399414,-0.00041660954038220607,0.02073716399628376,-0.0002570677552538418,-30.28025217568084,-20.415981332414084,28.933354981820287,213.07025237610355,0.2734290781961999,4.028595083730092,28.63634351837515,77.23472472353254,0.0,28.385403132776474,216.40842250758746,4.271478811583945,7.0
194300,1.7870090565412167,1.457958782786279,-9.73285043850268,0.0024412335531931425,-0.0275123873457818,0.0062401333959199974,-30.243461468765663,-19.408382679207087,31.358877693061466,213.07544761848106,0.2734290781961999,4.028595083730092,28.636327779917874,77.23467815043148,0.0,28.584041489387285,214.5572662479265,4.982025208632209,12.0
194400,1.3156426160774957,0.7520071148403435,-9.509237361009365,-0.003099506261550258,-0.008954343641278069,0.0007897840099403197,-30.078187708121305,-23.07896180183601,30.2807167180557,213.075365389054,0.2734290781961999,4.028595083730092,28.636315012306984,77.2347186215726,0.0,30.247773618884036,212.41885839942114,3.0241586469094632,7.0
194500,1.0478508371064,0.7223662777493022,-9.244660809350085,-0.020089254027575883,0.0029693604660744766,0.018881411430558135,-31.967996502493644,-16.78229824570991,23.577878716442672,213.06898036646086,0.2734290781961999,4.028595083730092,28.63632340558307,77.23472544575137,0.0,29.89567539170869,212.89194332915585,2.4688759473381165,8.0
194600,0.9077457383892827,0.590272514017371,-9.639437612311367,0.023828694886170496,0.015245728988279271,0.005026398777350816,-30.85866845057502,-20.149049027246537,30.802318666441966,213.08438747919027,0.2734290781961999,4.028595083730092,28.636287850652472,77.23475795732821,0.0,30.56067182878226,215.36380531631167,5.5041705601777515,8.0
194700,1.4837740739423948,0.8536083420434406,-9.761994001980524,0.014750946750285796,-0.007882732152473843,0.009914614090997514,-28.592381176325926,-19.67826510407668,27.90741173942,213.0927824907883,0.2734290781961999,4.028595083730092,28.636264550079137,77.23473995857564,0.0,31.085532717243428,213.42871592721235,2.825142513579874,9.0
194800,1.6136807549996082,1.1727774067583427,-9.423454291489463,0.011653007896724238,0.0037232744407823728,-0.005704217461665494,-29.890296241192456,-19.409172590789062,30.494065275079507,213.09557666617562,0.2734290781961999,4.028595083730092,28.636310553118854,77.23467023565537,0.0,31.026364296163266,214.79430310589896,2.7555413329147282,7.0
194900,0.7343624465938456,0.5692505176432908,-9.725614406145725,0.011617953420965492,0.012085778824124465,-0.0037487410465965936,-31.369603639944813,-18.756927137931598,26.37944920335684,213.0910081621108,0.2734290781961999,4.028595083730092,28.636262220079644,77.2346498817831,0.0,32.59188307285544,213.38207827852722,3.2921733655281,10.0
195000,1.5732510302201195,1.2119679452468022,-9.665265748918236,-0.0031698955330588764,0.0022971492427040227,0.01889791602942042,-27.458244972752254,-19.64481004323751,27.665365697964464,213.09815634911635,0.2734290781961999,4.028595083730092,28.63630388024512,77.23466594439398,0.0,32.52076608345171,215.31288265082466,2.7606482345670527,6.0
195100,1.844796119193083,0.3430415841213117,-9.640052683355066,0.008767998366900575,0.014879821270021795,0.008117181687158687,-29.57320697390425,-24.187476791055445,29.29409022105302,213.10160879087417,0.2734290781961999,4.028595083730092,28.636216403338743,77.23466279906262,0.0,33.37507415355618,214.90604253054119,1.3018491704443487,7.0
195200,0.9397684633332407,0.6807958023174064,-9.720259631895221,-0.00368600125115033,0.0014319197535850301,-0.007359169682138955,-30.14936125762543,-19.801262948618415,28.42126708434125,213.1113159611519,0.2734290781961999,4.028595083730092,28.636217083282173,77.23471357468247,0.0,34.059764569452675,213.70341942218522,2.0697402519667545,13.0
195300,0.8823219500268318,0.7211185958718691,-9.193019153956124,0.01179024880911739,-0.0118739386631763,-0.002717739898096431,-28.09723940869699,-19.605819230154918,26.257027616315405,213.1111018439679,0.2734290781961999,4.028595083730092,28.636251302280222,77.23467013695861,0.0,34.041024527745186,213.776053488151,2.5794061802905133,9.0
195400,1.4596229710209596,1.2951642480955616,-9.942448880979372,0.009469965380983346,0.008760313717374967,-0.0025827537054512874,-27.704529816801127,-19.28859037342097,26.680557432277553,213.11059077184072,0.2734290781961999,4.028595083730092,28.63620188771967,77.23465596403959,0.0,35.167558456121625,211.15591245830953,2.8872747828172836,6.0
195500,2.009360979320016,0.9050754517029469,-10.403807203447002,0.004490535690588427,0.007303843472130714,-0.007492724335659351,-28.146832576729075,-20.45783171538457,28.72227766439869,213.10379693933163,0.2734290781961999,4.028595083730092,28.63623484711455,77.23463734665653,0.0,35.79360549372406,211.8472071094466,3.2201058564364646,6.0
195600,0.9783124051468359,0.9970164666104212,-9.882453867471565,-0.002120183449141398,0.01344699867810949,-0.022100597652856237,-29.877759715797374,-24.668734215684125,33.57545305014149,213.09686349151175,0.2734290781961999,4.028595083730092,28.63620478054468,77.23463542731788,0.0,35.24518952735861,214.00559597914778,4.570350832632759,8.0
195700,1.7805996990596378,0.8188931519187878,-9.603255118765324,-0.004413481611735622,-0.018130514945486433,0.018055016180212893,-29.256714441503473,-20.933200329080364,27.056577144004304,213.0806317668676,0.2734290781961999,4.028595083730092,28.636201672908545,77.23461377952542,0.0,35.33510073012002,212.90781737884993,3.7483807735821837,7.0
195800,1.3364437271252696,1.4461164593053066,-9.767812523293667,0.0011437891552961766,-0.0035322886706681865,0.005052121172338395,-30.14478511077234,-18.410058059971,28.88753377669913,213.09461931186797,0.2734290781961999,4.028595083730092,28.636244998723875,77.2346568923749,0.0,37.20780145902406,214.27639746678588,1.5468249985093299,8.0
195900,0.9305506117867755,0.7587427602956376,-9.899227754923231,-0.016065679459354686,0.018792812364453033,0.0141638934744086,-28.96092799513564,-17.326487210572644,32.044989876982825,213.08667067190532,0.2734290781961999,4.028595083730092,28.636220501641226,77.23463148754732,0.0,36.56751533316399,215.18826233955087,0.606538709392578,6.0
196000,1.1325288891627556,0.818632235153711,-9.47666655228781,0.012406367734004638,0.007584656068277588,-0.005736915120714731,-29.277067436870766,-18.913752950125,28.21536451432466,213.0694446241523,0.2734290781961999,4.028595083730092,28.63618502161993,77.23461771680182,0.0,36.98819405027355,212.08071589641432,2.0742783252173784,6.0
196100,2.152352221045744,0.614271067378124,-9.708665446908853,-0.02635127550165834,0.0022866562122459385,-0.0001411086724200976,-29.58352470869359,-18.84373527226409,25.94209462407642,213.06839805062666,0.2734290781961999,4.028595083730092,28.636148297446216,77.23464807420319,0.0,37.84186793135272,214.17985982852827,0.8622810034849149,6.0
196200,2.0864002589437205,0.9695353413596611,-9.770828569525158,-0.0032247713196598563,0.013120021791141783,0.009953421537921342,-30.58936028916923,-19.766179625994916,28.655188438780577,213.07003806345932,0.2734290781961999,4.028595083730092,28.636147407245208,77.23463278833998,0.0,38.62820019079022,210.3112250050461,1.9415088204676278,9.0
196300,1.1515378980563555,0.812746966699349,-10.21214031624939,-0.00993831455682367,0.002060193972154293,0.008653748392631973,-27.86300343720127,-16.507082059843697,24.52547532431008,213.0683383633426,0.2734290781961999,4.028595083730092,28.63617725401171,77.23463356611246,0.0,38.488314915181434,214.3169303082165,0.640806249942873,10.0
196400,1.189301486652714,0.3199330609202188,-9.585407850298838,-0.0055405881479556095,-0.005677201478638433,-0.0038165286645431467,-28.087486200176105,-18.050572489334243,27.21619478471839,213.0603541811241,0.2734290781961999,4.028595083730092,28.636150450535492,77.23459972354975,0.0,39.72699142553368,213.13885640397345,3.916140387791517,6.0
196500,1.6201420587144242,0.9742042006306327,-9.43912615225916,-0.007416183726956825,-0.006611102142022454,-0.0013682230765903057,-27.472729890476856,-21.005008140241888,25.909909202658632,213.06427578514115,0.2734290781961999,4.028595083730092,28.63617541926159,77.2345701166105,0.0,40.23179464092479,210.23549270970065,2.311103625981696,12.0
196600,0.9965578340267538,0.8621576102721941,-9.427275293175468,-0.003267583748330389,0.011480890734170206,-0.0007810597255412703,-29.74702562952856,-16.346160436875905,29.028564117781322,213.0661801383217,0.2734290781961999,4.028595083730092,28.636157317235458,77.2345514424003,0.0,41.710815052878495,212.4341902999481,3.277985119363315,6.0
196700,1.9099739895868841,0.7575183321967126,-9.683176976665257,0.010212830407954242,0.0020909727626288433,-0.005560823059658572,-31.676506510480948,-19.908005019754516,28.197037051747326,213.06231832911564,0.2734290781961999,4.028595083730092,28.636090053918306,77.23457995038117,0.0,41.52186921819935,214.76652614871975,1.8356000556246714,6.0
196800,1.498109476093184,0.6493139984120647,-9.521867557337277,-0.0019999460144346313,3.758892420562335e-07,0.000522387327758996,-29.35166524786683,-18.16796835544744,27.460080437987614,213.05606233645344,0.2734290781961999,4.028595083730092,28.63608551346137,77.23455777778126,0.0,42.42981622890782,213.43954515728274,4.174064916344586,13.0
196900,1.2562758361018214,0.8971518061457712,-9.264032212583324,0.005820778954651129,0.0019247335109579553,-0.001083583456937969,-27.21116159542868,-17.450820764190958,28.499286011068538,213.0473332589123,0.2734290781961999,4.028595083730092,28.636164249954476,77.23456449862026,0.0,42.76435903683842,211.62869413471577,3.822752928930105,9.0
197000,1.4934086806635263,0.505226444164278,-9.476074689884584,-0.007435165565537079,0.0009932688089427672,0.004897385886243414,-30.411246982815097,-19.73768118262625,23.578349222738304,213.05043373730274,0.2734290781961999,4.028595083730092,28.63610797581788,77.23460071731746,0.0,43.03434991749642,212.56585031306037,3.6101890106034045,13.0
197100,1.6487486777874056,0.6599548844705463,-10.011576080027613,0.004216706721075253,0.002013740676396325,-0.005334311846020236,-30.445991217189267,-16.820949444411834,30.84221646911619,213.0563640015107,0.2734290781961999,4.028595083730092,28.63611180994978,77.2346090131893,0.0,43.371248478468004,208.4214152510998,1.6643937884071052,6.0
197200,0.9399483182554409,0.6466711270759852,-9.954982037392499,0.03220574165862624,0.015185618136220661,0.008203610826641113,-30.374137805400977,-18.712707945114683,30.287398146886446,213.05438425764822,0.2734290781961999,4.028595083730092,28.636046824430817,77.23459502416667,0.0,44.20019780091104,210.46439607171197,2.85670757729415,6.0
197300,1.6792891551191844,0.6368365000357273,-9.46751130019153,0.011874845744830519,0.01035335123961481,0.024397597867568635,-33.36132916859757,-18.30779864887868,27.073890885071624,213.04473442853853,0.2734290781961999,4.028595083730092,28.636075517414373,77.23456090128364,0.0,44.47697093593375,213.35291834395198,3.6604829604400178,11.0
197400,1.9050575201648425,0.7729169039835322,-10.272689428702666,-0.0042438917118075925,-0.002001595150098936,0.011439005412173775,-31.984154015884855,-20.072653488832827,30.780894015259204,213.0331194981334,0.2734290781961999,4.028595083730092,28.63611222376425,77.23447845682756,0.0,45.14909210490484,213.8708648609501,2.54847766306896,12.0
197500,1.4562582075086692,0.929215008411508,-9.807118365641477,0.0036312148837765595,0.004314398358222898,-0.008786163490077771,-30.784291364792164,-22.788097080034305,26.601557322749585,213.0290850773407,0.2734290781961999,4.028595083730092,28.636092400646135,77.23451873646412,0.0,45.02887103905742,212.86630336290094,2.6965937857443767,8.0
197600,1.2286252504207589,1.187540316109474,-9.4848165639301,0.01360397568503197,-0.0004998263036255102,0.013909885700405682,-30.85007401110111,-22.486805437705108,25.35580129279224,213.02638273551406,0.2734290781961999,4.028595083730092,28.636061443978587,77.23451190259425,0.0,46.0944884353677,214.21631854230705,7.156661177979196,6.0
197700,0.33643716360689,1.0885817402163744,-9.937452819423743,-0.0020008136426539584,0.0018350724254168906,0.007427419268848679,-28.413986147793704,-22.219467111744255,29.466287451496278,213.0377301485227,0.2734290781961999,4.028595083730092,28.6360121228891,77.23445747510418,0.0,46.71669316196707,214.96262107899733,2.427316881520423,13.0
197800,-0.4252657381767369,0.17260188774060242,-9.671878808224628,0.014000873315229409,0.00543401931677899,0.001406233703301314,-32.688671830782404,-19.931364422628842,26.288536229809445,213.02241625293595,0.2734290781961999,4.028595083730092,28.636072738391974,77.23451860361426,0.0,47.728373243008534,215.0260164635129,3.048720070450721,10.0
197900,-0.09873807122959669,1.130412882950003,-9.887509919639227,-0.0026897983492474515,0.003043294032461872,-0.0009266132697852429,-30.42592615804857,-22.271991421547003,30.31300721749819,213.02352643565834,0.2734290781961999,4.028595083730092,28.636040260331303,77.23454554932924,0.0,46.49779427533171,214.08835844172842,3.511356268229002,6.0
198000,-0.19912066300346945,0.30638961834915385,-10.019006674936977,0.009316996073609108,-0.009579298258559597,-0.008660094756185802,-30.21745736044148,-21.364943022177243,25.816863025338524,213.03994165291328,0.2734290781961999,4.028595083730092,28.63599983776955,77.23454893496728,0.0,46.76839544330006,212.09767058708874,3.266117159938832,8.0
198100,0.27972368469810727,0.6527253923837879,-9.420794168751737,-0.003220548663531531,-0.002375240367206012,-0.006692269340340944,-27.214632702334097,-19.822429266746326,29.741436812058385,213.05604576667443,0.2734290781961999,4.028595083730092,28.636032584754414,77.234508645749,0.0,45.89849693351244,210.65345155421184,1.2813343369246706,12.0
198200,-0.03416047217863143,0.8510644718249324,-9.97130496338206,-0.02396559244613765,-0.007790242282758508,0.009278234613842919,-29.102196247283416,-17.462247637496528,28.16309911652373,213.05114939925141,0.2734290781961999,4.028595083730092,28.636012702244926,77.23438962479652,0.0,46.356639121519564,212.29185981464195,5.397676649381206,11.0
198300,-0.2001340637238893,0.6726443685709904,-9.49754516813199,0.004853386821180416,0.012294899808982023,0.004742533105057931,-30.27901341378767,-20.781911267695627,29.266688695372668,213.03867335013166,0.2734290781961999,4.028595083730092,28.635999637512096,77.2344665829832,0.0,46.712564948929376,210.79387707374755,2.030652818361207,6.0
198400,0.03140545258652529,0.9992200132303111,-9.252829670052853,0.00012346760482810724,-0.00866150416328883,-0.008060311858175167,-25.443541319025186,-17.16476277996606,28.17910000708626,213.0290493399473,0.2734290781961999,4.028595083730092,28.635956468209784,77.23445530001369,0.0,45.84516651507891,212.80243242523395,1.0886067646023356,11.0
198500,-0.14339281670632698,0.4847233373387085,-9.722715080279931,-0.005624550521780388,-0.004490062309030036,-0.008247877554751313,-27.943249224763456,-21.194239014015864,30.266739031424525,213.02920341234724,0.2734290781961999,4.028595083730092,28.63596193600797,77.23440070051963,0.0,46.377163543190434,214.8028790280459,4.318615789247295,9.0
198600,0.7110601018826933,0.8822798714223882,-9.406381648525523,-0.003567713119498624,-0.003289081983700878,0.005891047007753891,-28.955393232130263,-17.855898844081356,27.43645563260217,213.04631669048018,0.2734290781961999,4.028595083730092,28.63595350530789,77.23444037260529,0.0,46.37227323474117,210.8664730015997,2.544867388643369,12.0
198700,-0.09113937162597628,0.6781862362380886,-9.430406554459076,0.005445849909371667,0.0023946858661797457,0.005072806453266076,-25.42106165879342,-18.22422342472626,27.599327253487143,213.04546073794424,0.2734290781961999,4.028595083730092,28.635975386627802,77.23442750856191,0.0,46.90764878641773,212.01607463261644,4.574378910407431,12.0
198800,-0.34640161126217245,0.9790158402693292,-9.458274822217334,-0.005008970295411902,0.005893314948698957,-0.003957704228532967,-27.70214042643334,-16.379928561363425,33.01096701465547,213.04425102114482,0.2734290781961999,4.028595083730092,28.63593908729784,77.2344630247625,0.0,46.502956346579474,211.60479224183428,1.1171937260502651,9.0
198900,0.26686591702720996,0.4404142533997679,-9.60174507463848,-0.0144930422163875,-0.011528259783164928,0.007554297614039215,-30.711643258175947,-18.94376236877154,28.928594441660284,213.04589506085668,0.2734290781961999,4.028595083730092,28.63591306283289,77.23444223278518,0.0,45.865911555014556,211.55744846518363,3.8394430221837745,8.0
199000,-0.1723026944286666,0.6756386383886,-9.620971946614882,0.0075057008802341466,-0.010530766114895226,-0.010666050155372154,-25.979406927006234,-19.337668237596297,28.222228486513075,213.04079212321352,0.2734290781961999,4.028595083730092,28.635924070160787,77.23443414147906,0.0,45.601278502937674,214.74436383928722,4.121976260893623,8.0
199100,-0.28925865643638715,0.7567186533797423,-9.64234873500808,0.0021422625489151193,0.004454984630981678,-0.007938257304499421,-29.470751803145212,-19.21538010243655,24.555783547722196,213.04751648576652,0.2734290781961999,4.028595083730092,28.63590907161451,77.23438104698496,0.0,46.724558802124776,212.33742282188786,3.1746391028087504,12.0
199200,0.09531142910966409,0.35257057406703474,-9.782573909283682,0.004794888053388021,0.009272098834339203,-0.0017257745257222346,-32.67058377620888,-20.375314241652724,28.860950116021876,213.05760290299645,0.2734290781961999,4.028595083730092,28.635889484416435,77.2343975232229,0.0,46.78923623181952,212.6865854390468,4.012517575729638,11.0
199300,-0.6792431925850839,-0.0038596190146045206,-9.91658024241086,0.0031845714250734857,0.0030349675192364147,0.003753250431052127,-30.765855398750414,-19.460619848041397,24.94891331349974,213.0460277003495,0.2734290781961999,4.028595083730092,28.635937330376557,77.23438657882838,0.0,46.40378864770356,208.44683436965803,3.9755697175094107,6.0
199400,0.243556748181367,0.17349113972129665,-9.799406752100513,0.018616170525194865,-0.006825753573044932,-0.020794030929339558,-30.91302732021962,-21.431766591438887,26.244473307894594,213.0382256365125,0.2734290781961999,4.028595083730092,28.635899973592835,77.23436674773157,0.0,46.36746298588459,214.15611043710115,1.8811856172436539,11.0
199500,0.13695459965983386,1.0386908514319828,-9.34519986284667,0.0071837060530181625,0.010929126096713234,0.011190584810836615,-27.184177612611435,-18.62411995628919,29.930684089870052,213.0380004482972,0.2734290781961999,4.028595083730092,28.635857078608133,77.23436986807891,0.0,45.93592222243954,210.57318612511452,2.9420492734041384,6.0
199600,-0.21356256404296567,0.3797412930687443,-9.784814419916467,-0.004757283594268341,-0.021590645131078823,-0.011684867320472825,-32.31019475232228,-19.428486643203165,28.22128595749439,213.0370316833413,0.2734290781961999,4.028595083730092,28.63588572605182,77.23438916550955,0.0,46.21569665524156,213.7750002854075,4.844972120513438,9.0
199700,-0.1007224831369588,0.8923339621409279,-9.720102493286332,0.007494054774362102,0.021543650950332036,-0.0049835439062153606,-29.911177606235274,-17.602599698280034,26.37441490604068,213.04156931652864,0.2734290781961999,4.028595083730092,28.63585265476407,77.23434381804675,0.0,46.99451449949474,211.96133642552894,5.831184377702735,11.0
199800,0.13901564772139624,0.38276566144122315,-8.696829943451604,-0.001400869744177748,0.012389349195372035,-0.0006804946567740774,-33.05924743851147,-19.031831670576743,28.69177141258428,213.03106125942253,0.2734290781961999,4.028595083730092,28.635818064532934,77.23432507599095,0.0,47.25972885894148,212.14286682549454,5.716789865032661,6.0
199900,-0.2803673697504675,0.22219830686527892,-10.12101571641673,0.005702047452063012,-0.00201134749575191,-0.0035923823290630484,-26.706760470825593,-18.857214690274617,32.30033041802334,213.03624616658902,0.2734290781961999,4.028595083730092,28.635814341588684,77.23435314690612,0.0,46.452832298042026,210.71641285744403,3.266972630224402,9.0
